source,key,value
data/verify_tidy3d/score_e1_tidy3d.json,objective,0.11791493302059343
data/verify_tidy3d/score_e1_tidy3d.json,lam_nm[0],420
data/verify_tidy3d/score_e1_tidy3d.json,lam_nm[1],450
data/verify_tidy3d/score_e1_tidy3d.json,lam_nm[2],470
data/verify_tidy3d/score_e1_tidy3d.json,lam_nm[3],510
data/verify_tidy3d/score_e1_tidy3d.json,lam_nm[4],540
data/verify_tidy3d/score_e1_tidy3d.json,lam_nm[5],570
data/verify_tidy3d/score_e1_tidy3d.json,lam_nm[6],600
data/verify_tidy3d/score_e1_tidy3d.json,lam_nm[7],635
data/verify_tidy3d/score_e1_tidy3d.json,lam_nm[8],670
data/verify_tidy3d/score_e1_tidy3d.json,pols[0],x
data/verify_tidy3d/score_e1_tidy3d.json,pols[1],y
data/verify_tidy3d/score_e1_tidy3d.json,S[0][0],0.1198281869956352
data/verify_tidy3d/score_e1_tidy3d.json,S[0][1],0.1198281869956352
data/verify_tidy3d/score_e1_tidy3d.json,S[1][0],0.11652085999667224
data/verify_tidy3d/score_e1_tidy3d.json,S[1][1],0.11652085999667222
data/verify_tidy3d/score_e1_tidy3d.json,S[2][0],0.11704879349693659
data/verify_tidy3d/score_e1_tidy3d.json,S[2][1],0.11704879349693659
data/verify_tidy3d/score_e1_tidy3d.json,S[3][0],0.11847366722318169
data/verify_tidy3d/score_e1_tidy3d.json,S[3][1],0.11847366722318167
data/verify_tidy3d/score_e1_tidy3d.json,S[4][0],0.11792864400967899
data/verify_tidy3d/score_e1_tidy3d.json,S[4][1],0.11792864400967898
data/verify_tidy3d/score_e1_tidy3d.json,S[5][0],0.11791666177832395
data/verify_tidy3d/score_e1_tidy3d.json,S[5][1],0.11791666177832398
data/verify_tidy3d/score_e1_tidy3d.json,S[6][0],0.11735354972977423
data/verify_tidy3d/score_e1_tidy3d.json,S[6][1],0.1173535497297742
data/verify_tidy3d/score_e1_tidy3d.json,S[7][0],0.11874967703774433
data/verify_tidy3d/score_e1_tidy3d.json,S[7][1],0.1187496770377443
data/verify_tidy3d/score_e1_tidy3d.json,S[8][0],0.11770498167945811
data/verify_tidy3d/score_e1_tidy3d.json,S[8][1],0.11770498167945811
data/verify_tidy3d/score_e1_tidy3d.json,S_unpolarized[0],0.1198281869956352
data/verify_tidy3d/score_e1_tidy3d.json,S_unpolarized[1],0.11652085999667222
data/verify_tidy3d/score_e1_tidy3d.json,S_unpolarized[2],0.11704879349693659
data/verify_tidy3d/score_e1_tidy3d.json,S_unpolarized[3],0.11847366722318167
data/verify_tidy3d/score_e1_tidy3d.json,S_unpolarized[4],0.11792864400967898
data/verify_tidy3d/score_e1_tidy3d.json,S_unpolarized[5],0.11791666177832397
data/verify_tidy3d/score_e1_tidy3d.json,S_unpolarized[6],0.11735354972977421
data/verify_tidy3d/score_e1_tidy3d.json,S_unpolarized[7],0.11874967703774432
data/verify_tidy3d/score_e1_tidy3d.json,S_unpolarized[8],0.11770498167945811
data/verify_tidy3d/score_e1_tidy3d.json,transmission[0][0],0.6615184410042406
data/verify_tidy3d/score_e1_tidy3d.json,transmission[0][1],0.6615184410042406
data/verify_tidy3d/score_e1_tidy3d.json,transmission[1][0],0.7108852366600616
data/verify_tidy3d/score_e1_tidy3d.json,transmission[1][1],0.7108852366600618
data/verify_tidy3d/score_e1_tidy3d.json,transmission[2][0],0.7237075068716442
data/verify_tidy3d/score_e1_tidy3d.json,transmission[2][1],0.7237075068716442
data/verify_tidy3d/score_e1_tidy3d.json,transmission[3][0],0.7642367041878515
data/verify_tidy3d/score_e1_tidy3d.json,transmission[3][1],0.7642367041878515
data/verify_tidy3d/score_e1_tidy3d.json,transmission[4][0],0.7907343799773672
data/verify_tidy3d/score_e1_tidy3d.json,transmission[4][1],0.7907343799773671
data/verify_tidy3d/score_e1_tidy3d.json,transmission[5][0],0.7966783351190558
data/verify_tidy3d/score_e1_tidy3d.json,transmission[5][1],0.7966783351190557
data/verify_tidy3d/score_e1_tidy3d.json,transmission[6][0],0.8045322663523207
data/verify_tidy3d/score_e1_tidy3d.json,transmission[6][1],0.8045322663523207
data/verify_tidy3d/score_e1_tidy3d.json,transmission[7][0],0.8186673543902889
data/verify_tidy3d/score_e1_tidy3d.json,transmission[7][1],0.8186673543902889
data/verify_tidy3d/score_e1_tidy3d.json,transmission[8][0],0.8189602008152015
data/verify_tidy3d/score_e1_tidy3d.json,transmission[8][1],0.8189602008152015
data/verify_tidy3d/score_e1_tidy3d.json,strehl[0][0],0.18114111348691345
data/verify_tidy3d/score_e1_tidy3d.json,strehl[0][1],0.18114111348691345
data/verify_tidy3d/score_e1_tidy3d.json,strehl[1][0],0.16390952292682281
data/verify_tidy3d/score_e1_tidy3d.json,strehl[1][1],0.16390952292682276
data/verify_tidy3d/score_e1_tidy3d.json,strehl[2][0],0.1617349445536375
data/verify_tidy3d/score_e1_tidy3d.json,strehl[2][1],0.1617349445536375
data/verify_tidy3d/score_e1_tidy3d.json,strehl[3][0],0.1550222157271061
data/verify_tidy3d/score_e1_tidy3d.json,strehl[3][1],0.1550222157271061
data/verify_tidy3d/score_e1_tidy3d.json,strehl[4][0],0.1491381265261976
data/verify_tidy3d/score_e1_tidy3d.json,strehl[4][1],0.1491381265261976
data/verify_tidy3d/score_e1_tidy3d.json,strehl[5][0],0.14801037831749556
data/verify_tidy3d/score_e1_tidy3d.json,strehl[5][1],0.1480103783174956
data/verify_tidy3d/score_e1_tidy3d.json,strehl[6][0],0.1458655601991515
data/verify_tidy3d/score_e1_tidy3d.json,strehl[6][1],0.14586556019915148
data/verify_tidy3d/score_e1_tidy3d.json,strehl[7][0],0.14505241524646406
data/verify_tidy3d/score_e1_tidy3d.json,strehl[7][1],0.145052415246464
data/verify_tidy3d/score_e1_tidy3d.json,strehl[8][0],0.14372491063948328
data/verify_tidy3d/score_e1_tidy3d.json,strehl[8][1],0.14372491063948328
data/verify_tidy3d/score_e1_tidy3d.json,focusing_efficiency[0][0],0.10580768265855556
data/verify_tidy3d/score_e1_tidy3d.json,focusing_efficiency[0][1],0.10580768265855556
data/verify_tidy3d/score_e1_tidy3d.json,focusing_efficiency[1][0],0.10231894737618039
data/verify_tidy3d/score_e1_tidy3d.json,focusing_efficiency[1][1],0.10231894737618039
data/verify_tidy3d/score_e1_tidy3d.json,focusing_efficiency[2][0],0.1091449527426882
data/verify_tidy3d/score_e1_tidy3d.json,focusing_efficiency[2][1],0.1091449527426882
data/verify_tidy3d/score_e1_tidy3d.json,focusing_efficiency[3][0],0.11762962430960491
data/verify_tidy3d/score_e1_tidy3d.json,focusing_efficiency[3][1],0.11762962430960494
data/verify_tidy3d/score_e1_tidy3d.json,focusing_efficiency[4][0],0.13346391979533392
data/verify_tidy3d/score_e1_tidy3d.json,focusing_efficiency[4][1],0.13346391979533392
data/verify_tidy3d/score_e1_tidy3d.json,focusing_efficiency[5][0],0.10551747770931687
data/verify_tidy3d/score_e1_tidy3d.json,focusing_efficiency[5][1],0.10551747770931687
data/verify_tidy3d/score_e1_tidy3d.json,focusing_efficiency[6][0],0.12484906455583049
data/verify_tidy3d/score_e1_tidy3d.json,focusing_efficiency[6][1],0.12484906455583049
data/verify_tidy3d/score_e1_tidy3d.json,focusing_efficiency[7][0],0.13057327569890737
data/verify_tidy3d/score_e1_tidy3d.json,focusing_efficiency[7][1],0.13057327569890737
data/verify_tidy3d/score_e1_tidy3d.json,focusing_efficiency[8][0],0.10874120870555375
data/verify_tidy3d/score_e1_tidy3d.json,focusing_efficiency[8][1],0.10874120870555373
data/verify_tidy3d/score_e1_tidy3d.json,disk_radius_um[0],1.3374032637913187
data/verify_tidy3d/score_e1_tidy3d.json,disk_radius_um[1],1.4329320683478417
data/verify_tidy3d/score_e1_tidy3d.json,disk_radius_um[2],1.49661793805219
data/verify_tidy3d/score_e1_tidy3d.json,disk_radius_um[3],1.6239896774608868
data/verify_tidy3d/score_e1_tidy3d.json,disk_radius_um[4],1.7195184820174099
data/verify_tidy3d/score_e1_tidy3d.json,disk_radius_um[5],1.8150472865739324
data/verify_tidy3d/score_e1_tidy3d.json,disk_radius_um[6],1.9105760911304552
data/verify_tidy3d/score_e1_tidy3d.json,disk_radius_um[7],2.0220263631130653
data/verify_tidy3d/score_e1_tidy3d.json,disk_radius_um[8],2.1334766350956746
data/verify_tidy3d/score_e1_tidy3d.json,na_geometric,0.2873478855663718
data/verify_tidy3d/score_e1_tidy3d.json,focal_um,333.3333333333
data/verify_tidy3d/score_e1_tidy3d.json,axial_peak_um[0][0],333.3333333333
data/verify_tidy3d/score_e1_tidy3d.json,axial_peak_um[0][1],333.3333333333
data/verify_tidy3d/score_e1_tidy3d.json,axial_peak_um[1][0],333.3333333333
data/verify_tidy3d/score_e1_tidy3d.json,axial_peak_um[1][1],333.3333333333
data/verify_tidy3d/score_e1_tidy3d.json,axial_peak_um[2][0],333.3333333333
data/verify_tidy3d/score_e1_tidy3d.json,axial_peak_um[2][1],333.3333333333
data/verify_tidy3d/score_e1_tidy3d.json,axial_peak_um[3][0],333.3333333333
data/verify_tidy3d/score_e1_tidy3d.json,axial_peak_um[3][1],333.3333333333
data/verify_tidy3d/score_e1_tidy3d.json,axial_peak_um[4][0],313.3333333333
data/verify_tidy3d/score_e1_tidy3d.json,axial_peak_um[4][1],313.3333333333
data/verify_tidy3d/score_e1_tidy3d.json,axial_peak_um[5][0],295.8333333333
data/verify_tidy3d/score_e1_tidy3d.json,axial_peak_um[5][1],295.8333333333
data/verify_tidy3d/score_e1_tidy3d.json,axial_peak_um[6][0],295.8333333333
data/verify_tidy3d/score_e1_tidy3d.json,axial_peak_um[6][1],295.8333333333
data/verify_tidy3d/score_e1_tidy3d.json,axial_peak_um[7][0],278.3333333333
data/verify_tidy3d/score_e1_tidy3d.json,axial_peak_um[7][1],278.3333333333
data/verify_tidy3d/score_e1_tidy3d.json,axial_peak_um[8][0],263.3333333333
data/verify_tidy3d/score_e1_tidy3d.json,axial_peak_um[8][1],263.3333333333
data/verify_tidy3d/score_e1_torchfdtd.json,objective,0.120495552806772
data/verify_tidy3d/score_e1_torchfdtd.json,lam_nm[0],420
data/verify_tidy3d/score_e1_torchfdtd.json,lam_nm[1],450
data/verify_tidy3d/score_e1_torchfdtd.json,lam_nm[2],470
data/verify_tidy3d/score_e1_torchfdtd.json,lam_nm[3],510
data/verify_tidy3d/score_e1_torchfdtd.json,lam_nm[4],540
data/verify_tidy3d/score_e1_torchfdtd.json,lam_nm[5],570
data/verify_tidy3d/score_e1_torchfdtd.json,lam_nm[6],600
data/verify_tidy3d/score_e1_torchfdtd.json,lam_nm[7],635
data/verify_tidy3d/score_e1_torchfdtd.json,lam_nm[8],670
data/verify_tidy3d/score_e1_torchfdtd.json,pols[0],x
data/verify_tidy3d/score_e1_torchfdtd.json,pols[1],y
data/verify_tidy3d/score_e1_torchfdtd.json,S[0][0],0.12310164684931972
data/verify_tidy3d/score_e1_torchfdtd.json,S[0][1],0.12309770961460519
data/verify_tidy3d/score_e1_torchfdtd.json,S[1][0],0.11945233001006869
data/verify_tidy3d/score_e1_torchfdtd.json,S[1][1],0.11945128189146509
data/verify_tidy3d/score_e1_torchfdtd.json,S[2][0],0.11969255619806046
data/verify_tidy3d/score_e1_torchfdtd.json,S[2][1],0.11968985571576349
data/verify_tidy3d/score_e1_torchfdtd.json,S[3][0],0.12109395974081331
data/verify_tidy3d/score_e1_torchfdtd.json,S[3][1],0.12109606891831218
data/verify_tidy3d/score_e1_torchfdtd.json,S[4][0],0.12073801507210159
data/verify_tidy3d/score_e1_torchfdtd.json,S[4][1],0.12073945039766062
data/verify_tidy3d/score_e1_torchfdtd.json,S[5][0],0.12040839277965561
data/verify_tidy3d/score_e1_torchfdtd.json,S[5][1],0.12041005541195383
data/verify_tidy3d/score_e1_torchfdtd.json,S[6][0],0.1197581317507776
data/verify_tidy3d/score_e1_torchfdtd.json,S[6][1],0.11976284190662392
data/verify_tidy3d/score_e1_torchfdtd.json,S[7][0],0.12062996076633543
data/verify_tidy3d/score_e1_torchfdtd.json,S[7][1],0.12063433177777451
data/verify_tidy3d/score_e1_torchfdtd.json,S[8][0],0.1199329617938936
data/verify_tidy3d/score_e1_torchfdtd.json,S[8][1],0.11993359861343704
data/verify_tidy3d/score_e1_torchfdtd.json,S_unpolarized[0],0.12309967823196245
data/verify_tidy3d/score_e1_torchfdtd.json,S_unpolarized[1],0.11945180595076689
data/verify_tidy3d/score_e1_torchfdtd.json,S_unpolarized[2],0.11969120595691198
data/verify_tidy3d/score_e1_torchfdtd.json,S_unpolarized[3],0.12109501432956274
data/verify_tidy3d/score_e1_torchfdtd.json,S_unpolarized[4],0.12073873273488112
data/verify_tidy3d/score_e1_torchfdtd.json,S_unpolarized[5],0.12040922409580472
data/verify_tidy3d/score_e1_torchfdtd.json,S_unpolarized[6],0.11976048682870076
data/verify_tidy3d/score_e1_torchfdtd.json,S_unpolarized[7],0.12063214627205497
data/verify_tidy3d/score_e1_torchfdtd.json,S_unpolarized[8],0.11993328020366531
data/verify_tidy3d/score_e1_torchfdtd.json,transmission[0][0],0.6776179174427056
data/verify_tidy3d/score_e1_torchfdtd.json,transmission[0][1],0.6776251904064949
data/verify_tidy3d/score_e1_torchfdtd.json,transmission[1][0],0.7262099193808867
data/verify_tidy3d/score_e1_torchfdtd.json,transmission[1][1],0.7262090598241884
data/verify_tidy3d/score_e1_torchfdtd.json,transmission[2][0],0.7382828953698494
data/verify_tidy3d/score_e1_torchfdtd.json,transmission[2][1],0.7382796077411716
data/verify_tidy3d/score_e1_torchfdtd.json,transmission[3][0],0.7784867613825968
data/verify_tidy3d/score_e1_torchfdtd.json,transmission[3][1],0.7784898673095667
data/verify_tidy3d/score_e1_torchfdtd.json,transmission[4][0],0.8050250086190682
data/verify_tidy3d/score_e1_torchfdtd.json,transmission[4][1],0.8050251495319144
data/verify_tidy3d/score_e1_torchfdtd.json,transmission[5][0],0.8102357268511908
data/verify_tidy3d/score_e1_torchfdtd.json,transmission[5][1],0.8102438709996127
data/verify_tidy3d/score_e1_torchfdtd.json,transmission[6][0],0.8170832493131166
data/verify_tidy3d/score_e1_torchfdtd.json,transmission[6][1],0.8170983490132804
data/verify_tidy3d/score_e1_torchfdtd.json,transmission[7][0],0.830349761100198
data/verify_tidy3d/score_e1_torchfdtd.json,transmission[7][1],0.8303551580310407
data/verify_tidy3d/score_e1_torchfdtd.json,transmission[8][0],0.8297856692401563
data/verify_tidy3d/score_e1_torchfdtd.json,transmission[8][1],0.8297924856694885
data/verify_tidy3d/score_e1_torchfdtd.json,strehl[0][0],0.18166822877691732
data/verify_tidy3d/score_e1_torchfdtd.json,strehl[0][1],0.18166046858553345
data/verify_tidy3d/score_e1_torchfdtd.json,strehl[1][0],0.16448732910713335
data/verify_tidy3d/score_e1_torchfdtd.json,strehl[1][1],0.16448608052395222
data/verify_tidy3d/score_e1_torchfdtd.json,strehl[2][0],0.16212288940826594
data/verify_tidy3d/score_e1_torchfdtd.json,strehl[2][1],0.16211995355250924
data/verify_tidy3d/score_e1_torchfdtd.json,strehl[3][0],0.15555044189287148
data/verify_tidy3d/score_e1_torchfdtd.json,strehl[3][1],0.1555525306152229
data/verify_tidy3d/score_e1_torchfdtd.json,strehl[4][0],0.149980452506953
data/verify_tidy3d/score_e1_torchfdtd.json,strehl[4][1],0.1499822092115571
data/verify_tidy3d/score_e1_torchfdtd.json,strehl[5][0],0.14860908842861975
data/verify_tidy3d/score_e1_torchfdtd.json,strehl[5][1],0.14860964670229684
data/verify_tidy3d/score_e1_torchfdtd.json,strehl[6][0],0.14656784587305224
data/verify_tidy3d/score_e1_torchfdtd.json,strehl[6][1],0.14657090183972138
data/verify_tidy3d/score_e1_torchfdtd.json,strehl[7][0],0.1452760829442559
data/verify_tidy3d/score_e1_torchfdtd.json,strehl[7][1],0.14528040274215398
data/verify_tidy3d/score_e1_torchfdtd.json,strehl[8][0],0.14453486754443168
data/verify_tidy3d/score_e1_torchfdtd.json,strehl[8][1],0.14453444768986176
data/verify_tidy3d/score_e1_torchfdtd.json,focusing_efficiency[0][0],0.108753073875539
data/verify_tidy3d/score_e1_torchfdtd.json,focusing_efficiency[0][1],0.10874953135437394
data/verify_tidy3d/score_e1_torchfdtd.json,focusing_efficiency[1][0],0.10488929902707968
data/verify_tidy3d/score_e1_torchfdtd.json,focusing_efficiency[1][1],0.10488726818904953
data/verify_tidy3d/score_e1_torchfdtd.json,focusing_efficiency[2][0],0.1116013112234173
data/verify_tidy3d/score_e1_torchfdtd.json,focusing_efficiency[2][1],0.11159737771588887
data/verify_tidy3d/score_e1_torchfdtd.json,focusing_efficiency[3][0],0.12002475803062156
data/verify_tidy3d/score_e1_torchfdtd.json,focusing_efficiency[3][1],0.12002639739423523
data/verify_tidy3d/score_e1_torchfdtd.json,focusing_efficiency[4][0],0.13644230292783707
data/verify_tidy3d/score_e1_torchfdtd.json,focusing_efficiency[4][1],0.13644559222009575
data/verify_tidy3d/score_e1_torchfdtd.json,focusing_efficiency[5][0],0.10766646165460933
data/verify_tidy3d/score_e1_torchfdtd.json,focusing_efficiency[5][1],0.10766713789999503
data/verify_tidy3d/score_e1_torchfdtd.json,focusing_efficiency[6][0],0.1269649800938349
data/verify_tidy3d/score_e1_torchfdtd.json,focusing_efficiency[6][1],0.126970159169489
data/verify_tidy3d/score_e1_torchfdtd.json,focusing_efficiency[7][0],0.13242084466847798
data/verify_tidy3d/score_e1_torchfdtd.json,focusing_efficiency[7][1],0.1324248805400438
data/verify_tidy3d/score_e1_torchfdtd.json,focusing_efficiency[8][0],0.11065871373952306
data/verify_tidy3d/score_e1_torchfdtd.json,focusing_efficiency[8][1],0.11066056699424921
data/verify_tidy3d/score_e1_torchfdtd.json,disk_radius_um[0],1.3374032637913187
data/verify_tidy3d/score_e1_torchfdtd.json,disk_radius_um[1],1.4329320683478417
data/verify_tidy3d/score_e1_torchfdtd.json,disk_radius_um[2],1.49661793805219
data/verify_tidy3d/score_e1_torchfdtd.json,disk_radius_um[3],1.6239896774608868
data/verify_tidy3d/score_e1_torchfdtd.json,disk_radius_um[4],1.7195184820174099
data/verify_tidy3d/score_e1_torchfdtd.json,disk_radius_um[5],1.8150472865739324
data/verify_tidy3d/score_e1_torchfdtd.json,disk_radius_um[6],1.9105760911304552
data/verify_tidy3d/score_e1_torchfdtd.json,disk_radius_um[7],2.0220263631130653
data/verify_tidy3d/score_e1_torchfdtd.json,disk_radius_um[8],2.1334766350956746
data/verify_tidy3d/score_e1_torchfdtd.json,na_geometric,0.2873478855663718
data/verify_tidy3d/score_e1_torchfdtd.json,focal_um,333.3333333333
data/verify_tidy3d/score_e1_torchfdtd.json,axial_peak_um[0][0],333.3333333333
data/verify_tidy3d/score_e1_torchfdtd.json,axial_peak_um[0][1],333.3333333333
data/verify_tidy3d/score_e1_torchfdtd.json,axial_peak_um[1][0],333.3333333333
data/verify_tidy3d/score_e1_torchfdtd.json,axial_peak_um[1][1],333.3333333333
data/verify_tidy3d/score_e1_torchfdtd.json,axial_peak_um[2][0],333.3333333333
data/verify_tidy3d/score_e1_torchfdtd.json,axial_peak_um[2][1],333.3333333333
data/verify_tidy3d/score_e1_torchfdtd.json,axial_peak_um[3][0],333.3333333333
data/verify_tidy3d/score_e1_torchfdtd.json,axial_peak_um[3][1],333.3333333333
data/verify_tidy3d/score_e1_torchfdtd.json,axial_peak_um[4][0],313.3333333333
data/verify_tidy3d/score_e1_torchfdtd.json,axial_peak_um[4][1],313.3333333333
data/verify_tidy3d/score_e1_torchfdtd.json,axial_peak_um[5][0],313.3333333333
data/verify_tidy3d/score_e1_torchfdtd.json,axial_peak_um[5][1],313.3333333333
data/verify_tidy3d/score_e1_torchfdtd.json,axial_peak_um[6][0],295.8333333333
data/verify_tidy3d/score_e1_torchfdtd.json,axial_peak_um[6][1],295.8333333333
data/verify_tidy3d/score_e1_torchfdtd.json,axial_peak_um[7][0],278.3333333333
data/verify_tidy3d/score_e1_torchfdtd.json,axial_peak_um[7][1],278.3333333333
data/verify_tidy3d/score_e1_torchfdtd.json,axial_peak_um[8][0],263.3333333333
data/verify_tidy3d/score_e1_torchfdtd.json,axial_peak_um[8][1],263.3333333333
data/verify_tidy3d/score_e2_tidy3d.json,objective,0.6626394827936164
data/verify_tidy3d/score_e2_tidy3d.json,lam_nm[0],450
data/verify_tidy3d/score_e2_tidy3d.json,lam_nm[1],540
data/verify_tidy3d/score_e2_tidy3d.json,lam_nm[2],635
data/verify_tidy3d/score_e2_tidy3d.json,J_channel[0],0.6580235312780593
data/verify_tidy3d/score_e2_tidy3d.json,J_channel[1],0.664589448038789
data/verify_tidy3d/score_e2_tidy3d.json,J_channel[2],0.6662869097246638
data/verify_tidy3d/score_e2_tidy3d.json,efficiency[0],0.7240862602786149
data/verify_tidy3d/score_e2_tidy3d.json,efficiency[1],0.7848861266281051
data/verify_tidy3d/score_e2_tidy3d.json,efficiency[2],0.7579746880459978
data/verify_tidy3d/score_e2_tidy3d.json,similarity[0][0],0.9104171316037427
data/verify_tidy3d/score_e2_tidy3d.json,similarity[0][1],0.10706975034091151
data/verify_tidy3d/score_e2_tidy3d.json,similarity[0][2],-0.3349469152516683
data/verify_tidy3d/score_e2_tidy3d.json,similarity[1][0],0.17515868643215912
data/verify_tidy3d/score_e2_tidy3d.json,similarity[1][1],0.8562345173172395
data/verify_tidy3d/score_e2_tidy3d.json,similarity[1][2],0.14235020374607948
data/verify_tidy3d/score_e2_tidy3d.json,similarity[2][0],-0.09760211675151056
data/verify_tidy3d/score_e2_tidy3d.json,similarity[2][1],0.23968144551223095
data/verify_tidy3d/score_e2_tidy3d.json,similarity[2][2],0.8790358309224042
data/verify_tidy3d/score_e2_tidy3d.json,similarity_targets[0][0],1.0000000000000016
data/verify_tidy3d/score_e2_tidy3d.json,similarity_targets[0][1],0.11022124735231287
data/verify_tidy3d/score_e2_tidy3d.json,similarity_targets[0][2],-0.3382531645320172
data/verify_tidy3d/score_e2_tidy3d.json,similarity_targets[1][0],0.16355155256988574
data/verify_tidy3d/score_e2_tidy3d.json,similarity_targets[1][1],0.9999999999999997
data/verify_tidy3d/score_e2_tidy3d.json,similarity_targets[1][2],0.13495548373265653
data/verify_tidy3d/score_e2_tidy3d.json,similarity_targets[2][0],-0.08881379781750841
data/verify_tidy3d/score_e2_tidy3d.json,similarity_targets[2][1],0.2513192864672067
data/verify_tidy3d/score_e2_tidy3d.json,similarity_targets[2][2],1.0000000000000004
data/verify_tidy3d/score_e2_tidy3d.json,crosstalk_excess[0][0],0.0
data/verify_tidy3d/score_e2_tidy3d.json,crosstalk_excess[0][1],0.0
data/verify_tidy3d/score_e2_tidy3d.json,crosstalk_excess[0][2],0.003306249280348894
data/verify_tidy3d/score_e2_tidy3d.json,crosstalk_excess[1][0],0.011607133862273383
data/verify_tidy3d/score_e2_tidy3d.json,crosstalk_excess[1][1],0.0
data/verify_tidy3d/score_e2_tidy3d.json,crosstalk_excess[1][2],0.007394720013422951
data/verify_tidy3d/score_e2_tidy3d.json,crosstalk_excess[2][0],0.0
data/verify_tidy3d/score_e2_tidy3d.json,crosstalk_excess[2][1],0.0
data/verify_tidy3d/score_e2_tidy3d.json,crosstalk_excess[2][2],0.0
data/verify_tidy3d/score_e2_tidy3d.json,pearson[0],0.9465847257141399
data/verify_tidy3d/score_e2_tidy3d.json,pearson[1],0.9059220909976542
data/verify_tidy3d/score_e2_tidy3d.json,pearson[2],0.9226931672735672
data/verify_tidy3d/score_e2_tidy3d.json,psnr_db[0],18.772112214297263
data/verify_tidy3d/score_e2_tidy3d.json,psnr_db[1],17.657400911951243
data/verify_tidy3d/score_e2_tidy3d.json,psnr_db[2],16.835975273586165
data/verify_tidy3d/score_e2_tidy3d.json,ssim[0],0.19769334746853406
data/verify_tidy3d/score_e2_tidy3d.json,ssim[1],0.18158428803637344
data/verify_tidy3d/score_e2_tidy3d.json,ssim[2],0.221157342928929
data/verify_tidy3d/score_e2_tidy3d.json,unmixing[0][0],0.3505759422935052
data/verify_tidy3d/score_e2_tidy3d.json,unmixing[0][1],0.0017664682639766116
data/verify_tidy3d/score_e2_tidy3d.json,unmixing[0][2],-0.04759768050715493
data/verify_tidy3d/score_e2_tidy3d.json,unmixing[1][0],0.005268372573307312
data/verify_tidy3d/score_e2_tidy3d.json,unmixing[1][1],0.37751898884513646
data/verify_tidy3d/score_e2_tidy3d.json,unmixing[1][2],-0.008410936347134648
data/verify_tidy3d/score_e2_tidy3d.json,unmixing[2][0],-0.012628082152816661
data/verify_tidy3d/score_e2_tidy3d.json,unmixing[2][1],0.007159481535398762
data/verify_tidy3d/score_e2_tidy3d.json,unmixing[2][2],0.45589564918805553
data/verify_tidy3d/score_e2_tidy3d.json,unmixing_rownorm[0][0],1.0
data/verify_tidy3d/score_e2_tidy3d.json,unmixing_rownorm[0][1],0.0050387606531702885
data/verify_tidy3d/score_e2_tidy3d.json,unmixing_rownorm[0][2],-0.13576995670543116
data/verify_tidy3d/score_e2_tidy3d.json,unmixing_rownorm[1][0],0.01395525186540609
data/verify_tidy3d/score_e2_tidy3d.json,unmixing_rownorm[1][1],1.0
data/verify_tidy3d/score_e2_tidy3d.json,unmixing_rownorm[1][2],-0.02227950539087964
data/verify_tidy3d/score_e2_tidy3d.json,unmixing_rownorm[2][0],-0.027699501355863163
data/verify_tidy3d/score_e2_tidy3d.json,unmixing_rownorm[2][1],0.015704211146014904
data/verify_tidy3d/score_e2_tidy3d.json,unmixing_rownorm[2][2],1.0
data/verify_tidy3d/score_e2_torchfdtd.json,objective,0.6761390270598302
data/verify_tidy3d/score_e2_torchfdtd.json,lam_nm[0],450
data/verify_tidy3d/score_e2_torchfdtd.json,lam_nm[1],540
data/verify_tidy3d/score_e2_torchfdtd.json,lam_nm[2],635
data/verify_tidy3d/score_e2_torchfdtd.json,J_channel[0],0.6744443949100886
data/verify_tidy3d/score_e2_torchfdtd.json,J_channel[1],0.6773422709789041
data/verify_tidy3d/score_e2_torchfdtd.json,J_channel[2],0.6767489678830707
data/verify_tidy3d/score_e2_torchfdtd.json,efficiency[0],0.7416008943515356
data/verify_tidy3d/score_e2_torchfdtd.json,efficiency[1],0.7984651349640906
data/verify_tidy3d/score_e2_torchfdtd.json,efficiency[2],0.7691164582717436
data/verify_tidy3d/score_e2_torchfdtd.json,similarity[0][0],0.9107564326721163
data/verify_tidy3d/score_e2_torchfdtd.json,similarity[0][1],0.10597032904907007
data/verify_tidy3d/score_e2_torchfdtd.json,similarity[0][2],-0.335628059564154
data/verify_tidy3d/score_e2_torchfdtd.json,similarity[1][0],0.1739334019720051
data/verify_tidy3d/score_e2_torchfdtd.json,similarity[1][1],0.8569565423273147
data/verify_tidy3d/score_e2_torchfdtd.json,similarity[1][2],0.14187595586307652
data/verify_tidy3d/score_e2_torchfdtd.json,similarity[2][0],-0.09776155233907899
data/verify_tidy3d/score_e2_torchfdtd.json,similarity[2][1],0.23912119055916153
data/verify_tidy3d/score_e2_torchfdtd.json,similarity[2][2],0.8799044157808964
data/verify_tidy3d/score_e2_torchfdtd.json,similarity_targets[0][0],1.0000000000000016
data/verify_tidy3d/score_e2_torchfdtd.json,similarity_targets[0][1],0.11022124735231287
data/verify_tidy3d/score_e2_torchfdtd.json,similarity_targets[0][2],-0.3382531645320172
data/verify_tidy3d/score_e2_torchfdtd.json,similarity_targets[1][0],0.16355155256988574
data/verify_tidy3d/score_e2_torchfdtd.json,similarity_targets[1][1],0.9999999999999997
data/verify_tidy3d/score_e2_torchfdtd.json,similarity_targets[1][2],0.13495548373265653
data/verify_tidy3d/score_e2_torchfdtd.json,similarity_targets[2][0],-0.08881379781750841
data/verify_tidy3d/score_e2_torchfdtd.json,similarity_targets[2][1],0.2513192864672067
data/verify_tidy3d/score_e2_torchfdtd.json,similarity_targets[2][2],1.0000000000000004
data/verify_tidy3d/score_e2_torchfdtd.json,crosstalk_excess[0][0],0.0
data/verify_tidy3d/score_e2_torchfdtd.json,crosstalk_excess[0][1],0.0
data/verify_tidy3d/score_e2_torchfdtd.json,crosstalk_excess[0][2],0.0026251049678632232
data/verify_tidy3d/score_e2_torchfdtd.json,crosstalk_excess[1][0],0.010381849402119364
data/verify_tidy3d/score_e2_torchfdtd.json,crosstalk_excess[1][1],0.0
data/verify_tidy3d/score_e2_torchfdtd.json,crosstalk_excess[1][2],0.006920472130419991
data/verify_tidy3d/score_e2_torchfdtd.json,crosstalk_excess[2][0],0.0
data/verify_tidy3d/score_e2_torchfdtd.json,crosstalk_excess[2][1],0.0
data/verify_tidy3d/score_e2_torchfdtd.json,crosstalk_excess[2][2],0.0
data/verify_tidy3d/score_e2_torchfdtd.json,pearson[0],0.9467624446921413
data/verify_tidy3d/score_e2_torchfdtd.json,pearson[1],0.9064110116112188
data/verify_tidy3d/score_e2_torchfdtd.json,pearson[2],0.9233029448576447
data/verify_tidy3d/score_e2_torchfdtd.json,psnr_db[0],18.784199036836487
data/verify_tidy3d/score_e2_torchfdtd.json,psnr_db[1],17.672315973074312
data/verify_tidy3d/score_e2_torchfdtd.json,psnr_db[2],16.858906154430702
data/verify_tidy3d/score_e2_torchfdtd.json,ssim[0],0.19799369731652447
data/verify_tidy3d/score_e2_torchfdtd.json,ssim[1],0.18191802612565613
data/verify_tidy3d/score_e2_torchfdtd.json,ssim[2],0.22175401123205624
data/verify_tidy3d/score_e2_torchfdtd.json,unmixing[0][0],0.3597579245764245
data/verify_tidy3d/score_e2_torchfdtd.json,unmixing[0][1],0.0013521090914980494
data/verify_tidy3d/score_e2_torchfdtd.json,unmixing[0][2],-0.0487674754001175
data/verify_tidy3d/score_e2_torchfdtd.json,unmixing[1][0],0.004887652634128464
data/verify_tidy3d/score_e2_torchfdtd.json,unmixing[1][1],0.38509686374070895
data/verify_tidy3d/score_e2_torchfdtd.json,unmixing[1][2],-0.008905897573135271
data/verify_tidy3d/score_e2_torchfdtd.json,unmixing[2][0],-0.012781350921283852
data/verify_tidy3d/score_e2_torchfdtd.json,unmixing[2][1],0.006946773116992738
data/verify_tidy3d/score_e2_torchfdtd.json,unmixing[2][2],0.46355572317694926
data/verify_tidy3d/score_e2_torchfdtd.json,unmixing_rownorm[0][0],1.0
data/verify_tidy3d/score_e2_torchfdtd.json,unmixing_rownorm[0][1],0.0037583858453987063
data/verify_tidy3d/score_e2_torchfdtd.json,unmixing_rownorm[0][2],-0.13555636184397007
data/verify_tidy3d/score_e2_torchfdtd.json,unmixing_rownorm[1][0],0.012692008412250764
data/verify_tidy3d/score_e2_torchfdtd.json,unmixing_rownorm[1][1],1.0
data/verify_tidy3d/score_e2_torchfdtd.json,unmixing_rownorm[1][2],-0.023126383026405885
data/verify_tidy3d/score_e2_torchfdtd.json,unmixing_rownorm[2][0],-0.027572415315439722
data/verify_tidy3d/score_e2_torchfdtd.json,unmixing_rownorm[2][1],0.014985842628332743
data/verify_tidy3d/score_e2_torchfdtd.json,unmixing_rownorm[2][2],1.0
data/verify_tidy3d/score_e3f_tidy3d.json,objective,0.8308521959421694
data/verify_tidy3d/score_e3f_tidy3d.json,lam_nm[0],540
data/verify_tidy3d/score_e3f_tidy3d.json,J_channel[0],0.8291143364937803
data/verify_tidy3d/score_e3f_tidy3d.json,J_channel[1],0.8327555581986404
data/verify_tidy3d/score_e3f_tidy3d.json,efficiency[0],0.8529493220212058
data/verify_tidy3d/score_e3f_tidy3d.json,efficiency[1],0.8539220816229589
data/verify_tidy3d/score_e3f_tidy3d.json,similarity[0][0],0.9750173935168324
data/verify_tidy3d/score_e3f_tidy3d.json,similarity[0][1],0.5276184472833619
data/verify_tidy3d/score_e3f_tidy3d.json,similarity[1][0],0.5011384700091485
data/verify_tidy3d/score_e3f_tidy3d.json,similarity[1][1],0.9752125821783535
data/verify_tidy3d/score_e3f_tidy3d.json,similarity_targets[0][0],1.0000000000000013
data/verify_tidy3d/score_e3f_tidy3d.json,similarity_targets[0][1],0.5216952623998824
data/verify_tidy3d/score_e3f_tidy3d.json,similarity_targets[1][0],0.5135490947169955
data/verify_tidy3d/score_e3f_tidy3d.json,similarity_targets[1][1],1.0000000000000002
data/verify_tidy3d/score_e3f_tidy3d.json,crosstalk_excess[0][0],0.0
data/verify_tidy3d/score_e3f_tidy3d.json,crosstalk_excess[0][1],0.0059231848834795375
data/verify_tidy3d/score_e3f_tidy3d.json,crosstalk_excess[1][0],0.0
data/verify_tidy3d/score_e3f_tidy3d.json,crosstalk_excess[1][1],0.0
data/verify_tidy3d/score_e3f_tidy3d.json,pearson[0],0.9902124842778779
data/verify_tidy3d/score_e3f_tidy3d.json,pearson[1],0.9897609958566104
data/verify_tidy3d/score_e3f_tidy3d.json,psnr_db[0],20.985462782461187
data/verify_tidy3d/score_e3f_tidy3d.json,psnr_db[1],21.23987960648336
data/verify_tidy3d/score_e3f_tidy3d.json,ssim[0],0.381080157584833
data/verify_tidy3d/score_e3f_tidy3d.json,ssim[1],0.366788040356168
data/verify_tidy3d/score_e3f_tidy3d.json,unmixing[0][0],0.5693419722276711
data/verify_tidy3d/score_e3f_tidy3d.json,unmixing[0][1],0.0026820306624654733
data/verify_tidy3d/score_e3f_tidy3d.json,unmixing[1][0],-0.014476674358755492
data/verify_tidy3d/score_e3f_tidy3d.json,unmixing[1][1],0.5777393864222438
data/verify_tidy3d/score_e3f_tidy3d.json,unmixing_rownorm[0][0],1.0
data/verify_tidy3d/score_e3f_tidy3d.json,unmixing_rownorm[0][1],0.004710755210917368
data/verify_tidy3d/score_e3f_tidy3d.json,unmixing_rownorm[1][0],-0.025057447525613463
data/verify_tidy3d/score_e3f_tidy3d.json,unmixing_rownorm[1][1],1.0
data/verify_tidy3d/score_e3f_tidy3d.json,channels[0],x -> CNU
data/verify_tidy3d/score_e3f_tidy3d.json,channels[1],y -> PHY
data/verify_tidy3d/score_e3f_tidy3d.json,extinction_wrong_over_own[0],0.05899888442077013
data/verify_tidy3d/score_e3f_tidy3d.json,extinction_wrong_over_own[1],0.07257888376109058
data/verify_tidy3d/score_e3f_tidy3d.json,own_word_power[0],0.5354745348449796
data/verify_tidy3d/score_e3f_tidy3d.json,own_word_power[1],0.5315725546097383
data/verify_tidy3d/score_e3f_tidy3d.json,wrong_word_power[0],0.0315924001915846
data/verify_tidy3d/score_e3f_tidy3d.json,wrong_word_power[1],0.038580942651606165
data/verify_tidy3d/score_e3f_torchfdtd.json,objective,0.8479491083499667
data/verify_tidy3d/score_e3f_torchfdtd.json,lam_nm[0],540
data/verify_tidy3d/score_e3f_torchfdtd.json,J_channel[0],0.8465590831758598
data/verify_tidy3d/score_e3f_torchfdtd.json,J_channel[1],0.8494430062325816
data/verify_tidy3d/score_e3f_torchfdtd.json,efficiency[0],0.8705145099350604
data/verify_tidy3d/score_e3f_torchfdtd.json,efficiency[1],0.8709583436174346
data/verify_tidy3d/score_e3f_torchfdtd.json,similarity[0][0],0.9751109213056054
data/verify_tidy3d/score_e3f_torchfdtd.json,similarity[0][1],0.5269545029770102
data/verify_tidy3d/score_e3f_torchfdtd.json,similarity[1][0],0.5009706360607121
data/verify_tidy3d/score_e3f_torchfdtd.json,similarity[1][1],0.9752969386624264
data/verify_tidy3d/score_e3f_torchfdtd.json,similarity_targets[0][0],1.0000000000000013
data/verify_tidy3d/score_e3f_torchfdtd.json,similarity_targets[0][1],0.5216952623998824
data/verify_tidy3d/score_e3f_torchfdtd.json,similarity_targets[1][0],0.5135490947169955
data/verify_tidy3d/score_e3f_torchfdtd.json,similarity_targets[1][1],1.0000000000000002
data/verify_tidy3d/score_e3f_torchfdtd.json,crosstalk_excess[0][0],0.0
data/verify_tidy3d/score_e3f_torchfdtd.json,crosstalk_excess[0][1],0.005259240577127788
data/verify_tidy3d/score_e3f_torchfdtd.json,crosstalk_excess[1][0],0.0
data/verify_tidy3d/score_e3f_torchfdtd.json,crosstalk_excess[1][1],0.0
data/verify_tidy3d/score_e3f_torchfdtd.json,pearson[0],0.9902356012721768
data/verify_tidy3d/score_e3f_torchfdtd.json,pearson[1],0.989803127283558
data/verify_tidy3d/score_e3f_torchfdtd.json,psnr_db[0],21.000603625328953
data/verify_tidy3d/score_e3f_torchfdtd.json,psnr_db[1],21.24922579886689
data/verify_tidy3d/score_e3f_torchfdtd.json,ssim[0],0.3814739024747877
data/verify_tidy3d/score_e3f_torchfdtd.json,ssim[1],0.3668964699076499
data/verify_tidy3d/score_e3f_torchfdtd.json,unmixing[0][0],0.5819403874771343
data/verify_tidy3d/score_e3f_torchfdtd.json,unmixing[0][1],0.0022223477711829087
data/verify_tidy3d/score_e3f_torchfdtd.json,unmixing[1][0],-0.014927826933994526
data/verify_tidy3d/score_e3f_torchfdtd.json,unmixing[1][1],0.5896640423009784
data/verify_tidy3d/score_e3f_torchfdtd.json,unmixing_rownorm[0][0],1.0
data/verify_tidy3d/score_e3f_torchfdtd.json,unmixing_rownorm[0][1],0.003818858115033698
data/verify_tidy3d/score_e3f_torchfdtd.json,unmixing_rownorm[1][0],-0.025315816911174335
data/verify_tidy3d/score_e3f_torchfdtd.json,unmixing_rownorm[1][1],1.0
data/verify_tidy3d/score_e3f_torchfdtd.json,channels[0],x -> CNU
data/verify_tidy3d/score_e3f_torchfdtd.json,channels[1],y -> PHY
data/verify_tidy3d/score_e3f_torchfdtd.json,extinction_wrong_over_own[0],0.05882087082774269
data/verify_tidy3d/score_e3f_torchfdtd.json,extinction_wrong_over_own[1],0.0724001500747347
data/verify_tidy3d/score_e3f_torchfdtd.json,own_word_power[0],0.5469942752970383
data/verify_tidy3d/score_e3f_torchfdtd.json,own_word_power[1],0.5424580771359615
data/verify_tidy3d/score_e3f_torchfdtd.json,wrong_word_power[0],0.032174679610761814
data/verify_tidy3d/score_e3f_torchfdtd.json,wrong_word_power[1],0.03927404619389563
data/verify_tidy3d/score_e1lut_tidy3d.json,objective,0.0721839958764977
data/verify_tidy3d/score_e1lut_tidy3d.json,lam_nm[0],420
data/verify_tidy3d/score_e1lut_tidy3d.json,lam_nm[1],450
data/verify_tidy3d/score_e1lut_tidy3d.json,lam_nm[2],470
data/verify_tidy3d/score_e1lut_tidy3d.json,lam_nm[3],510
data/verify_tidy3d/score_e1lut_tidy3d.json,lam_nm[4],540
data/verify_tidy3d/score_e1lut_tidy3d.json,lam_nm[5],570
data/verify_tidy3d/score_e1lut_tidy3d.json,lam_nm[6],600
data/verify_tidy3d/score_e1lut_tidy3d.json,lam_nm[7],635
data/verify_tidy3d/score_e1lut_tidy3d.json,lam_nm[8],670
data/verify_tidy3d/score_e1lut_tidy3d.json,pols[0],x
data/verify_tidy3d/score_e1lut_tidy3d.json,pols[1],y
data/verify_tidy3d/score_e1lut_tidy3d.json,S[0][0],0.13128662229834456
data/verify_tidy3d/score_e1lut_tidy3d.json,S[0][1],0.1312866222983446
data/verify_tidy3d/score_e1lut_tidy3d.json,S[1][0],0.11267623707959369
data/verify_tidy3d/score_e1lut_tidy3d.json,S[1][1],0.11267623707959365
data/verify_tidy3d/score_e1lut_tidy3d.json,S[2][0],0.10465593995372738
data/verify_tidy3d/score_e1lut_tidy3d.json,S[2][1],0.1046559399537274
data/verify_tidy3d/score_e1lut_tidy3d.json,S[3][0],0.11096176535449824
data/verify_tidy3d/score_e1lut_tidy3d.json,S[3][1],0.11096176535449821
data/verify_tidy3d/score_e1lut_tidy3d.json,S[4][0],0.12074318088825367
data/verify_tidy3d/score_e1lut_tidy3d.json,S[4][1],0.12074318088825366
data/verify_tidy3d/score_e1lut_tidy3d.json,S[5][0],0.07056947325096521
data/verify_tidy3d/score_e1lut_tidy3d.json,S[5][1],0.07056947325096521
data/verify_tidy3d/score_e1lut_tidy3d.json,S[6][0],0.07975163190758504
data/verify_tidy3d/score_e1lut_tidy3d.json,S[6][1],0.07975163190758502
data/verify_tidy3d/score_e1lut_tidy3d.json,S[7][0],0.06625129473558503
data/verify_tidy3d/score_e1lut_tidy3d.json,S[7][1],0.06625129473558504
data/verify_tidy3d/score_e1lut_tidy3d.json,S[8][0],0.05870018427242555
data/verify_tidy3d/score_e1lut_tidy3d.json,S[8][1],0.05870018427242553
data/verify_tidy3d/score_e1lut_tidy3d.json,S_unpolarized[0],0.1312866222983446
data/verify_tidy3d/score_e1lut_tidy3d.json,S_unpolarized[1],0.11267623707959368
data/verify_tidy3d/score_e1lut_tidy3d.json,S_unpolarized[2],0.10465593995372739
data/verify_tidy3d/score_e1lut_tidy3d.json,S_unpolarized[3],0.11096176535449823
data/verify_tidy3d/score_e1lut_tidy3d.json,S_unpolarized[4],0.12074318088825367
data/verify_tidy3d/score_e1lut_tidy3d.json,S_unpolarized[5],0.07056947325096521
data/verify_tidy3d/score_e1lut_tidy3d.json,S_unpolarized[6],0.07975163190758502
data/verify_tidy3d/score_e1lut_tidy3d.json,S_unpolarized[7],0.06625129473558503
data/verify_tidy3d/score_e1lut_tidy3d.json,S_unpolarized[8],0.05870018427242554
data/verify_tidy3d/score_e1lut_tidy3d.json,transmission[0][0],0.6902299272103491
data/verify_tidy3d/score_e1lut_tidy3d.json,transmission[0][1],0.6902299272103491
data/verify_tidy3d/score_e1lut_tidy3d.json,transmission[1][0],0.7680926876433894
data/verify_tidy3d/score_e1lut_tidy3d.json,transmission[1][1],0.7680926876433894
data/verify_tidy3d/score_e1lut_tidy3d.json,transmission[2][0],0.8278692276152644
data/verify_tidy3d/score_e1lut_tidy3d.json,transmission[2][1],0.8278692276152644
data/verify_tidy3d/score_e1lut_tidy3d.json,transmission[3][0],0.8670692363100674
data/verify_tidy3d/score_e1lut_tidy3d.json,transmission[3][1],0.8670692363100674
data/verify_tidy3d/score_e1lut_tidy3d.json,transmission[4][0],0.8796074233571798
data/verify_tidy3d/score_e1lut_tidy3d.json,transmission[4][1],0.8796074233571798
data/verify_tidy3d/score_e1lut_tidy3d.json,transmission[5][0],0.8790225169872944
data/verify_tidy3d/score_e1lut_tidy3d.json,transmission[5][1],0.8790225169872943
data/verify_tidy3d/score_e1lut_tidy3d.json,transmission[6][0],0.8782277541277648
data/verify_tidy3d/score_e1lut_tidy3d.json,transmission[6][1],0.8782277541277648
data/verify_tidy3d/score_e1lut_tidy3d.json,transmission[7][0],0.889237562233513
data/verify_tidy3d/score_e1lut_tidy3d.json,transmission[7][1],0.8892375622335129
data/verify_tidy3d/score_e1lut_tidy3d.json,transmission[8][0],0.8989472446422045
data/verify_tidy3d/score_e1lut_tidy3d.json,transmission[8][1],0.8989472446422045
data/verify_tidy3d/score_e1lut_tidy3d.json,strehl[0][0],0.19020708480282203
data/verify_tidy3d/score_e1lut_tidy3d.json,strehl[0][1],0.19020708480282209
data/verify_tidy3d/score_e1lut_tidy3d.json,strehl[1][0],0.14669614604104536
data/verify_tidy3d/score_e1lut_tidy3d.json,strehl[1][1],0.1466961460410453
data/verify_tidy3d/score_e1lut_tidy3d.json,strehl[2][0],0.12641602859813522
data/verify_tidy3d/score_e1lut_tidy3d.json,strehl[2][1],0.12641602859813525
data/verify_tidy3d/score_e1lut_tidy3d.json,strehl[3][0],0.12797336211201693
data/verify_tidy3d/score_e1lut_tidy3d.json,strehl[3][1],0.1279733621120169
data/verify_tidy3d/score_e1lut_tidy3d.json,strehl[4][0],0.13726939732661148
data/verify_tidy3d/score_e1lut_tidy3d.json,strehl[4][1],0.13726939732661148
data/verify_tidy3d/score_e1lut_tidy3d.json,strehl[5][0],0.08028175830219972
data/verify_tidy3d/score_e1lut_tidy3d.json,strehl[5][1],0.08028175830219973
data/verify_tidy3d/score_e1lut_tidy3d.json,strehl[6][0],0.0908097376025112
data/verify_tidy3d/score_e1lut_tidy3d.json,strehl[6][1],0.09080973760251118
data/verify_tidy3d/score_e1lut_tidy3d.json,strehl[7][0],0.0745034820269856
data/verify_tidy3d/score_e1lut_tidy3d.json,strehl[7][1],0.07450348202698562
data/verify_tidy3d/score_e1lut_tidy3d.json,strehl[8][0],0.06529880882586071
data/verify_tidy3d/score_e1lut_tidy3d.json,strehl[8][1],0.06529880882586069
data/verify_tidy3d/score_e1lut_tidy3d.json,focusing_efficiency[0][0],0.11608174445926187
data/verify_tidy3d/score_e1lut_tidy3d.json,focusing_efficiency[0][1],0.11608174445926184
data/verify_tidy3d/score_e1lut_tidy3d.json,focusing_efficiency[1][0],0.102480104889318
data/verify_tidy3d/score_e1lut_tidy3d.json,focusing_efficiency[1][1],0.10248010488931797
data/verify_tidy3d/score_e1lut_tidy3d.json,focusing_efficiency[2][0],0.09516057194020396
data/verify_tidy3d/score_e1lut_tidy3d.json,focusing_efficiency[2][1],0.09516057194020396
data/verify_tidy3d/score_e1lut_tidy3d.json,focusing_efficiency[3][0],0.09882923531142919
data/verify_tidy3d/score_e1lut_tidy3d.json,focusing_efficiency[3][1],0.09882923531142919
data/verify_tidy3d/score_e1lut_tidy3d.json,focusing_efficiency[4][0],0.12856087998111304
data/verify_tidy3d/score_e1lut_tidy3d.json,focusing_efficiency[4][1],0.12856087998111304
data/verify_tidy3d/score_e1lut_tidy3d.json,focusing_efficiency[5][0],0.0634149071454916
data/verify_tidy3d/score_e1lut_tidy3d.json,focusing_efficiency[5][1],0.0634149071454916
data/verify_tidy3d/score_e1lut_tidy3d.json,focusing_efficiency[6][0],0.09197175477310278
data/verify_tidy3d/score_e1lut_tidy3d.json,focusing_efficiency[6][1],0.09197175477310278
data/verify_tidy3d/score_e1lut_tidy3d.json,focusing_efficiency[7][0],0.0896416397328187
data/verify_tidy3d/score_e1lut_tidy3d.json,focusing_efficiency[7][1],0.08964163973281872
data/verify_tidy3d/score_e1lut_tidy3d.json,focusing_efficiency[8][0],0.050528628815123586
data/verify_tidy3d/score_e1lut_tidy3d.json,focusing_efficiency[8][1],0.050528628815123586
data/verify_tidy3d/score_e1lut_tidy3d.json,disk_radius_um[0],1.3374032637913187
data/verify_tidy3d/score_e1lut_tidy3d.json,disk_radius_um[1],1.4329320683478417
data/verify_tidy3d/score_e1lut_tidy3d.json,disk_radius_um[2],1.49661793805219
data/verify_tidy3d/score_e1lut_tidy3d.json,disk_radius_um[3],1.6239896774608868
data/verify_tidy3d/score_e1lut_tidy3d.json,disk_radius_um[4],1.7195184820174099
data/verify_tidy3d/score_e1lut_tidy3d.json,disk_radius_um[5],1.8150472865739324
data/verify_tidy3d/score_e1lut_tidy3d.json,disk_radius_um[6],1.9105760911304552
data/verify_tidy3d/score_e1lut_tidy3d.json,disk_radius_um[7],2.0220263631130653
data/verify_tidy3d/score_e1lut_tidy3d.json,disk_radius_um[8],2.1334766350956746
data/verify_tidy3d/score_e1lut_tidy3d.json,na_geometric,0.2873478855663718
data/verify_tidy3d/score_e1lut_tidy3d.json,focal_um,333.3333333333
data/verify_tidy3d/score_e1lut_tidy3d.json,axial_peak_um[0][0],333.3333333333
data/verify_tidy3d/score_e1lut_tidy3d.json,axial_peak_um[0][1],333.3333333333
data/verify_tidy3d/score_e1lut_tidy3d.json,axial_peak_um[1][0],310.8333333333
data/verify_tidy3d/score_e1lut_tidy3d.json,axial_peak_um[1][1],310.8333333333
data/verify_tidy3d/score_e1lut_tidy3d.json,axial_peak_um[2][0],295.8333333333
data/verify_tidy3d/score_e1lut_tidy3d.json,axial_peak_um[2][1],295.8333333333
data/verify_tidy3d/score_e1lut_tidy3d.json,axial_peak_um[3][0],290.8333333333
data/verify_tidy3d/score_e1lut_tidy3d.json,axial_peak_um[3][1],290.8333333333
data/verify_tidy3d/score_e1lut_tidy3d.json,axial_peak_um[4][0],330.8333333333
data/verify_tidy3d/score_e1lut_tidy3d.json,axial_peak_um[4][1],330.8333333333
data/verify_tidy3d/score_e1lut_tidy3d.json,axial_peak_um[5][0],313.3333333333
data/verify_tidy3d/score_e1lut_tidy3d.json,axial_peak_um[5][1],313.3333333333
data/verify_tidy3d/score_e1lut_tidy3d.json,axial_peak_um[6][0],295.8333333333
data/verify_tidy3d/score_e1lut_tidy3d.json,axial_peak_um[6][1],295.8333333333
data/verify_tidy3d/score_e1lut_tidy3d.json,axial_peak_um[7][0],278.3333333333
data/verify_tidy3d/score_e1lut_tidy3d.json,axial_peak_um[7][1],278.3333333333
data/verify_tidy3d/score_e1lut_tidy3d.json,axial_peak_um[8][0],263.3333333333
data/verify_tidy3d/score_e1lut_tidy3d.json,axial_peak_um[8][1],263.3333333333
data/verify_tidy3d/compare_e1.json,case,e1
data/verify_tidy3d/compare_e1.json,all.xx[0].corr,0.997209838679595
data/verify_tidy3d/compare_e1.json,all.xx[0].rel_l2,0.07517920409860826
data/verify_tidy3d/compare_e1.json,all.xx[0].scalar_amp,0.9855715450603479
data/verify_tidy3d/compare_e1.json,all.xx[0].scalar_phase_rad,-0.0007181719156025011
data/verify_tidy3d/compare_e1.json,all.xx[0].phase_rms_rad,0.05395413879642106
data/verify_tidy3d/compare_e1.json,all.xx[0].amp_rel_err,0.03527967907264675
data/verify_tidy3d/compare_e1.json,all.xx[0].energy_ratio,0.9767944945204999
data/verify_tidy3d/compare_e1.json,all.xx[1].corr,0.9973401685676099
data/verify_tidy3d/compare_e1.json,all.xx[1].rel_l2,0.07333810749789171
data/verify_tidy3d/compare_e1.json,all.xx[1].scalar_amp,0.9866524711460805
data/verify_tidy3d/compare_e1.json,all.xx[1].scalar_phase_rad,-0.0009990425369486528
data/verify_tidy3d/compare_e1.json,all.xx[1].phase_rms_rad,0.05183025802689928
data/verify_tidy3d/compare_e1.json,all.xx[1].amp_rel_err,0.03432447767611287
data/verify_tidy3d/compare_e1.json,all.xx[1].energy_ratio,0.9786824355396122
data/verify_tidy3d/compare_e1.json,all.xx[2].corr,0.9971915892462254
data/verify_tidy3d/compare_e1.json,all.xx[2].rel_l2,0.07523269874022563
data/verify_tidy3d/compare_e1.json,all.xx[2].scalar_amp,0.9873288380449995
data/verify_tidy3d/compare_e1.json,all.xx[2].scalar_phase_rad,-0.0009377543588942715
data/verify_tidy3d/compare_e1.json,all.xx[2].phase_rms_rad,0.053165711004026665
data/verify_tidy3d/compare_e1.json,all.xx[2].amp_rel_err,0.034722573946658924
data/verify_tidy3d/compare_e1.json,all.xx[2].energy_ratio,0.980316766809376
data/verify_tidy3d/compare_e1.json,all.xx[3].corr,0.9970559615587657
data/verify_tidy3d/compare_e1.json,all.xx[3].rel_l2,0.07695146908137464
data/verify_tidy3d/compare_e1.json,all.xx[3].scalar_amp,0.9877489414048872
data/verify_tidy3d/compare_e1.json,all.xx[3].scalar_phase_rad,-0.0011388359991204822
data/verify_tidy3d/compare_e1.json,all.xx[3].phase_rms_rad,0.05502766144223746
data/verify_tidy3d/compare_e1.json,all.xx[3].amp_rel_err,0.034768497146478373
data/verify_tidy3d/compare_e1.json,all.xx[3].energy_ratio,0.9814181303452484
data/verify_tidy3d/compare_e1.json,all.xx[4].corr,0.9969588171578527
data/verify_tidy3d/compare_e1.json,all.xx[4].rel_l2,0.07817933034517166
data/verify_tidy3d/compare_e1.json,all.xx[4].scalar_amp,0.9878156242238583
data/verify_tidy3d/compare_e1.json,all.xx[4].scalar_phase_rad,-0.0011538357649982921
data/verify_tidy3d/compare_e1.json,all.xx[4].phase_rms_rad,0.054935548917956156
data/verify_tidy3d/compare_e1.json,all.xx[4].amp_rel_err,0.03550790531764122
data/verify_tidy3d/compare_e1.json,all.xx[4].energy_ratio,0.9817419410256268
data/verify_tidy3d/compare_e1.json,all.xx[5].corr,0.9970422379971847
data/verify_tidy3d/compare_e1.json,all.xx[5].rel_l2,0.07709259147069877
data/verify_tidy3d/compare_e1.json,all.xx[5].scalar_amp,0.9880867634682851
data/verify_tidy3d/compare_e1.json,all.xx[5].scalar_phase_rad,-0.0004499796082315377
data/verify_tidy3d/compare_e1.json,all.xx[5].phase_rms_rad,0.05372592595998614
data/verify_tidy3d/compare_e1.json,all.xx[5].amp_rel_err,0.034892153111335714
data/verify_tidy3d/compare_e1.json,all.xx[5].energy_ratio,0.9821165945268148
data/verify_tidy3d/compare_e1.json,all.xx[6].corr,0.9970013905478115
data/verify_tidy3d/compare_e1.json,all.xx[6].rel_l2,0.07756568406151843
data/verify_tidy3d/compare_e1.json,all.xx[6].scalar_amp,0.9887198198185229
data/verify_tidy3d/compare_e1.json,all.xx[6].scalar_phase_rad,0.00018713144205861047
data/verify_tidy3d/compare_e1.json,all.xx[6].phase_rms_rad,0.0548210548122416
data/verify_tidy3d/compare_e1.json,all.xx[6].amp_rel_err,0.03449588965171931
data/verify_tidy3d/compare_e1.json,all.xx[6].energy_ratio,0.9834560403578199
data/verify_tidy3d/compare_e1.json,all.xx[7].corr,0.9970523548872439
data/verify_tidy3d/compare_e1.json,all.xx[7].rel_l2,0.07686501121448788
data/verify_tidy3d/compare_e1.json,all.xx[7].scalar_amp,0.9894912938141096
data/verify_tidy3d/compare_e1.json,all.xx[7].scalar_phase_rad,0.00037342302840301513
data/verify_tidy3d/compare_e1.json,all.xx[7].phase_rms_rad,0.0551520749105971
data/verify_tidy3d/compare_e1.json,all.xx[7].amp_rel_err,0.03377763394755618
data/verify_tidy3d/compare_e1.json,all.xx[7].energy_ratio,0.9848906795978583
data/verify_tidy3d/compare_e1.json,all.xx[8].corr,0.9969484021812471
data/verify_tidy3d/compare_e1.json,all.xx[8].rel_l2,0.07817220571003985
data/verify_tidy3d/compare_e1.json,all.xx[8].scalar_amp,0.9899286996787177
data/verify_tidy3d/compare_e1.json,all.xx[8].scalar_phase_rad,0.001051019396447183
data/verify_tidy3d/compare_e1.json,all.xx[8].phase_rms_rad,0.056764138879876656
data/verify_tidy3d/compare_e1.json,all.xx[8].amp_rel_err,0.033848723756824226
data/verify_tidy3d/compare_e1.json,all.xx[8].energy_ratio,0.9859671995865238
data/verify_tidy3d/compare_e1.json,all.yx[0].corr,0.959595382766603
data/verify_tidy3d/compare_e1.json,all.yx[0].rel_l2,0.2851114207381163
data/verify_tidy3d/compare_e1.json,all.yx[0].scalar_amp,0.9648976969323937
data/verify_tidy3d/compare_e1.json,all.yx[0].scalar_phase_rad,0.0015231347786894335
data/verify_tidy3d/compare_e1.json,all.yx[0].phase_rms_rad,0.23600720496121402
data/verify_tidy3d/compare_e1.json,all.yx[0].amp_rel_err,0.12462810782484067
data/verify_tidy3d/compare_e1.json,all.yx[0].energy_ratio,1.0110816775962002
data/verify_tidy3d/compare_e1.json,all.yx[1].corr,0.9586740531380976
data/verify_tidy3d/compare_e1.json,all.yx[1].rel_l2,0.2885169348500807
data/verify_tidy3d/compare_e1.json,all.yx[1].scalar_amp,0.9650094680140444
data/verify_tidy3d/compare_e1.json,all.yx[1].scalar_phase_rad,-0.000507883468232668
data/verify_tidy3d/compare_e1.json,all.yx[1].phase_rms_rad,0.23847218040055712
data/verify_tidy3d/compare_e1.json,all.yx[1].amp_rel_err,0.1256776523729994
data/verify_tidy3d/compare_e1.json,all.yx[1].energy_ratio,1.0132607088034227
data/verify_tidy3d/compare_e1.json,all.yx[2].corr,0.9571848516731983
data/verify_tidy3d/compare_e1.json,all.yx[2].rel_l2,0.29414312042183943
data/verify_tidy3d/compare_e1.json,all.yx[2].scalar_amp,0.9660998186847632
data/verify_tidy3d/compare_e1.json,all.yx[2].scalar_phase_rad,-0.0024065145412879496
data/verify_tidy3d/compare_e1.json,all.yx[2].phase_rms_rad,0.24558300189032187
data/verify_tidy3d/compare_e1.json,all.yx[2].amp_rel_err,0.12862178602269675
data/verify_tidy3d/compare_e1.json,all.yx[2].energy_ratio,1.0187142176780266
data/verify_tidy3d/compare_e1.json,all.yx[3].corr,0.9554765683736893
data/verify_tidy3d/compare_e1.json,all.yx[3].rel_l2,0.29901345651862204
data/verify_tidy3d/compare_e1.json,all.yx[3].scalar_amp,0.9591595293081041
data/verify_tidy3d/compare_e1.json,all.yx[3].scalar_phase_rad,-0.0020644456784021576
data/verify_tidy3d/compare_e1.json,all.yx[3].phase_rms_rad,0.2524962529668275
data/verify_tidy3d/compare_e1.json,all.yx[3].amp_rel_err,0.12916436108883275
data/verify_tidy3d/compare_e1.json,all.yx[3].energy_ratio,1.0077240179203908
data/verify_tidy3d/compare_e1.json,all.yx[4].corr,0.9536682421828883
data/verify_tidy3d/compare_e1.json,all.yx[4].rel_l2,0.3051489266414017
data/verify_tidy3d/compare_e1.json,all.yx[4].scalar_amp,0.9580190867453178
data/verify_tidy3d/compare_e1.json,all.yx[4].scalar_phase_rad,-0.003028467435716733
data/verify_tidy3d/compare_e1.json,all.yx[4].phase_rms_rad,0.2607083701830983
data/verify_tidy3d/compare_e1.json,all.yx[4].amp_rel_err,0.13174228708037708
data/verify_tidy3d/compare_e1.json,all.yx[4].energy_ratio,1.0091452543455213
data/verify_tidy3d/compare_e1.json,all.yx[5].corr,0.9561134424388155
data/verify_tidy3d/compare_e1.json,all.yx[5].rel_l2,0.2964584355693515
data/verify_tidy3d/compare_e1.json,all.yx[5].scalar_amp,0.957298867568177
data/verify_tidy3d/compare_e1.json,all.yx[5].scalar_phase_rad,-0.002076396253709442
data/verify_tidy3d/compare_e1.json,all.yx[5].phase_rms_rad,0.2529710593456993
data/verify_tidy3d/compare_e1.json,all.yx[5].amp_rel_err,0.127997278386491
data/verify_tidy3d/compare_e1.json,all.yx[5].energy_ratio,1.0024812118392432
data/verify_tidy3d/compare_e1.json,all.yx[6].corr,0.9592351936755809
data/verify_tidy3d/compare_e1.json,all.yx[6].rel_l2,0.2858775987387679
data/verify_tidy3d/compare_e1.json,all.yx[6].scalar_amp,0.9614451583032987
data/verify_tidy3d/compare_e1.json,all.yx[6].scalar_phase_rad,-0.0018375311714600518
data/verify_tidy3d/compare_e1.json,all.yx[6].phase_rms_rad,0.2428373097243701
data/verify_tidy3d/compare_e1.json,all.yx[6].amp_rel_err,0.12215894994752859
data/verify_tidy3d/compare_e1.json,all.yx[6].energy_ratio,1.00461307172858
data/verify_tidy3d/compare_e1.json,all.yx[7].corr,0.9585476245803851
data/verify_tidy3d/compare_e1.json,all.yx[7].rel_l2,0.28805455033741273
data/verify_tidy3d/compare_e1.json,all.yx[7].scalar_amp,0.9591468371141907
data/verify_tidy3d/compare_e1.json,all.yx[7].scalar_phase_rad,-0.004386642178560881
data/verify_tidy3d/compare_e1.json,all.yx[7].phase_rms_rad,0.24461825800746528
data/verify_tidy3d/compare_e1.json,all.yx[7].amp_rel_err,0.12323694623400783
data/verify_tidy3d/compare_e1.json,all.yx[7].energy_ratio,1.0012506417207507
data/verify_tidy3d/compare_e1.json,all.yx[8].corr,0.9583033588946192
data/verify_tidy3d/compare_e1.json,all.yx[8].rel_l2,0.2884388493129707
data/verify_tidy3d/compare_e1.json,all.yx[8].scalar_amp,0.9558704987717588
data/verify_tidy3d/compare_e1.json,all.yx[8].scalar_phase_rad,-0.0030606812058361467
data/verify_tidy3d/compare_e1.json,all.yx[8].phase_rms_rad,0.24409828400436942
data/verify_tidy3d/compare_e1.json,all.yx[8].amp_rel_err,0.12277682386219754
data/verify_tidy3d/compare_e1.json,all.yx[8].energy_ratio,0.9949290129690528
data/verify_tidy3d/compare_e1.json,all.xy[0].corr,0.9595709119518854
data/verify_tidy3d/compare_e1.json,all.xy[0].rel_l2,0.28520216374214885
data/verify_tidy3d/compare_e1.json,all.xy[0].scalar_amp,0.9649009713665628
data/verify_tidy3d/compare_e1.json,all.xy[0].scalar_phase_rad,0.0014777613455861575
data/verify_tidy3d/compare_e1.json,all.xy[0].phase_rms_rad,0.2360070927357938
data/verify_tidy3d/compare_e1.json,all.xy[0].amp_rel_err,0.12467381811058684
data/verify_tidy3d/compare_e1.json,all.xy[0].energy_ratio,1.0111401098066324
data/verify_tidy3d/compare_e1.json,all.xy[1].corr,0.9586511152736318
data/verify_tidy3d/compare_e1.json,all.xy[1].rel_l2,0.28860622841728656
data/verify_tidy3d/compare_e1.json,all.xy[1].scalar_amp,0.9650405334788694
data/verify_tidy3d/compare_e1.json,all.xy[1].scalar_phase_rad,-0.0004341734335702092
data/verify_tidy3d/compare_e1.json,all.xy[1].phase_rms_rad,0.23856607603545693
data/verify_tidy3d/compare_e1.json,all.xy[1].amp_rel_err,0.12572708441657385
data/verify_tidy3d/compare_e1.json,all.xy[1].energy_ratio,1.0133744401225175
data/verify_tidy3d/compare_e1.json,all.xy[2].corr,0.9571814944555048
data/verify_tidy3d/compare_e1.json,all.xy[2].rel_l2,0.2941687775905421
data/verify_tidy3d/compare_e1.json,all.xy[2].scalar_amp,0.9661701558333463
data/verify_tidy3d/compare_e1.json,all.xy[2].scalar_phase_rad,-0.0024660491448458177
data/verify_tidy3d/compare_e1.json,all.xy[2].phase_rms_rad,0.24559347167329942
data/verify_tidy3d/compare_e1.json,all.xy[2].amp_rel_err,0.12863979625759028
data/verify_tidy3d/compare_e1.json,all.xy[2].energy_ratio,1.0188697057131655
data/verify_tidy3d/compare_e1.json,all.xy[3].corr,0.9554541020603577
data/verify_tidy3d/compare_e1.json,all.xy[3].rel_l2,0.2990836437564156
data/verify_tidy3d/compare_e1.json,all.xy[3].scalar_amp,0.9591064616131891
data/verify_tidy3d/compare_e1.json,all.xy[3].scalar_phase_rad,-0.0020552697783741735
data/verify_tidy3d/compare_e1.json,all.xy[3].phase_rms_rad,0.25260807731156254
data/verify_tidy3d/compare_e1.json,all.xy[3].amp_rel_err,0.12920185023401132
data/verify_tidy3d/compare_e1.json,all.xy[3].energy_ratio,1.0076598977963431
data/verify_tidy3d/compare_e1.json,all.xy[4].corr,0.953676008438439
data/verify_tidy3d/compare_e1.json,all.xy[4].rel_l2,0.3051102378109367
data/verify_tidy3d/compare_e1.json,all.xy[4].scalar_amp,0.9579523347955002
data/verify_tidy3d/compare_e1.json,all.xy[4].scalar_phase_rad,-0.0030187525353659976
data/verify_tidy3d/compare_e1.json,all.xy[4].phase_rms_rad,0.2606822143463662
data/verify_tidy3d/compare_e1.json,all.xy[4].amp_rel_err,0.1317243485546954
data/verify_tidy3d/compare_e1.json,all.xy[4].energy_ratio,1.0089881971225871
data/verify_tidy3d/compare_e1.json,all.xy[5].corr,0.9561137133457701
data/verify_tidy3d/compare_e1.json,all.xy[5].rel_l2,0.29646188448707195
data/verify_tidy3d/compare_e1.json,all.xy[5].scalar_amp,0.9573277709926594
data/verify_tidy3d/compare_e1.json,all.xy[5].scalar_phase_rad,-0.002046924977788242
data/verify_tidy3d/compare_e1.json,all.xy[5].phase_rms_rad,0.2529443366408674
data/verify_tidy3d/compare_e1.json,all.xy[5].amp_rel_err,0.12801290107546962
data/verify_tidy3d/compare_e1.json,all.xy[5].energy_ratio,1.002541179830938
data/verify_tidy3d/compare_e1.json,all.xy[6].corr,0.9592315936238732
data/verify_tidy3d/compare_e1.json,all.xy[6].rel_l2,0.28588952597361517
data/verify_tidy3d/compare_e1.json,all.xy[6].scalar_amp,0.9614387099656269
data/verify_tidy3d/compare_e1.json,all.xy[6].scalar_phase_rad,-0.0017968845720817488
data/verify_tidy3d/compare_e1.json,all.xy[6].phase_rms_rad,0.24280959069547858
data/verify_tidy3d/compare_e1.json,all.xy[6].amp_rel_err,0.12217223095659442
data/verify_tidy3d/compare_e1.json,all.xy[6].energy_ratio,1.004607136705816
data/verify_tidy3d/compare_e1.json,all.xy[7].corr,0.9585421273569896
data/verify_tidy3d/compare_e1.json,all.xy[7].rel_l2,0.2880794905314263
data/verify_tidy3d/compare_e1.json,all.xy[7].scalar_amp,0.9591780767820042
data/verify_tidy3d/compare_e1.json,all.xy[7].scalar_phase_rad,-0.004403185224873501
data/verify_tidy3d/compare_e1.json,all.xy[7].phase_rms_rad,0.24463110474510846
data/verify_tidy3d/compare_e1.json,all.xy[7].amp_rel_err,0.12327824080376688
data/verify_tidy3d/compare_e1.json,all.xy[7].energy_ratio,1.0013273498758672
data/verify_tidy3d/compare_e1.json,all.xy[8].corr,0.9583102018530542
data/verify_tidy3d/compare_e1.json,all.xy[8].rel_l2,0.2884106820937458
data/verify_tidy3d/compare_e1.json,all.xy[8].scalar_amp,0.9558453283754591
data/verify_tidy3d/compare_e1.json,all.xy[8].scalar_phase_rad,-0.0030634815121314157
data/verify_tidy3d/compare_e1.json,all.xy[8].phase_rms_rad,0.24406783617118588
data/verify_tidy3d/compare_e1.json,all.xy[8].amp_rel_err,0.12274148206243082
data/verify_tidy3d/compare_e1.json,all.xy[8].energy_ratio,0.9948624077727594
data/verify_tidy3d/compare_e1.json,all.yy[0].corr,0.9972099492162955
data/verify_tidy3d/compare_e1.json,all.yy[0].rel_l2,0.07517717163258135
data/verify_tidy3d/compare_e1.json,all.yy[0].scalar_amp,0.9855754542491016
data/verify_tidy3d/compare_e1.json,all.yy[0].scalar_phase_rad,-0.0007043088145115767
data/verify_tidy3d/compare_e1.json,all.yy[0].phase_rms_rad,0.053964424079682494
data/verify_tidy3d/compare_e1.json,all.yy[0].amp_rel_err,0.035281102716682965
data/verify_tidy3d/compare_e1.json,all.yy[0].energy_ratio,0.9768020267373068
data/verify_tidy3d/compare_e1.json,all.yy[1].corr,0.9973409695044438
data/verify_tidy3d/compare_e1.json,all.yy[1].rel_l2,0.07332702368927832
data/verify_tidy3d/compare_e1.json,all.yy[1].scalar_amp,0.9866549339384222
data/verify_tidy3d/compare_e1.json,all.yy[1].scalar_phase_rad,-0.0009919585216524023
data/verify_tidy3d/compare_e1.json,all.yy[1].phase_rms_rad,0.05182759402939511
data/verify_tidy3d/compare_e1.json,all.yy[1].amp_rel_err,0.03431267979613524
data/verify_tidy3d/compare_e1.json,all.yy[1].energy_ratio,0.97868574942965
data/verify_tidy3d/compare_e1.json,all.yy[2].corr,0.9971916510275741
data/verify_tidy3d/compare_e1.json,all.yy[2].rel_l2,0.07523170120218144
data/verify_tidy3d/compare_e1.json,all.yy[2].scalar_amp,0.9873294672105364
data/verify_tidy3d/compare_e1.json,all.yy[2].scalar_phase_rad,-0.0009270621878693712
data/verify_tidy3d/compare_e1.json,all.yy[2].phase_rms_rad,0.053171300171287066
data/verify_tidy3d/compare_e1.json,all.yy[2].amp_rel_err,0.034716103343298534
data/verify_tidy3d/compare_e1.json,all.yy[2].energy_ratio,0.9803178947322314
data/verify_tidy3d/compare_e1.json,all.yy[3].corr,0.9970551870250771
data/verify_tidy3d/compare_e1.json,all.yy[3].rel_l2,0.07696149841904015
data/verify_tidy3d/compare_e1.json,all.yy[3].scalar_amp,0.9877476026261109
data/verify_tidy3d/compare_e1.json,all.yy[3].scalar_phase_rad,-0.0011395977171784382
data/verify_tidy3d/compare_e1.json,all.yy[3].phase_rms_rad,0.0550253171161851
data/verify_tidy3d/compare_e1.json,all.yy[3].amp_rel_err,0.034776544277496414
data/verify_tidy3d/compare_e1.json,all.yy[3].energy_ratio,0.9814169947202954
data/verify_tidy3d/compare_e1.json,all.yy[4].corr,0.9969591479714027
data/verify_tidy3d/compare_e1.json,all.yy[4].rel_l2,0.07817494383099109
data/verify_tidy3d/compare_e1.json,all.yy[4].scalar_amp,0.9878185103033207
data/verify_tidy3d/compare_e1.json,all.yy[4].scalar_phase_rad,-0.0011543446136680377
data/verify_tidy3d/compare_e1.json,all.yy[4].phase_rms_rad,0.054926162130651185
data/verify_tidy3d/compare_e1.json,all.yy[4].amp_rel_err,0.03550978622086508
data/verify_tidy3d/compare_e1.json,all.yy[4].energy_ratio,0.9817470261702602
data/verify_tidy3d/compare_e1.json,all.yy[5].corr,0.9970421876720643
data/verify_tidy3d/compare_e1.json,all.yy[5].rel_l2,0.07709355348880434
data/verify_tidy3d/compare_e1.json,all.yy[5].scalar_amp,0.9880830499432013
data/verify_tidy3d/compare_e1.json,all.yy[5].scalar_phase_rad,-0.0004547879745664023
data/verify_tidy3d/compare_e1.json,all.yy[5].phase_rms_rad,0.053740045381562296
data/verify_tidy3d/compare_e1.json,all.yy[5].amp_rel_err,0.03489378781517599
data/verify_tidy3d/compare_e1.json,all.yy[5].energy_ratio,0.9821093115086522
data/verify_tidy3d/compare_e1.json,all.yy[6].corr,0.9970014968674241
data/verify_tidy3d/compare_e1.json,all.yy[6].rel_l2,0.07756483178384375
data/verify_tidy3d/compare_e1.json,all.yy[6].scalar_amp,0.9887123320008574
data/verify_tidy3d/compare_e1.json,all.yy[6].scalar_phase_rad,0.0001809457154606705
data/verify_tidy3d/compare_e1.json,all.yy[6].phase_rms_rad,0.05483124270429135
data/verify_tidy3d/compare_e1.json,all.yy[6].amp_rel_err,0.03449731596035479
data/verify_tidy3d/compare_e1.json,all.yy[6].energy_ratio,0.9834409347596008
data/verify_tidy3d/compare_e1.json,all.yy[7].corr,0.997052582721164
data/verify_tidy3d/compare_e1.json,all.yy[7].rel_l2,0.07686228891143611
data/verify_tidy3d/compare_e1.json,all.yy[7].scalar_amp,0.9894879718404656
data/verify_tidy3d/compare_e1.json,all.yy[7].scalar_phase_rad,0.0003743863377789009
data/verify_tidy3d/compare_e1.json,all.yy[7].phase_rms_rad,0.055156524879627515
data/verify_tidy3d/compare_e1.json,all.yy[7].amp_rel_err,0.033776032783105564
data/verify_tidy3d/compare_e1.json,all.yy[7].energy_ratio,0.9848836164459374
data/verify_tidy3d/compare_e1.json,all.yy[8].corr,0.9969488011397158
data/verify_tidy3d/compare_e1.json,all.yy[8].rel_l2,0.07816725402180391
data/verify_tidy3d/compare_e1.json,all.yy[8].scalar_amp,0.9899264467326006
data/verify_tidy3d/compare_e1.json,all.yy[8].scalar_phase_rad,0.0010495504153644935
data/verify_tidy3d/compare_e1.json,all.yy[8].phase_rms_rad,0.056764591070468016
data/verify_tidy3d/compare_e1.json,all.yy[8].amp_rel_err,0.03384755839009022
data/verify_tidy3d/compare_e1.json,all.yy[8].energy_ratio,0.9859619226071281
data/verify_tidy3d/compare_e1.json,guard3.6um.xx[0].corr,0.9972227553567694
data/verify_tidy3d/compare_e1.json,guard3.6um.xx[0].rel_l2,0.07500862472434996
data/verify_tidy3d/compare_e1.json,guard3.6um.xx[0].scalar_amp,0.9855914194138687
data/verify_tidy3d/compare_e1.json,guard3.6um.xx[0].scalar_phase_rad,-0.0007456485434304946
data/verify_tidy3d/compare_e1.json,guard3.6um.xx[0].phase_rms_rad,0.05387236160056968
data/verify_tidy3d/compare_e1.json,guard3.6um.xx[0].amp_rel_err,0.03517595689648517
data/verify_tidy3d/compare_e1.json,guard3.6um.xx[0].energy_ratio,0.9768085846301061
data/verify_tidy3d/compare_e1.json,guard3.6um.xx[1].corr,0.997348617719251
data/verify_tidy3d/compare_e1.json,guard3.6um.xx[1].rel_l2,0.07321941415144935
data/verify_tidy3d/compare_e1.json,guard3.6um.xx[1].scalar_amp,0.9867018084786813
data/verify_tidy3d/compare_e1.json,guard3.6um.xx[1].scalar_phase_rad,-0.0009902832368036438
data/verify_tidy3d/compare_e1.json,guard3.6um.xx[1].phase_rms_rad,0.05166656600604432
data/verify_tidy3d/compare_e1.json,guard3.6um.xx[1].amp_rel_err,0.03426187306116071
data/verify_tidy3d/compare_e1.json,guard3.6um.xx[1].energy_ratio,0.9787637319462535
data/verify_tidy3d/compare_e1.json,guard3.6um.xx[2].corr,0.9971993579609982
data/verify_tidy3d/compare_e1.json,guard3.6um.xx[2].rel_l2,0.07513119673956038
data/verify_tidy3d/compare_e1.json,guard3.6um.xx[2].scalar_amp,0.9873357263982532
data/verify_tidy3d/compare_e1.json,guard3.6um.xx[2].scalar_phase_rad,-0.000995430940447308
data/verify_tidy3d/compare_e1.json,guard3.6um.xx[2].phase_rms_rad,0.05307043503723142
data/verify_tidy3d/compare_e1.json,guard3.6um.xx[2].amp_rel_err,0.03470826755771251
data/verify_tidy3d/compare_e1.json,guard3.6um.xx[2].energy_ratio,0.980315171186164
data/verify_tidy3d/compare_e1.json,guard3.6um.xx[3].corr,0.9970772012432723
data/verify_tidy3d/compare_e1.json,guard3.6um.xx[3].rel_l2,0.07667493527680487
data/verify_tidy3d/compare_e1.json,guard3.6um.xx[3].scalar_amp,0.9877986326636709
data/verify_tidy3d/compare_e1.json,guard3.6um.xx[3].scalar_phase_rad,-0.001124309941170729
data/verify_tidy3d/compare_e1.json,guard3.6um.xx[3].phase_rms_rad,0.05474705955150988
data/verify_tidy3d/compare_e1.json,guard3.6um.xx[3].amp_rel_err,0.03465159847425575
data/verify_tidy3d/compare_e1.json,guard3.6um.xx[3].energy_ratio,0.9814750623777538
data/verify_tidy3d/compare_e1.json,guard3.6um.xx[4].corr,0.9970095429748653
data/verify_tidy3d/compare_e1.json,guard3.6um.xx[4].rel_l2,0.07753020666547758
data/verify_tidy3d/compare_e1.json,guard3.6um.xx[4].scalar_amp,0.9878954574472881
data/verify_tidy3d/compare_e1.json,guard3.6um.xx[4].scalar_phase_rad,-0.0010682532184187845
data/verify_tidy3d/compare_e1.json,guard3.6um.xx[4].phase_rms_rad,0.054483204423649234
data/verify_tidy3d/compare_e1.json,guard3.6um.xx[4].amp_rel_err,0.03520228024153199
data/verify_tidy3d/compare_e1.json,guard3.6um.xx[4].energy_ratio,0.9818007204886214
data/verify_tidy3d/compare_e1.json,guard3.6um.xx[5].corr,0.9970931528803746
data/verify_tidy3d/compare_e1.json,guard3.6um.xx[5].rel_l2,0.07641884356022523
data/verify_tidy3d/compare_e1.json,guard3.6um.xx[5].scalar_amp,0.9883455206885977
data/verify_tidy3d/compare_e1.json,guard3.6um.xx[5].scalar_phase_rad,-0.0004289410664403057
data/verify_tidy3d/compare_e1.json,guard3.6um.xx[5].phase_rms_rad,0.05338382960310971
data/verify_tidy3d/compare_e1.json,guard3.6um.xx[5].amp_rel_err,0.034474941181783195
data/verify_tidy3d/compare_e1.json,guard3.6um.xx[5].energy_ratio,0.9825306991821606
data/verify_tidy3d/compare_e1.json,guard3.6um.xx[6].corr,0.9970688419149316
data/verify_tidy3d/compare_e1.json,guard3.6um.xx[6].rel_l2,0.07669054115636717
data/verify_tidy3d/compare_e1.json,guard3.6um.xx[6].scalar_amp,0.9888995085208719
data/verify_tidy3d/compare_e1.json,guard3.6um.xx[6].scalar_phase_rad,0.00015566643425595343
data/verify_tidy3d/compare_e1.json,guard3.6um.xx[6].phase_rms_rad,0.05453932755279198
data/verify_tidy3d/compare_e1.json,guard3.6um.xx[6].amp_rel_err,0.033857671659615216
data/verify_tidy3d/compare_e1.json,guard3.6um.xx[6].energy_ratio,0.9836804321815558
data/verify_tidy3d/compare_e1.json,guard3.6um.xx[7].corr,0.997116761339023
data/verify_tidy3d/compare_e1.json,guard3.6um.xx[7].rel_l2,0.07601878200005878
data/verify_tidy3d/compare_e1.json,guard3.6um.xx[7].scalar_amp,0.9897210228099637
data/verify_tidy3d/compare_e1.json,guard3.6um.xx[7].scalar_phase_rad,0.00036911435073407295
data/verify_tidy3d/compare_e1.json,guard3.6um.xx[7].phase_rms_rad,0.05470540917338639
data/verify_tidy3d/compare_e1.json,guard3.6um.xx[7].amp_rel_err,0.03328406385051421
data/verify_tidy3d/compare_e1.json,guard3.6um.xx[7].energy_ratio,0.9852207659917666
data/verify_tidy3d/compare_e1.json,guard3.6um.xx[8].corr,0.9970438097262814
data/verify_tidy3d/compare_e1.json,guard3.6um.xx[8].rel_l2,0.07694331899965647
data/verify_tidy3d/compare_e1.json,guard3.6um.xx[8].scalar_amp,0.9901799342495521
data/verify_tidy3d/compare_e1.json,guard3.6um.xx[8].scalar_phase_rad,0.001102414505605357
data/verify_tidy3d/compare_e1.json,guard3.6um.xx[8].phase_rms_rad,0.055706941795054074
data/verify_tidy3d/compare_e1.json,guard3.6um.xx[8].amp_rel_err,0.03336780310541502
data/verify_tidy3d/compare_e1.json,guard3.6um.xx[8].energy_ratio,0.9862789394546739
data/verify_tidy3d/compare_e1.json,guard3.6um.yx[0].corr,0.9591867068452551
data/verify_tidy3d/compare_e1.json,guard3.6um.yx[0].rel_l2,0.2866164642818314
data/verify_tidy3d/compare_e1.json,guard3.6um.yx[0].scalar_amp,0.9648910852408736
data/verify_tidy3d/compare_e1.json,guard3.6um.yx[0].scalar_phase_rad,0.0012884837934651295
data/verify_tidy3d/compare_e1.json,guard3.6um.yx[0].phase_rms_rad,0.23790925105961533
data/verify_tidy3d/compare_e1.json,guard3.6um.yx[0].amp_rel_err,0.12517907978048004
data/verify_tidy3d/compare_e1.json,guard3.6um.yx[0].energy_ratio,1.011929566176393
data/verify_tidy3d/compare_e1.json,guard3.6um.yx[1].corr,0.9581280489442756
data/verify_tidy3d/compare_e1.json,guard3.6um.yx[1].rel_l2,0.2904988704276293
data/verify_tidy3d/compare_e1.json,guard3.6um.yx[1].scalar_amp,0.9649371257474899
data/verify_tidy3d/compare_e1.json,guard3.6um.yx[1].scalar_phase_rad,-0.00022518526755757698
data/verify_tidy3d/compare_e1.json,guard3.6um.yx[1].phase_rms_rad,0.24038056140077102
data/verify_tidy3d/compare_e1.json,guard3.6um.yx[1].amp_rel_err,0.12656921962377468
data/verify_tidy3d/compare_e1.json,guard3.6um.yx[1].energy_ratio,1.0142637962842902
data/verify_tidy3d/compare_e1.json,guard3.6um.yx[2].corr,0.9560889873591356
data/verify_tidy3d/compare_e1.json,guard3.6um.yx[2].rel_l2,0.2980144880858112
data/verify_tidy3d/compare_e1.json,guard3.6um.yx[2].scalar_amp,0.9657135495168379
data/verify_tidy3d/compare_e1.json,guard3.6um.yx[2].scalar_phase_rad,-0.0023214956217923245
data/verify_tidy3d/compare_e1.json,guard3.6um.yx[2].phase_rms_rad,0.2494666451362048
data/verify_tidy3d/compare_e1.json,guard3.6um.yx[2].amp_rel_err,0.13049408623680933
data/verify_tidy3d/compare_e1.json,guard3.6um.yx[2].energy_ratio,1.0202345295845499
data/verify_tidy3d/compare_e1.json,guard3.6um.yx[3].corr,0.9546435643132846
data/verify_tidy3d/compare_e1.json,guard3.6um.yx[3].rel_l2,0.30183150833406097
data/verify_tidy3d/compare_e1.json,guard3.6um.yx[3].scalar_amp,0.9585232174412952
data/verify_tidy3d/compare_e1.json,guard3.6um.yx[3].scalar_phase_rad,-0.002097428800170905
data/verify_tidy3d/compare_e1.json,guard3.6um.yx[3].phase_rms_rad,0.2551067750666879
data/verify_tidy3d/compare_e1.json,guard3.6um.yx[3].amp_rel_err,0.1304658152934722
data/verify_tidy3d/compare_e1.json,guard3.6um.yx[3].energy_ratio,1.0081444775647592
data/verify_tidy3d/compare_e1.json,guard3.6um.yx[4].corr,0.9534665442499327
data/verify_tidy3d/compare_e1.json,guard3.6um.yx[4].rel_l2,0.30577619192802985
data/verify_tidy3d/compare_e1.json,guard3.6um.yx[4].scalar_amp,0.957635448603235
data/verify_tidy3d/compare_e1.json,guard3.6um.yx[4].scalar_phase_rad,-0.0025296238481452293
data/verify_tidy3d/compare_e1.json,guard3.6um.yx[4].phase_rms_rad,0.26144391042611526
data/verify_tidy3d/compare_e1.json,guard3.6um.yx[4].amp_rel_err,0.1318016872164923
data/verify_tidy3d/compare_e1.json,guard3.6um.yx[4].energy_ratio,1.0087638488535662
data/verify_tidy3d/compare_e1.json,guard3.6um.yx[5].corr,0.9564201820602979
data/verify_tidy3d/compare_e1.json,guard3.6um.yx[5].rel_l2,0.29558911774376007
data/verify_tidy3d/compare_e1.json,guard3.6um.yx[5].scalar_amp,0.9586658569936894
data/verify_tidy3d/compare_e1.json,guard3.6um.yx[5].scalar_phase_rad,-0.0018059620665169095
data/verify_tidy3d/compare_e1.json,guard3.6um.yx[5].phase_rms_rad,0.25250328294350244
data/verify_tidy3d/compare_e1.json,guard3.6um.yx[5].amp_rel_err,0.12721766450998476
data/verify_tidy3d/compare_e1.json,guard3.6um.yx[5].energy_ratio,1.0047015138290478
data/verify_tidy3d/compare_e1.json,guard3.6um.yx[6].corr,0.9593462409085849
data/verify_tidy3d/compare_e1.json,guard3.6um.yx[6].rel_l2,0.28563712008081693
data/verify_tidy3d/compare_e1.json,guard3.6um.yx[6].scalar_amp,0.9624811406542114
data/verify_tidy3d/compare_e1.json,guard3.6um.yx[6].scalar_phase_rad,-0.002204082700760286
data/verify_tidy3d/compare_e1.json,guard3.6um.yx[6].phase_rms_rad,0.2423691970935938
data/verify_tidy3d/compare_e1.json,guard3.6um.yx[6].amp_rel_err,0.12175657220033252
data/verify_tidy3d/compare_e1.json,guard3.6um.yx[6].energy_ratio,1.0065461699637208
data/verify_tidy3d/compare_e1.json,guard3.6um.yx[7].corr,0.9583108518557056
data/verify_tidy3d/compare_e1.json,guard3.6um.yx[7].rel_l2,0.2891055245118239
data/verify_tidy3d/compare_e1.json,guard3.6um.yx[7].scalar_amp,0.9603109154390901
data/verify_tidy3d/compare_e1.json,guard3.6um.yx[7].scalar_phase_rad,-0.005136420740289906
data/verify_tidy3d/compare_e1.json,guard3.6um.yx[7].phase_rms_rad,0.24527928431881596
data/verify_tidy3d/compare_e1.json,guard3.6um.yx[7].amp_rel_err,0.12365859972203379
data/verify_tidy3d/compare_e1.json,guard3.6um.yx[7].energy_ratio,1.004178499529018
data/verify_tidy3d/compare_e1.json,guard3.6um.yx[8].corr,0.9580891083408292
data/verify_tidy3d/compare_e1.json,guard3.6um.yx[8].rel_l2,0.28932732241399894
data/verify_tidy3d/compare_e1.json,guard3.6um.yx[8].scalar_amp,0.9566636101985292
data/verify_tidy3d/compare_e1.json,guard3.6um.yx[8].scalar_phase_rad,-0.0033935596059987104
data/verify_tidy3d/compare_e1.json,guard3.6um.yx[8].phase_rms_rad,0.24407274309212534
data/verify_tidy3d/compare_e1.json,guard3.6um.yx[8].amp_rel_err,0.12322456982809132
data/verify_tidy3d/compare_e1.json,guard3.6um.yx[8].energy_ratio,0.9970265027286516
data/verify_tidy3d/compare_e1.json,guard3.6um.xy[0].corr,0.959160107003765
data/verify_tidy3d/compare_e1.json,guard3.6um.xy[0].rel_l2,0.2867138115639556
data/verify_tidy3d/compare_e1.json,guard3.6um.xy[0].scalar_amp,0.9648889943321384
data/verify_tidy3d/compare_e1.json,guard3.6um.xy[0].scalar_phase_rad,0.0012430152467827916
data/verify_tidy3d/compare_e1.json,guard3.6um.xy[0].phase_rms_rad,0.23790042744967732
data/verify_tidy3d/compare_e1.json,guard3.6um.xy[0].amp_rel_err,0.12523277990585224
data/verify_tidy3d/compare_e1.json,guard3.6um.xy[0].energy_ratio,1.0119813075686566
data/verify_tidy3d/compare_e1.json,guard3.6um.xy[1].corr,0.9581045782188686
data/verify_tidy3d/compare_e1.json,guard3.6um.xy[1].rel_l2,0.29058996007846727
data/verify_tidy3d/compare_e1.json,guard3.6um.xy[1].scalar_amp,0.9649690124673294
data/verify_tidy3d/compare_e1.json,guard3.6um.xy[1].scalar_phase_rad,-0.00015150898171723492
data/verify_tidy3d/compare_e1.json,guard3.6um.xy[1].phase_rms_rad,0.2404770267159368
data/verify_tidy3d/compare_e1.json,guard3.6um.xy[1].amp_rel_err,0.1266186083779968
data/verify_tidy3d/compare_e1.json,guard3.6um.xy[1].energy_ratio,1.014380527682232
data/verify_tidy3d/compare_e1.json,guard3.6um.xy[2].corr,0.9560843280984684
data/verify_tidy3d/compare_e1.json,guard3.6um.xy[2].rel_l2,0.29804679231211156
data/verify_tidy3d/compare_e1.json,guard3.6um.xy[2].scalar_amp,0.9657934222076231
data/verify_tidy3d/compare_e1.json,guard3.6um.xy[2].scalar_phase_rad,-0.0023839366947911917
data/verify_tidy3d/compare_e1.json,guard3.6um.xy[2].phase_rms_rad,0.24948134774526773
data/verify_tidy3d/compare_e1.json,guard3.6um.xy[2].amp_rel_err,0.13051837396484534
data/verify_tidy3d/compare_e1.json,guard3.6um.xy[2].energy_ratio,1.02041324607248
data/verify_tidy3d/compare_e1.json,guard3.6um.xy[3].corr,0.9546189983810843
data/verify_tidy3d/compare_e1.json,guard3.6um.xy[3].rel_l2,0.301907092447551
data/verify_tidy3d/compare_e1.json,guard3.6um.xy[3].scalar_amp,0.9584631937635659
data/verify_tidy3d/compare_e1.json,guard3.6um.xy[3].scalar_phase_rad,-0.0020882474306477255
data/verify_tidy3d/compare_e1.json,guard3.6um.xy[3].phase_rms_rad,0.25522597401893404
data/verify_tidy3d/compare_e1.json,guard3.6um.xy[3].amp_rel_err,0.13050561619849566
data/verify_tidy3d/compare_e1.json,guard3.6um.xy[3].energy_ratio,1.0080701003542212
data/verify_tidy3d/compare_e1.json,guard3.6um.xy[4].corr,0.9534752407845533
data/verify_tidy3d/compare_e1.json,guard3.6um.xy[4].rel_l2,0.3057330298038219
data/verify_tidy3d/compare_e1.json,guard3.6um.xy[4].scalar_amp,0.9575610392784688
data/verify_tidy3d/compare_e1.json,guard3.6um.xy[4].scalar_phase_rad,-0.002518141954357783
data/verify_tidy3d/compare_e1.json,guard3.6um.xy[4].phase_rms_rad,0.2614159552136983
data/verify_tidy3d/compare_e1.json,guard3.6um.xy[4].amp_rel_err,0.13177955702840152
data/verify_tidy3d/compare_e1.json,guard3.6um.xy[4].energy_ratio,1.0085886921413747
data/verify_tidy3d/compare_e1.json,guard3.6um.xy[5].corr,0.9564209625630183
data/verify_tidy3d/compare_e1.json,guard3.6um.xy[5].rel_l2,0.2955910174515301
data/verify_tidy3d/compare_e1.json,guard3.6um.xy[5].scalar_amp,0.9586957426664905
data/verify_tidy3d/compare_e1.json,guard3.6um.xy[5].scalar_phase_rad,-0.0017743959811550108
data/verify_tidy3d/compare_e1.json,guard3.6um.xy[5].phase_rms_rad,0.25247278000080886
data/verify_tidy3d/compare_e1.json,guard3.6um.xy[5].amp_rel_err,0.12723262071587577
data/verify_tidy3d/compare_e1.json,guard3.6um.xy[5].energy_ratio,1.0047625164963838
data/verify_tidy3d/compare_e1.json,guard3.6um.xy[6].corr,0.9593424359875702
data/verify_tidy3d/compare_e1.json,guard3.6um.xy[6].rel_l2,0.2856493304752581
data/verify_tidy3d/compare_e1.json,guard3.6um.xy[6].scalar_amp,0.9624720294869114
data/verify_tidy3d/compare_e1.json,guard3.6um.xy[6].scalar_phase_rad,-0.002162613429724266
data/verify_tidy3d/compare_e1.json,guard3.6um.xy[6].phase_rms_rad,0.2423392373409351
data/verify_tidy3d/compare_e1.json,guard3.6um.xy[6].amp_rel_err,0.1217700219093064
data/verify_tidy3d/compare_e1.json,guard3.6um.xy[6].energy_ratio,1.0065350975941463
data/verify_tidy3d/compare_e1.json,guard3.6um.xy[7].corr,0.9583052059908075
data/verify_tidy3d/compare_e1.json,guard3.6um.xy[7].rel_l2,0.28913133071830177
data/verify_tidy3d/compare_e1.json,guard3.6um.xy[7].scalar_amp,0.9603429150443265
data/verify_tidy3d/compare_e1.json,guard3.6um.xy[7].scalar_phase_rad,-0.005152971048839047
data/verify_tidy3d/compare_e1.json,guard3.6um.xy[7].phase_rms_rad,0.24529262724945095
data/verify_tidy3d/compare_e1.json,guard3.6um.xy[7].amp_rel_err,0.12370151888084915
data/verify_tidy3d/compare_e1.json,guard3.6um.xy[7].energy_ratio,1.004257256456353
data/verify_tidy3d/compare_e1.json,guard3.6um.xy[8].corr,0.9580963720774816
data/verify_tidy3d/compare_e1.json,guard3.6um.xy[8].rel_l2,0.2892974456604062
data/verify_tidy3d/compare_e1.json,guard3.6um.xy[8].scalar_amp,0.9566374701575147
data/verify_tidy3d/compare_e1.json,guard3.6um.xy[8].scalar_phase_rad,-0.0033989111515742845
data/verify_tidy3d/compare_e1.json,guard3.6um.xy[8].phase_rms_rad,0.24404032039568377
data/verify_tidy3d/compare_e1.json,guard3.6um.xy[8].amp_rel_err,0.12318774373924009
data/verify_tidy3d/compare_e1.json,guard3.6um.xy[8].energy_ratio,0.9969569007441259
data/verify_tidy3d/compare_e1.json,guard3.6um.yy[0].corr,0.9972227491810712
data/verify_tidy3d/compare_e1.json,guard3.6um.yy[0].rel_l2,0.0750078526992003
data/verify_tidy3d/compare_e1.json,guard3.6um.yy[0].scalar_amp,0.985597333012237
data/verify_tidy3d/compare_e1.json,guard3.6um.yy[0].scalar_phase_rad,-0.0007301392734225055
data/verify_tidy3d/compare_e1.json,guard3.6um.yy[0].phase_rms_rad,0.053884528629096255
data/verify_tidy3d/compare_e1.json,guard3.6um.yy[0].amp_rel_err,0.03517809562827913
data/verify_tidy3d/compare_e1.json,guard3.6um.yy[0].energy_ratio,0.9768203185657985
data/verify_tidy3d/compare_e1.json,guard3.6um.yy[1].corr,0.9973494286063451
data/verify_tidy3d/compare_e1.json,guard3.6um.yy[1].rel_l2,0.07320795763400784
data/verify_tidy3d/compare_e1.json,guard3.6um.yy[1].scalar_amp,0.9867062073584714
data/verify_tidy3d/compare_e1.json,guard3.6um.yy[1].scalar_phase_rad,-0.0009824604650583836
data/verify_tidy3d/compare_e1.json,guard3.6um.yy[1].phase_rms_rad,0.05166419034349186
data/verify_tidy3d/compare_e1.json,guard3.6um.yy[1].amp_rel_err,0.034249739791021215
data/verify_tidy3d/compare_e1.json,guard3.6um.yy[1].energy_ratio,0.9787708673809493
data/verify_tidy3d/compare_e1.json,guard3.6um.yy[2].corr,0.9971993729260685
data/verify_tidy3d/compare_e1.json,guard3.6um.yy[2].rel_l2,0.07513066831166004
data/verify_tidy3d/compare_e1.json,guard3.6um.yy[2].scalar_amp,0.9873379251668495
data/verify_tidy3d/compare_e1.json,guard3.6um.yy[2].scalar_phase_rad,-0.0009858629602383592
data/verify_tidy3d/compare_e1.json,guard3.6um.yy[2].phase_rms_rad,0.053076814388501224
data/verify_tidy3d/compare_e1.json,guard3.6um.yy[2].amp_rel_err,0.03470249184451426
data/verify_tidy3d/compare_e1.json,guard3.6um.yy[2].energy_ratio,0.9803195080355582
data/verify_tidy3d/compare_e1.json,guard3.6um.yy[3].corr,0.9970763233123023
data/verify_tidy3d/compare_e1.json,guard3.6um.yy[3].rel_l2,0.07668637750666037
data/verify_tidy3d/compare_e1.json,guard3.6um.yy[3].scalar_amp,0.987796896931328
data/verify_tidy3d/compare_e1.json,guard3.6um.yy[3].scalar_phase_rad,-0.0011261941664755012
data/verify_tidy3d/compare_e1.json,guard3.6um.yy[3].phase_rms_rad,0.054744769002196506
data/verify_tidy3d/compare_e1.json,guard3.6um.yy[3].amp_rel_err,0.034661040882432805
data/verify_tidy3d/compare_e1.json,guard3.6um.yy[3].energy_ratio,0.9814733415219451
data/verify_tidy3d/compare_e1.json,guard3.6um.yy[4].corr,0.9970099391139495
data/verify_tidy3d/compare_e1.json,guard3.6um.yy[4].rel_l2,0.07752498825976972
data/verify_tidy3d/compare_e1.json,guard3.6um.yy[4].scalar_amp,0.9878981045761069
data/verify_tidy3d/compare_e1.json,guard3.6um.yy[4].scalar_phase_rad,-0.0010700083976434406
data/verify_tidy3d/compare_e1.json,guard3.6um.yy[4].phase_rms_rad,0.0544723952287531
data/verify_tidy3d/compare_e1.json,guard3.6um.yy[4].amp_rel_err,0.03520415229308825
data/verify_tidy3d/compare_e1.json,guard3.6um.yy[4].energy_ratio,0.9818052018947118
data/verify_tidy3d/compare_e1.json,guard3.6um.yy[5].corr,0.9970930986006297
data/verify_tidy3d/compare_e1.json,guard3.6um.yy[5].rel_l2,0.07641983691949833
data/verify_tidy3d/compare_e1.json,guard3.6um.yy[5].scalar_amp,0.9883421234571395
data/verify_tidy3d/compare_e1.json,guard3.6um.yy[5].scalar_phase_rad,-0.0004346410330967252
data/verify_tidy3d/compare_e1.json,guard3.6um.yy[5].phase_rms_rad,0.053399452828954974
data/verify_tidy3d/compare_e1.json,guard3.6um.yy[5].amp_rel_err,0.03447613183553827
data/verify_tidy3d/compare_e1.json,guard3.6um.yy[5].energy_ratio,0.9825240516785853
data/verify_tidy3d/compare_e1.json,guard3.6um.yy[6].corr,0.9970689425208308
data/verify_tidy3d/compare_e1.json,guard3.6um.yy[6].rel_l2,0.07668977127195628
data/verify_tidy3d/compare_e1.json,guard3.6um.yy[6].scalar_amp,0.9888916868073484
data/verify_tidy3d/compare_e1.json,guard3.6um.yy[6].scalar_phase_rad,0.00014834742428869094
data/verify_tidy3d/compare_e1.json,guard3.6um.yy[6].phase_rms_rad,0.0545506910618936
data/verify_tidy3d/compare_e1.json,guard3.6um.yy[6].amp_rel_err,0.0338591726109426
data/verify_tidy3d/compare_e1.json,guard3.6um.yy[6].energy_ratio,0.9836646728699504
data/verify_tidy3d/compare_e1.json,guard3.6um.yy[7].corr,0.9971170004015274
data/verify_tidy3d/compare_e1.json,guard3.6um.yy[7].rel_l2,0.07601586744750301
data/verify_tidy3d/compare_e1.json,guard3.6um.yy[7].scalar_amp,0.9897178418140606
data/verify_tidy3d/compare_e1.json,guard3.6um.yy[7].scalar_phase_rad,0.00036961619645656604
data/verify_tidy3d/compare_e1.json,guard3.6um.yy[7].phase_rms_rad,0.054710301535419864
data/verify_tidy3d/compare_e1.json,guard3.6um.yy[7].amp_rel_err,0.03328241181908321
data/verify_tidy3d/compare_e1.json,guard3.6um.yy[7].energy_ratio,0.9852139605205024
data/verify_tidy3d/compare_e1.json,guard3.6um.yy[8].corr,0.9970442467600852
data/verify_tidy3d/compare_e1.json,guard3.6um.yy[8].rel_l2,0.07693780528378875
data/verify_tidy3d/compare_e1.json,guard3.6um.yy[8].scalar_amp,0.9901773050054558
data/verify_tidy3d/compare_e1.json,guard3.6um.yy[8].scalar_phase_rad,0.001100327486908851
data/verify_tidy3d/compare_e1.json,guard3.6um.yy[8].phase_rms_rad,0.05570745767460208
data/verify_tidy3d/compare_e1.json,guard3.6um.yy[8].amp_rel_err,0.03336620385570263
data/verify_tidy3d/compare_e1.json,guard3.6um.yy[8].energy_ratio,0.9862728370648853
data/verify_tidy3d/compare_e2.json,case,e2
data/verify_tidy3d/compare_e2.json,name,e2
data/verify_tidy3d/compare_e2.json,all.xx[0].corr,0.9980441730002472
data/verify_tidy3d/compare_e2.json,all.xx[0].rel_l2,0.06334151668832931
data/verify_tidy3d/compare_e2.json,all.xx[0].scalar_amp,0.9859222723456966
data/verify_tidy3d/compare_e2.json,all.xx[0].scalar_phase_rad,-0.0007023797150962605
data/verify_tidy3d/compare_e2.json,all.xx[0].phase_rms_rad,0.044192634756718537
data/verify_tidy3d/compare_e2.json,all.xx[0].amp_rel_err,0.030006702360548677
data/verify_tidy3d/compare_e2.json,all.xx[0].energy_ratio,0.9758562060355956
data/verify_tidy3d/compare_e2.json,all.xx[1].corr,0.9978848151048967
data/verify_tidy3d/compare_e2.json,all.xx[1].rel_l2,0.06541006692904931
data/verify_tidy3d/compare_e2.json,all.xx[1].scalar_amp,0.9885915450782968
data/verify_tidy3d/compare_e2.json,all.xx[1].scalar_phase_rad,-0.0008842519828495054
data/verify_tidy3d/compare_e2.json,all.xx[1].phase_rms_rad,0.045435176179506584
data/verify_tidy3d/compare_e2.json,all.xx[1].amp_rel_err,0.029619029655985823
data/verify_tidy3d/compare_e2.json,all.xx[1].energy_ratio,0.9814607940310275
data/verify_tidy3d/compare_e2.json,all.xx[2].corr,0.9974798111107732
data/verify_tidy3d/compare_e2.json,all.xx[2].rel_l2,0.07119122391464594
data/verify_tidy3d/compare_e2.json,all.xx[2].scalar_amp,0.9891421395670232
data/verify_tidy3d/compare_e2.json,all.xx[2].scalar_phase_rad,0.0002758928114127771
data/verify_tidy3d/compare_e2.json,all.xx[2].phase_rms_rad,0.05089637143725632
data/verify_tidy3d/compare_e2.json,all.xx[2].amp_rel_err,0.03098828774147799
data/verify_tidy3d/compare_e2.json,all.xx[2].energy_ratio,0.9833523942061355
data/verify_tidy3d/compare_e2.json,all.yx[0].corr,0.9870230980658281
data/verify_tidy3d/compare_e2.json,all.yx[0].rel_l2,0.16063334023297668
data/verify_tidy3d/compare_e2.json,all.yx[0].scalar_amp,0.9783355701569347
data/verify_tidy3d/compare_e2.json,all.yx[0].scalar_phase_rad,-0.0004892646124872024
data/verify_tidy3d/compare_e2.json,all.yx[0].phase_rms_rad,0.1285324356558766
data/verify_tidy3d/compare_e2.json,all.yx[0].amp_rel_err,0.064773202735758
data/verify_tidy3d/compare_e2.json,all.yx[0].energy_ratio,0.9824739761144462
data/verify_tidy3d/compare_e2.json,all.yx[1].corr,0.9865784914324891
data/verify_tidy3d/compare_e2.json,all.yx[1].rel_l2,0.16338946416928155
data/verify_tidy3d/compare_e2.json,all.yx[1].scalar_amp,0.9789978654523093
data/verify_tidy3d/compare_e2.json,all.yx[1].scalar_phase_rad,-0.0005671702094443727
data/verify_tidy3d/compare_e2.json,all.yx[1].phase_rms_rad,0.13311474305566465
data/verify_tidy3d/compare_e2.json,all.yx[1].amp_rel_err,0.06346815669300945
data/verify_tidy3d/compare_e2.json,all.yx[1].energy_ratio,0.9846915329801162
data/verify_tidy3d/compare_e2.json,all.yx[2].corr,0.9844179837883158
data/verify_tidy3d/compare_e2.json,all.yx[2].rel_l2,0.17606373955218105
data/verify_tidy3d/compare_e2.json,all.yx[2].scalar_amp,0.9777275487940265
data/verify_tidy3d/compare_e2.json,all.yx[2].scalar_phase_rad,-0.00013942822844741957
data/verify_tidy3d/compare_e2.json,all.yx[2].phase_rms_rad,0.1459485914336777
data/verify_tidy3d/compare_e2.json,all.yx[2].amp_rel_err,0.06808095004725641
data/verify_tidy3d/compare_e2.json,all.yx[2].energy_ratio,0.9864535189659037
data/verify_tidy3d/compare_e2.json,guard3.6um.xx[0].corr,0.9981174392704552
data/verify_tidy3d/compare_e2.json,guard3.6um.xx[0].rel_l2,0.06219594692925457
data/verify_tidy3d/compare_e2.json,guard3.6um.xx[0].scalar_amp,0.9859478966890595
data/verify_tidy3d/compare_e2.json,guard3.6um.xx[0].scalar_phase_rad,-0.0006857398338680047
data/verify_tidy3d/compare_e2.json,guard3.6um.xx[0].phase_rms_rad,0.04334612700536271
data/verify_tidy3d/compare_e2.json,guard3.6um.xx[0].amp_rel_err,0.02940413793935343
data/verify_tidy3d/compare_e2.json,guard3.6um.xx[0].energy_ratio,0.9757636655612937
data/verify_tidy3d/compare_e2.json,guard3.6um.xx[1].corr,0.9979342551307883
data/verify_tidy3d/compare_e2.json,guard3.6um.xx[1].rel_l2,0.06465577503405906
data/verify_tidy3d/compare_e2.json,guard3.6um.xx[1].scalar_amp,0.9886417941798143
data/verify_tidy3d/compare_e2.json,guard3.6um.xx[1].scalar_phase_rad,-0.0008064615742408933
data/verify_tidy3d/compare_e2.json,guard3.6um.xx[1].phase_rms_rad,0.04488536448803511
data/verify_tidy3d/compare_e2.json,guard3.6um.xx[1].amp_rel_err,0.02904697582495387
data/verify_tidy3d/compare_e2.json,guard3.6um.xx[1].energy_ratio,0.981463314611802
data/verify_tidy3d/compare_e2.json,guard3.6um.xx[2].corr,0.9974852793669904
data/verify_tidy3d/compare_e2.json,guard3.6um.xx[2].rel_l2,0.07111225325898426
data/verify_tidy3d/compare_e2.json,guard3.6um.xx[2].scalar_amp,0.9891822682632967
data/verify_tidy3d/compare_e2.json,guard3.6um.xx[2].scalar_phase_rad,0.00029834549502721897
data/verify_tidy3d/compare_e2.json,guard3.6um.xx[2].phase_rms_rad,0.05082350794091948
data/verify_tidy3d/compare_e2.json,guard3.6um.xx[2].amp_rel_err,0.03070839740838366
data/verify_tidy3d/compare_e2.json,guard3.6um.xx[2].energy_ratio,0.983421401043016
data/verify_tidy3d/compare_e2.json,guard3.6um.yx[0].corr,0.9871096982139707
data/verify_tidy3d/compare_e2.json,guard3.6um.yx[0].rel_l2,0.16010689499466269
data/verify_tidy3d/compare_e2.json,guard3.6um.yx[0].scalar_amp,0.9787512914810498
data/verify_tidy3d/compare_e2.json,guard3.6um.yx[0].scalar_phase_rad,-0.00046699836115620064
data/verify_tidy3d/compare_e2.json,guard3.6um.yx[0].phase_rms_rad,0.12805763683092114
data/verify_tidy3d/compare_e2.json,guard3.6um.yx[0].amp_rel_err,0.06417310626768308
data/verify_tidy3d/compare_e2.json,guard3.6um.yx[0].energy_ratio,0.9831365873335439
data/verify_tidy3d/compare_e2.json,guard3.6um.yx[1].corr,0.9865799383889851
data/verify_tidy3d/compare_e2.json,guard3.6um.yx[1].rel_l2,0.16339507696055003
data/verify_tidy3d/compare_e2.json,guard3.6um.yx[1].scalar_amp,0.9793906424176508
data/verify_tidy3d/compare_e2.json,guard3.6um.yx[1].scalar_phase_rad,-0.0005650085560848576
data/verify_tidy3d/compare_e2.json,guard3.6um.yx[1].phase_rms_rad,0.13288924800278692
data/verify_tidy3d/compare_e2.json,guard3.6um.yx[1].amp_rel_err,0.06298601501306919
data/verify_tidy3d/compare_e2.json,guard3.6um.yx[1].energy_ratio,0.9854789233548086
data/verify_tidy3d/compare_e2.json,guard3.6um.yx[2].corr,0.9844096320616452
data/verify_tidy3d/compare_e2.json,guard3.6um.yx[2].rel_l2,0.1761332709319828
data/verify_tidy3d/compare_e2.json,guard3.6um.yx[2].scalar_amp,0.9781515199001147
data/verify_tidy3d/compare_e2.json,guard3.6um.yx[2].scalar_phase_rad,-4.3734123615996594e-05
data/verify_tidy3d/compare_e2.json,guard3.6um.yx[2].phase_rms_rad,0.14580950789633668
data/verify_tidy3d/compare_e2.json,guard3.6um.yx[2].amp_rel_err,0.06767625820861413
data/verify_tidy3d/compare_e2.json,guard3.6um.yx[2].energy_ratio,0.987325967058546
data/verify_tidy3d/compare_e3f.json,case,e3
data/verify_tidy3d/compare_e3f.json,name,e3f
data/verify_tidy3d/compare_e3f.json,all.xx[0].corr,0.998319449972128
data/verify_tidy3d/compare_e3f.json,all.xx[0].rel_l2,0.058678791753311726
data/verify_tidy3d/compare_e3f.json,all.xx[0].scalar_amp,0.9874705474863843
data/verify_tidy3d/compare_e3f.json,all.xx[0].scalar_phase_rad,-0.0007332328088526167
data/verify_tidy3d/compare_e3f.json,all.xx[0].phase_rms_rad,0.03909578420510302
data/verify_tidy3d/compare_e3f.json,all.xx[0].amp_rel_err,0.025323833969993072
data/verify_tidy3d/compare_e3f.json,all.xx[0].energy_ratio,0.9783837646802817
data/verify_tidy3d/compare_e3f.json,all.yx[0].corr,0.9881057679132024
data/verify_tidy3d/compare_e3f.json,all.yx[0].rel_l2,0.15378524615637088
data/verify_tidy3d/compare_e3f.json,all.yx[0].scalar_amp,0.9777322242685828
data/verify_tidy3d/compare_e3f.json,all.yx[0].scalar_phase_rad,-0.0009920310313616186
data/verify_tidy3d/compare_e3f.json,all.yx[0].phase_rms_rad,0.1277691211052608
data/verify_tidy3d/compare_e3f.json,all.yx[0].amp_rel_err,0.05762167248007357
data/verify_tidy3d/compare_e3f.json,all.yx[0].energy_ratio,0.9791133882613396
data/verify_tidy3d/compare_e3f.json,all.xy[0].corr,0.9882757159116471
data/verify_tidy3d/compare_e3f.json,all.xy[0].rel_l2,0.15268717437677093
data/verify_tidy3d/compare_e3f.json,all.xy[0].scalar_amp,0.9778143046369435
data/verify_tidy3d/compare_e3f.json,all.xy[0].scalar_phase_rad,-0.0009945030111966318
data/verify_tidy3d/compare_e3f.json,all.xy[0].phase_rms_rad,0.1254057988628866
data/verify_tidy3d/compare_e3f.json,all.xy[0].amp_rel_err,0.05766898324295968
data/verify_tidy3d/compare_e3f.json,all.xy[0].energy_ratio,0.9789410153993453
data/verify_tidy3d/compare_e3f.json,all.yy[0].corr,0.9985334263916337
data/verify_tidy3d/compare_e3f.json,all.yy[0].rel_l2,0.054901547125540184
data/verify_tidy3d/compare_e3f.json,all.yy[0].scalar_amp,0.9879846890765185
data/verify_tidy3d/compare_e3f.json,all.yy[0].scalar_phase_rad,-0.0006489972603539335
data/verify_tidy3d/compare_e3f.json,all.yy[0].phase_rms_rad,0.03777331901926852
data/verify_tidy3d/compare_e3f.json,all.yy[0].amp_rel_err,0.023659933300751754
data/verify_tidy3d/compare_e3f.json,all.yy[0].energy_ratio,0.9789831418932026
data/verify_tidy3d/compare_e3f.json,guard3.6um.xx[0].corr,0.9984840962667675
data/verify_tidy3d/compare_e3f.json,guard3.6um.xx[0].rel_l2,0.05581886327680298
data/verify_tidy3d/compare_e3f.json,guard3.6um.xx[0].scalar_amp,0.9877172221675204
data/verify_tidy3d/compare_e3f.json,guard3.6um.xx[0].scalar_phase_rad,-0.0005976824108787568
data/verify_tidy3d/compare_e3f.json,guard3.6um.xx[0].phase_rms_rad,0.036768259753122465
data/verify_tidy3d/compare_e3f.json,guard3.6um.xx[0].amp_rel_err,0.023745390305403284
data/verify_tidy3d/compare_e3f.json,guard3.6um.xx[0].energy_ratio,0.9785498369960065
data/verify_tidy3d/compare_e3f.json,guard3.6um.yx[0].corr,0.9882729798666199
data/verify_tidy3d/compare_e3f.json,guard3.6um.yx[0].rel_l2,0.1527130747928406
data/verify_tidy3d/compare_e3f.json,guard3.6um.yx[0].scalar_amp,0.978396174707262
data/verify_tidy3d/compare_e3f.json,guard3.6um.yx[0].scalar_phase_rad,-0.0013422093726418699
data/verify_tidy3d/compare_e3f.json,guard3.6um.yx[0].phase_rms_rad,0.12596041499991348
data/verify_tidy3d/compare_e3f.json,guard3.6um.yx[0].amp_rel_err,0.05670682946234268
data/verify_tidy3d/compare_e3f.json,guard3.6um.yx[0].energy_ratio,0.9801118700213243
data/verify_tidy3d/compare_e3f.json,guard3.6um.xy[0].corr,0.9886350030379076
data/verify_tidy3d/compare_e3f.json,guard3.6um.xy[0].rel_l2,0.1503495719713573
data/verify_tidy3d/compare_e3f.json,guard3.6um.xy[0].scalar_amp,0.9788443273596663
data/verify_tidy3d/compare_e3f.json,guard3.6um.xy[0].scalar_phase_rad,-0.001438764164518024
data/verify_tidy3d/compare_e3f.json,guard3.6um.xy[0].phase_rms_rad,0.12249418747015414
data/verify_tidy3d/compare_e3f.json,guard3.6um.xy[0].amp_rel_err,0.05633722235633056
data/verify_tidy3d/compare_e3f.json,guard3.6um.xy[0].energy_ratio,0.980291622262468
data/verify_tidy3d/compare_e3f.json,guard3.6um.yy[0].corr,0.9987414372988699
data/verify_tidy3d/compare_e3f.json,guard3.6um.yy[0].rel_l2,0.05097244363498186
data/verify_tidy3d/compare_e3f.json,guard3.6um.yy[0].scalar_amp,0.9884103538798994
data/verify_tidy3d/compare_e3f.json,guard3.6um.yy[0].scalar_phase_rad,-0.0003205499474095744
data/verify_tidy3d/compare_e3f.json,guard3.6um.yy[0].phase_rms_rad,0.03486827686671258
data/verify_tidy3d/compare_e3f.json,guard3.6um.yy[0].amp_rel_err,0.02185230650226295
data/verify_tidy3d/compare_e3f.json,guard3.6um.yy[0].energy_ratio,0.9794187962085131
data/verify_tidy3d/images_e1.json,case,e1
data/verify_tidy3d/images_e1.json,variant,analytic_js
data/verify_tidy3d/images_e1.json,J_tidy3d,0.11791493302059343
data/verify_tidy3d/images_e1.json,J_torchfdtd,0.120495552806772
data/verify_tidy3d/images_e1.json,J_ratio,0.9785832777553468
data/verify_tidy3d/images_e1.json,lam_nm[0],420
data/verify_tidy3d/images_e1.json,lam_nm[1],450
data/verify_tidy3d/images_e1.json,lam_nm[2],470
data/verify_tidy3d/images_e1.json,lam_nm[3],510
data/verify_tidy3d/images_e1.json,lam_nm[4],540
data/verify_tidy3d/images_e1.json,lam_nm[5],570
data/verify_tidy3d/images_e1.json,lam_nm[6],600
data/verify_tidy3d/images_e1.json,lam_nm[7],635
data/verify_tidy3d/images_e1.json,lam_nm[8],670
data/verify_tidy3d/images_e1.json,S_ratio[0][0],0.9734084804105722
data/verify_tidy3d/images_e1.json,S_ratio[0][1],0.9734396145208045
data/verify_tidy3d/images_e1.json,S_ratio[1][0],0.97545908051229
data/verify_tidy3d/images_e1.json,S_ratio[1][1],0.9754676396235288
data/verify_tidy3d/images_e1.json,S_ratio[2][0],0.9779120541401997
data/verify_tidy3d/images_e1.json,S_ratio[2][1],0.9779341181169202
data/verify_tidy3d/images_e1.json,S_ratio[3][0],0.9783614928173128
data/verify_tidy3d/images_e1.json,S_ratio[3][1],0.9783444523133158
data/verify_tidy3d/images_e1.json,S_ratio[4][0],0.9767316775851838
data/verify_tidy3d/images_e1.json,S_ratio[4][1],0.9767200664014609
data/verify_tidy3d/images_e1.json,S_ratio[5][0],0.979306002315873
data/verify_tidy3d/images_e1.json,S_ratio[5][1],0.9792924799752039
data/verify_tidy3d/images_e1.json,S_ratio[6][0],0.9799213465854042
data/verify_tidy3d/images_e1.json,S_ratio[6][1],0.979882807233915
data/verify_tidy3d/images_e1.json,S_ratio[7][0],0.9844127966498034
data/verify_tidy3d/images_e1.json,S_ratio[7][1],0.9843771278685242
data/verify_tidy3d/images_e1.json,S_ratio[8][0],0.9814231210410338
data/verify_tidy3d/images_e1.json,S_ratio[8][1],0.9814179099122834
data/verify_tidy3d/images_e1.json,transmission_ratio[0][0],0.9762410703376564
data/verify_tidy3d/images_e1.json,transmission_ratio[0][1],0.9762305923240661
data/verify_tidy3d/images_e1.json,transmission_ratio[1][0],0.978897723217703
data/verify_tidy3d/images_e1.json,transmission_ratio[1][1],0.9788988818621508
data/verify_tidy3d/images_e1.json,transmission_ratio[2][0],0.9802577188370273
data/verify_tidy3d/images_e1.json,transmission_ratio[2][1],0.9802620840170406
data/verify_tidy3d/images_e1.json,transmission_ratio[3][0],0.9816951836541997
data/verify_tidy3d/images_e1.json,transmission_ratio[3][1],0.9816912670026475
data/verify_tidy3d/images_e1.json,transmission_ratio[4][0],0.9822482177712528
data/verify_tidy3d/images_e1.json,transmission_ratio[4][1],0.9822480458370068
data/verify_tidy3d/images_e1.json,transmission_ratio[5][0],0.9832673488926206
data/verify_tidy3d/images_e1.json,transmission_ratio[5][1],0.9832574656025217
data/verify_tidy3d/images_e1.json,transmission_ratio[6][0],0.9846392849549334
data/verify_tidy3d/images_e1.json,transmission_ratio[6][1],0.9846210891551374
data/verify_tidy3d/images_e1.json,transmission_ratio[7][0],0.9859307399638074
data/verify_tidy3d/images_e1.json,transmission_ratio[7][1],0.9859243318624453
data/verify_tidy3d/images_e1.json,transmission_ratio[8][0],0.9869538980651862
data/verify_tidy3d/images_e1.json,transmission_ratio[8][1],0.9869457906146892
data/verify_tidy3d/images_e1.json,psf_rel_l2[0][0],0.026925481855869293
data/verify_tidy3d/images_e1.json,psf_rel_l2[0][1],0.026894044131040573
data/verify_tidy3d/images_e1.json,psf_rel_l2[1][0],0.024339284747838974
data/verify_tidy3d/images_e1.json,psf_rel_l2[1][1],0.024325037375092506
data/verify_tidy3d/images_e1.json,psf_rel_l2[2][0],0.022040298208594322
data/verify_tidy3d/images_e1.json,psf_rel_l2[2][1],0.022013934329152107
data/verify_tidy3d/images_e1.json,psf_rel_l2[3][0],0.020923621952533722
data/verify_tidy3d/images_e1.json,psf_rel_l2[3][1],0.02093941532075405
data/verify_tidy3d/images_e1.json,psf_rel_l2[4][0],0.02227148413658142
data/verify_tidy3d/images_e1.json,psf_rel_l2[4][1],0.02229093201458454
data/verify_tidy3d/images_e1.json,psf_rel_l2[5][0],0.01957440935075283
data/verify_tidy3d/images_e1.json,psf_rel_l2[5][1],0.019587885588407516
data/verify_tidy3d/images_e1.json,psf_rel_l2[6][0],0.01888391003012657
data/verify_tidy3d/images_e1.json,psf_rel_l2[6][1],0.01892220787703991
data/verify_tidy3d/images_e1.json,psf_rel_l2[7][0],0.014976538717746735
data/verify_tidy3d/images_e1.json,psf_rel_l2[7][1],0.015008521266281605
data/verify_tidy3d/images_e1.json,psf_rel_l2[8][0],0.017734775319695473
data/verify_tidy3d/images_e1.json,psf_rel_l2[8][1],0.017746102064847946
data/verify_tidy3d/images_e1.json,psf_corr[0][0],0.9999996423721313
data/verify_tidy3d/images_e1.json,psf_corr[0][1],0.9999997615814209
data/verify_tidy3d/images_e1.json,psf_corr[1][0],0.9999999403953552
data/verify_tidy3d/images_e1.json,psf_corr[1][1],0.9999999403953552
data/verify_tidy3d/images_e1.json,psf_corr[2][0],0.9999997615814209
data/verify_tidy3d/images_e1.json,psf_corr[2][1],0.9999995827674866
data/verify_tidy3d/images_e1.json,psf_corr[3][0],0.9999991059303284
data/verify_tidy3d/images_e1.json,psf_corr[3][1],0.9999990463256836
data/verify_tidy3d/images_e1.json,psf_corr[4][0],0.9999972581863403
data/verify_tidy3d/images_e1.json,psf_corr[4][1],0.9999971389770508
data/verify_tidy3d/images_e1.json,psf_corr[5][0],0.9999988079071045
data/verify_tidy3d/images_e1.json,psf_corr[5][1],0.9999988079071045
data/verify_tidy3d/images_e1.json,psf_corr[6][0],0.9999979138374329
data/verify_tidy3d/images_e1.json,psf_corr[6][1],0.9999979138374329
data/verify_tidy3d/images_e1.json,psf_corr[7][0],0.9999991059303284
data/verify_tidy3d/images_e1.json,psf_corr[7][1],0.999998927116394
data/verify_tidy3d/images_e1.json,psf_corr[8][0],0.9999974966049194
data/verify_tidy3d/images_e1.json,psf_corr[8][1],0.9999971985816956
data/verify_tidy3d/images_e1.json,psf_peak_ratio[0][0],0.9734041690826416
data/verify_tidy3d/images_e1.json,psf_peak_ratio[0][1],0.9734353423118591
data/verify_tidy3d/images_e1.json,psf_peak_ratio[1][0],0.9754598736763
data/verify_tidy3d/images_e1.json,psf_peak_ratio[1][1],0.9754684567451477
data/verify_tidy3d/images_e1.json,psf_peak_ratio[2][0],0.9779123663902283
data/verify_tidy3d/images_e1.json,psf_peak_ratio[2][1],0.9779344797134399
data/verify_tidy3d/images_e1.json,psf_peak_ratio[3][0],0.9783656597137451
data/verify_tidy3d/images_e1.json,psf_peak_ratio[3][1],0.9783485531806946
data/verify_tidy3d/images_e1.json,psf_peak_ratio[4][0],0.9767327904701233
data/verify_tidy3d/images_e1.json,psf_peak_ratio[4][1],0.9767210483551025
data/verify_tidy3d/images_e1.json,psf_peak_ratio[5][0],0.9793087840080261
data/verify_tidy3d/images_e1.json,psf_peak_ratio[5][1],0.9792952537536621
data/verify_tidy3d/images_e1.json,psf_peak_ratio[6][0],0.9799240231513977
data/verify_tidy3d/images_e1.json,psf_peak_ratio[6][1],0.9798855185508728
data/verify_tidy3d/images_e1.json,psf_peak_ratio[7][0],0.9844157695770264
data/verify_tidy3d/images_e1.json,psf_peak_ratio[7][1],0.9843800663948059
data/verify_tidy3d/images_e1.json,psf_peak_ratio[8][0],0.9814244508743286
data/verify_tidy3d/images_e1.json,psf_peak_ratio[8][1],0.9814192056655884
data/verify_tidy3d/images_e1.json,axial_rel_l2_mean,0.01904974204319696
data/verify_tidy3d/images_e2.json,case,e2
data/verify_tidy3d/images_e2.json,name,e2
data/verify_tidy3d/images_e2.json,variant,analytic_js
data/verify_tidy3d/images_e2.json,J_tidy3d,0.6626394827936164
data/verify_tidy3d/images_e2.json,J_torchfdtd,0.6761390270598302
data/verify_tidy3d/images_e2.json,J_ratio,0.9800343661200623
data/verify_tidy3d/images_e2.json,image_rel_l2[0],0.025105152279138565
data/verify_tidy3d/images_e2.json,image_rel_l2[1],0.018926195800304413
data/verify_tidy3d/images_e2.json,image_rel_l2[2],0.016691671684384346
data/verify_tidy3d/images_e2.json,image_corr[0],0.9999892711639404
data/verify_tidy3d/images_e2.json,image_corr[1],0.9999797940254211
data/verify_tidy3d/images_e2.json,image_corr[2],0.9999668598175049
data/verify_tidy3d/images_e2.json,peak_ratio[0],0.9759736061096191
data/verify_tidy3d/images_e2.json,peak_ratio[1],0.9861125349998474
data/verify_tidy3d/images_e2.json,peak_ratio[2],0.9923397302627563
data/verify_tidy3d/images_e2.json,efficiency_tidy3d[0],0.7240862602786149
data/verify_tidy3d/images_e2.json,efficiency_tidy3d[1],0.7848861266281051
data/verify_tidy3d/images_e2.json,efficiency_tidy3d[2],0.7579746880459978
data/verify_tidy3d/images_e2.json,efficiency_torchfdtd[0],0.7416008943515356
data/verify_tidy3d/images_e2.json,efficiency_torchfdtd[1],0.7984651349640906
data/verify_tidy3d/images_e2.json,efficiency_torchfdtd[2],0.7691164582717436
data/verify_tidy3d/images_e3f.json,case,e3
data/verify_tidy3d/images_e3f.json,name,e3f
data/verify_tidy3d/images_e3f.json,variant,analytic_js
data/verify_tidy3d/images_e3f.json,J_tidy3d,0.8308521959421694
data/verify_tidy3d/images_e3f.json,J_torchfdtd,0.8479491083499667
data/verify_tidy3d/images_e3f.json,J_ratio,0.9798373366521177
data/verify_tidy3d/images_e3f.json,image_rel_l2[0],0.021448396146297455
data/verify_tidy3d/images_e3f.json,image_rel_l2[1],0.020556528121232986
data/verify_tidy3d/images_e3f.json,image_corr[0],0.9999852776527405
data/verify_tidy3d/images_e3f.json,image_corr[1],0.9999848008155823
data/verify_tidy3d/images_e3f.json,peak_ratio[0],0.9787290096282959
data/verify_tidy3d/images_e3f.json,peak_ratio[1],0.9881494045257568
data/verify_tidy3d/images_e3f.json,efficiency_tidy3d[0],0.8529493220212058
data/verify_tidy3d/images_e3f.json,efficiency_tidy3d[1],0.8539220816229589
data/verify_tidy3d/images_e3f.json,efficiency_torchfdtd[0],0.8705145099350604
data/verify_tidy3d/images_e3f.json,efficiency_torchfdtd[1],0.8709583436174346
data/baselines_fullwave/summary.json,evals.e1_lut_o3.6.objective,e1_achromat
data/baselines_fullwave/summary.json,evals.e1_lut_o3.6.objective_value,0.0727817925913909
data/baselines_fullwave/summary.json,evals.e1_lut_o3.6.fill,0.2670479118824005
data/baselines_fullwave/summary.json,evals.e1_lut_o3.6.core_um,15.0
data/baselines_fullwave/summary.json,evals.e1_lut_o3.6.overlap_um,3.6
data/baselines_fullwave/summary.json,evals.e1_lut_o3.6.tiles,165
data/baselines_fullwave/summary.json,evals.e1_lut_o3.6.polarizations,xy
data/baselines_fullwave/summary.json,evals.e1_lut_o3.6.seconds,361.4228184223175
data/baselines_fullwave/summary.json,evals.e1_lut_o3.6.density_file,e1_lut.npz
data/baselines_fullwave/summary.json,evals.e1_lut_o3.6.density_sha256,54a2f3c4133fbaa79bf423280849c6516994ac9afac88eb006720515d4870aa3
data/baselines_fullwave/summary.json,evals.e1_lut_o3.6.metrics.objective,0.0727817925913909
data/baselines_fullwave/summary.json,evals.e1_lut_o3.6.metrics.lam_nm[0],420.0
data/baselines_fullwave/summary.json,evals.e1_lut_o3.6.metrics.lam_nm[1],450.0
data/baselines_fullwave/summary.json,evals.e1_lut_o3.6.metrics.lam_nm[2],470.0
data/baselines_fullwave/summary.json,evals.e1_lut_o3.6.metrics.lam_nm[3],510.0
data/baselines_fullwave/summary.json,evals.e1_lut_o3.6.metrics.lam_nm[4],540.0
data/baselines_fullwave/summary.json,evals.e1_lut_o3.6.metrics.lam_nm[5],570.0
data/baselines_fullwave/summary.json,evals.e1_lut_o3.6.metrics.lam_nm[6],600.0
data/baselines_fullwave/summary.json,evals.e1_lut_o3.6.metrics.lam_nm[7],635.0
data/baselines_fullwave/summary.json,evals.e1_lut_o3.6.metrics.lam_nm[8],670.0
data/baselines_fullwave/summary.json,evals.e1_lut_o3.6.metrics.pols[0],x
data/baselines_fullwave/summary.json,evals.e1_lut_o3.6.metrics.pols[1],y
data/baselines_fullwave/summary.json,evals.e1_lut_o3.6.metrics.S[0][0],0.13273119000366873
data/baselines_fullwave/summary.json,evals.e1_lut_o3.6.metrics.S[0][1],0.13273119000748393
data/baselines_fullwave/summary.json,evals.e1_lut_o3.6.metrics.S[1][0],0.11459398364343153
data/baselines_fullwave/summary.json,evals.e1_lut_o3.6.metrics.S[1][1],0.11459398365766543
data/baselines_fullwave/summary.json,evals.e1_lut_o3.6.metrics.S[2][0],0.10675374612645418
data/baselines_fullwave/summary.json,evals.e1_lut_o3.6.metrics.S[2][1],0.10675374614984826
data/baselines_fullwave/summary.json,evals.e1_lut_o3.6.metrics.S[3][0],0.11254497086587635
data/baselines_fullwave/summary.json,evals.e1_lut_o3.6.metrics.S[3][1],0.11254497081748589
data/baselines_fullwave/summary.json,evals.e1_lut_o3.6.metrics.S[4][0],0.12247433596743675
data/baselines_fullwave/summary.json,evals.e1_lut_o3.6.metrics.S[4][1],0.1224743359292908
data/baselines_fullwave/summary.json,evals.e1_lut_o3.6.metrics.S[5][0],0.07160209318667282
data/baselines_fullwave/summary.json,evals.e1_lut_o3.6.metrics.S[5][1],0.071602093107679
data/baselines_fullwave/summary.json,evals.e1_lut_o3.6.metrics.S[6][0],0.08085092685598243
data/baselines_fullwave/summary.json,evals.e1_lut_o3.6.metrics.S[6][1],0.0808509268982053
data/baselines_fullwave/summary.json,evals.e1_lut_o3.6.metrics.S[7][0],0.06691045907927376
data/baselines_fullwave/summary.json,evals.e1_lut_o3.6.metrics.S[7][1],0.06691045909938212
data/baselines_fullwave/summary.json,evals.e1_lut_o3.6.metrics.S[8][0],0.05902856196317166
data/baselines_fullwave/summary.json,evals.e1_lut_o3.6.metrics.S[8][1],0.05902856198133162
data/baselines_fullwave/summary.json,evals.e1_lut_o3.6.metrics.S_unpolarized[0],0.13273119000557632
data/baselines_fullwave/summary.json,evals.e1_lut_o3.6.metrics.S_unpolarized[1],0.11459398365054849
data/baselines_fullwave/summary.json,evals.e1_lut_o3.6.metrics.S_unpolarized[2],0.10675374613815122
data/baselines_fullwave/summary.json,evals.e1_lut_o3.6.metrics.S_unpolarized[3],0.11254497084168112
data/baselines_fullwave/summary.json,evals.e1_lut_o3.6.metrics.S_unpolarized[4],0.12247433594836377
data/baselines_fullwave/summary.json,evals.e1_lut_o3.6.metrics.S_unpolarized[5],0.07160209314717592
data/baselines_fullwave/summary.json,evals.e1_lut_o3.6.metrics.S_unpolarized[6],0.08085092687709386
data/baselines_fullwave/summary.json,evals.e1_lut_o3.6.metrics.S_unpolarized[7],0.06691045908932794
data/baselines_fullwave/summary.json,evals.e1_lut_o3.6.metrics.S_unpolarized[8],0.05902856197225164
data/baselines_fullwave/summary.json,evals.e1_lut_o3.6.metrics.transmission[0][0],0.7055526581117644
data/baselines_fullwave/summary.json,evals.e1_lut_o3.6.metrics.transmission[0][1],0.705552658116343
data/baselines_fullwave/summary.json,evals.e1_lut_o3.6.metrics.transmission[1][0],0.7844655118332992
data/baselines_fullwave/summary.json,evals.e1_lut_o3.6.metrics.transmission[1][1],0.7844655118709734
data/baselines_fullwave/summary.json,evals.e1_lut_o3.6.metrics.transmission[2][0],0.8434436415317914
data/baselines_fullwave/summary.json,evals.e1_lut_o3.6.metrics.transmission[2][1],0.8434436417185169
data/baselines_fullwave/summary.json,evals.e1_lut_o3.6.metrics.transmission[3][0],0.8811890903497657
data/baselines_fullwave/summary.json,evals.e1_lut_o3.6.metrics.transmission[3][1],0.8811890905204068
data/baselines_fullwave/summary.json,evals.e1_lut_o3.6.metrics.transmission[4][0],0.8914261777825067
data/baselines_fullwave/summary.json,evals.e1_lut_o3.6.metrics.transmission[4][1],0.8914261775903218
data/baselines_fullwave/summary.json,evals.e1_lut_o3.6.metrics.transmission[5][0],0.890918010528579
data/baselines_fullwave/summary.json,evals.e1_lut_o3.6.metrics.transmission[5][1],0.8909180102359175
data/baselines_fullwave/summary.json,evals.e1_lut_o3.6.metrics.transmission[6][0],0.8892036003865754
data/baselines_fullwave/summary.json,evals.e1_lut_o3.6.metrics.transmission[6][1],0.889203600588678
data/baselines_fullwave/summary.json,evals.e1_lut_o3.6.metrics.transmission[7][0],0.8979728062697069
data/baselines_fullwave/summary.json,evals.e1_lut_o3.6.metrics.transmission[7][1],0.8979728059908844
data/baselines_fullwave/summary.json,evals.e1_lut_o3.6.metrics.transmission[8][0],0.90562997300065
data/baselines_fullwave/summary.json,evals.e1_lut_o3.6.metrics.transmission[8][1],0.9056299732107775
data/baselines_fullwave/summary.json,evals.e1_lut_o3.6.metrics.strehl[0][0],0.18812371901324934
data/baselines_fullwave/summary.json,evals.e1_lut_o3.6.metrics.strehl[0][1],0.18812371901743588
data/baselines_fullwave/summary.json,evals.e1_lut_o3.6.metrics.strehl[1][0],0.14607905881754432
data/baselines_fullwave/summary.json,evals.e1_lut_o3.6.metrics.strehl[1][1],0.14607905882867356
data/baselines_fullwave/summary.json,evals.e1_lut_o3.6.metrics.strehl[2][0],0.12656891447136528
data/baselines_fullwave/summary.json,evals.e1_lut_o3.6.metrics.strehl[2][1],0.12656891447108123
data/baselines_fullwave/summary.json,evals.e1_lut_o3.6.metrics.strehl[3][0],0.12771943286452228
data/baselines_fullwave/summary.json,evals.e1_lut_o3.6.metrics.strehl[3][1],0.1277194327848746
data/baselines_fullwave/summary.json,evals.e1_lut_o3.6.metrics.strehl[4][0],0.13739145093551255
data/baselines_fullwave/summary.json,evals.e1_lut_o3.6.metrics.strehl[4][1],0.13739145092234106
data/baselines_fullwave/summary.json,evals.e1_lut_o3.6.metrics.strehl[5][0],0.08036889179531966
data/baselines_fullwave/summary.json,evals.e1_lut_o3.6.metrics.strehl[5][1],0.08036889173305473
data/baselines_fullwave/summary.json,evals.e1_lut_o3.6.metrics.strehl[6][0],0.090925100641555
data/baselines_fullwave/summary.json,evals.e1_lut_o3.6.metrics.strehl[6][1],0.09092510066837303
data/baselines_fullwave/summary.json,evals.e1_lut_o3.6.metrics.strehl[7][0],0.07451278993316993
data/baselines_fullwave/summary.json,evals.e1_lut_o3.6.metrics.strehl[7][1],0.07451278997869937
data/baselines_fullwave/summary.json,evals.e1_lut_o3.6.metrics.strehl[8][0],0.06517955867515142
data/baselines_fullwave/summary.json,evals.e1_lut_o3.6.metrics.strehl[8][1],0.06517955868008052
data/baselines_fullwave/summary.json,evals.e1_lut_o3.6.metrics.focusing_efficiency[0][0],0.1171719656952782
data/baselines_fullwave/summary.json,evals.e1_lut_o3.6.metrics.focusing_efficiency[0][1],0.11717196570494944
data/baselines_fullwave/summary.json,evals.e1_lut_o3.6.metrics.focusing_efficiency[1][0],0.10415734397118895
data/baselines_fullwave/summary.json,evals.e1_lut_o3.6.metrics.focusing_efficiency[1][1],0.10415734398202514
data/baselines_fullwave/summary.json,evals.e1_lut_o3.6.metrics.focusing_efficiency[2][0],0.09696735549542186
data/baselines_fullwave/summary.json,evals.e1_lut_o3.6.metrics.focusing_efficiency[2][1],0.09696735552038571
data/baselines_fullwave/summary.json,evals.e1_lut_o3.6.metrics.focusing_efficiency[3][0],0.10035194591499197
data/baselines_fullwave/summary.json,evals.e1_lut_o3.6.metrics.focusing_efficiency[3][1],0.10035194589249453
data/baselines_fullwave/summary.json,evals.e1_lut_o3.6.metrics.focusing_efficiency[4][0],0.13027480196691243
data/baselines_fullwave/summary.json,evals.e1_lut_o3.6.metrics.focusing_efficiency[4][1],0.13027480193087834
data/baselines_fullwave/summary.json,evals.e1_lut_o3.6.metrics.focusing_efficiency[5][0],0.06436696100189844
data/baselines_fullwave/summary.json,evals.e1_lut_o3.6.metrics.focusing_efficiency[5][1],0.06436696092773067
data/baselines_fullwave/summary.json,evals.e1_lut_o3.6.metrics.focusing_efficiency[6][0],0.09334606917074048
data/baselines_fullwave/summary.json,evals.e1_lut_o3.6.metrics.focusing_efficiency[6][1],0.0933460692350029
data/baselines_fullwave/summary.json,evals.e1_lut_o3.6.metrics.focusing_efficiency[7][0],0.09060306168096104
data/baselines_fullwave/summary.json,evals.e1_lut_o3.6.metrics.focusing_efficiency[7][1],0.09060306171939585
data/baselines_fullwave/summary.json,evals.e1_lut_o3.6.metrics.focusing_efficiency[8][0],0.050753167186541846
data/baselines_fullwave/summary.json,evals.e1_lut_o3.6.metrics.focusing_efficiency[8][1],0.0507531671939588
data/baselines_fullwave/summary.json,evals.e1_lut_o3.6.metrics.disk_radius_um[0],1.3374032637913187
data/baselines_fullwave/summary.json,evals.e1_lut_o3.6.metrics.disk_radius_um[1],1.4329320683478417
data/baselines_fullwave/summary.json,evals.e1_lut_o3.6.metrics.disk_radius_um[2],1.49661793805219
data/baselines_fullwave/summary.json,evals.e1_lut_o3.6.metrics.disk_radius_um[3],1.6239896774608868
data/baselines_fullwave/summary.json,evals.e1_lut_o3.6.metrics.disk_radius_um[4],1.7195184820174099
data/baselines_fullwave/summary.json,evals.e1_lut_o3.6.metrics.disk_radius_um[5],1.8150472865739324
data/baselines_fullwave/summary.json,evals.e1_lut_o3.6.metrics.disk_radius_um[6],1.9105760911304552
data/baselines_fullwave/summary.json,evals.e1_lut_o3.6.metrics.disk_radius_um[7],2.0220263631130653
data/baselines_fullwave/summary.json,evals.e1_lut_o3.6.metrics.disk_radius_um[8],2.1334766350956746
data/baselines_fullwave/summary.json,evals.e1_lut_o3.6.metrics.na_geometric,0.2873478855663718
data/baselines_fullwave/summary.json,evals.e1_lut_o3.6.metrics.focal_um,333.3333333333
data/baselines_fullwave/summary.json,evals.e1_lut_o3.6.metrics.axial_peak_um[0][0],333.3333333333
data/baselines_fullwave/summary.json,evals.e1_lut_o3.6.metrics.axial_peak_um[0][1],333.3333333333
data/baselines_fullwave/summary.json,evals.e1_lut_o3.6.metrics.axial_peak_um[1][0],310.8333333333
data/baselines_fullwave/summary.json,evals.e1_lut_o3.6.metrics.axial_peak_um[1][1],310.8333333333
data/baselines_fullwave/summary.json,evals.e1_lut_o3.6.metrics.axial_peak_um[2][0],295.8333333333
data/baselines_fullwave/summary.json,evals.e1_lut_o3.6.metrics.axial_peak_um[2][1],295.8333333333
data/baselines_fullwave/summary.json,evals.e1_lut_o3.6.metrics.axial_peak_um[3][0],290.8333333333
data/baselines_fullwave/summary.json,evals.e1_lut_o3.6.metrics.axial_peak_um[3][1],290.8333333333
data/baselines_fullwave/summary.json,evals.e1_lut_o3.6.metrics.axial_peak_um[4][0],330.8333333333
data/baselines_fullwave/summary.json,evals.e1_lut_o3.6.metrics.axial_peak_um[4][1],330.8333333333
data/baselines_fullwave/summary.json,evals.e1_lut_o3.6.metrics.axial_peak_um[5][0],313.3333333333
data/baselines_fullwave/summary.json,evals.e1_lut_o3.6.metrics.axial_peak_um[5][1],313.3333333333
data/baselines_fullwave/summary.json,evals.e1_lut_o3.6.metrics.axial_peak_um[6][0],295.8333333333
data/baselines_fullwave/summary.json,evals.e1_lut_o3.6.metrics.axial_peak_um[6][1],295.8333333333
data/baselines_fullwave/summary.json,evals.e1_lut_o3.6.metrics.axial_peak_um[7][0],278.3333333333
data/baselines_fullwave/summary.json,evals.e1_lut_o3.6.metrics.axial_peak_um[7][1],278.3333333333
data/baselines_fullwave/summary.json,evals.e1_lut_o3.6.metrics.axial_peak_um[8][0],263.3333333333
data/baselines_fullwave/summary.json,evals.e1_lut_o3.6.metrics.axial_peak_um[8][1],263.3333333333
data/baselines_fullwave/summary.json,evals.e1_lut_o3.6.file,metrics.json
data/baselines_fullwave/summary.json,evals.e1_opt248_o3.6.objective,e1_achromat
data/baselines_fullwave/summary.json,evals.e1_opt248_o3.6.objective_value,0.11961452284830515
data/baselines_fullwave/summary.json,evals.e1_opt248_o3.6.fill,0.4416363537311554
data/baselines_fullwave/summary.json,evals.e1_opt248_o3.6.core_um,15.0
data/baselines_fullwave/summary.json,evals.e1_opt248_o3.6.overlap_um,3.6
data/baselines_fullwave/summary.json,evals.e1_opt248_o3.6.tiles,165
data/baselines_fullwave/summary.json,evals.e1_opt248_o3.6.polarizations,xy
data/baselines_fullwave/summary.json,evals.e1_opt248_o3.6.seconds,352.64398646354675
data/baselines_fullwave/summary.json,evals.e1_opt248_o3.6.density_file,e1_opt_step0248.npz
data/baselines_fullwave/summary.json,evals.e1_opt248_o3.6.density_sha256,ab96cef6c4f110784821f7f127e3a45a8ec59933a64198f79ec459303670237b
data/baselines_fullwave/summary.json,evals.e1_opt248_o3.6.metrics.objective,0.11961452284830515
data/baselines_fullwave/summary.json,evals.e1_opt248_o3.6.metrics.lam_nm[0],420.0
data/baselines_fullwave/summary.json,evals.e1_opt248_o3.6.metrics.lam_nm[1],450.0
data/baselines_fullwave/summary.json,evals.e1_opt248_o3.6.metrics.lam_nm[2],470.0
data/baselines_fullwave/summary.json,evals.e1_opt248_o3.6.metrics.lam_nm[3],510.0
data/baselines_fullwave/summary.json,evals.e1_opt248_o3.6.metrics.lam_nm[4],540.0
data/baselines_fullwave/summary.json,evals.e1_opt248_o3.6.metrics.lam_nm[5],570.0
data/baselines_fullwave/summary.json,evals.e1_opt248_o3.6.metrics.lam_nm[6],600.0
data/baselines_fullwave/summary.json,evals.e1_opt248_o3.6.metrics.lam_nm[7],635.0
data/baselines_fullwave/summary.json,evals.e1_opt248_o3.6.metrics.lam_nm[8],670.0
data/baselines_fullwave/summary.json,evals.e1_opt248_o3.6.metrics.pols[0],x
data/baselines_fullwave/summary.json,evals.e1_opt248_o3.6.metrics.pols[1],y
data/baselines_fullwave/summary.json,evals.e1_opt248_o3.6.metrics.S[0][0],0.12260625845813737
data/baselines_fullwave/summary.json,evals.e1_opt248_o3.6.metrics.S[0][1],0.12260625860380589
data/baselines_fullwave/summary.json,evals.e1_opt248_o3.6.metrics.S[1][0],0.11885380161266916
data/baselines_fullwave/summary.json,evals.e1_opt248_o3.6.metrics.S[1][1],0.1188538022797969
data/baselines_fullwave/summary.json,evals.e1_opt248_o3.6.metrics.S[2][0],0.11891139796800579
data/baselines_fullwave/summary.json,evals.e1_opt248_o3.6.metrics.S[2][1],0.11891139798141583
data/baselines_fullwave/summary.json,evals.e1_opt248_o3.6.metrics.S[3][0],0.12017165843002074
data/baselines_fullwave/summary.json,evals.e1_opt248_o3.6.metrics.S[3][1],0.12017165897392616
data/baselines_fullwave/summary.json,evals.e1_opt248_o3.6.metrics.S[4][0],0.11946214222848263
data/baselines_fullwave/summary.json,evals.e1_opt248_o3.6.metrics.S[4][1],0.11946214241331217
data/baselines_fullwave/summary.json,evals.e1_opt248_o3.6.metrics.S[5][0],0.11941463382712592
data/baselines_fullwave/summary.json,evals.e1_opt248_o3.6.metrics.S[5][1],0.11941463373842504
data/baselines_fullwave/summary.json,evals.e1_opt248_o3.6.metrics.S[6][0],0.11872532599408214
data/baselines_fullwave/summary.json,evals.e1_opt248_o3.6.metrics.S[6][1],0.11872532543683759
data/baselines_fullwave/summary.json,evals.e1_opt248_o3.6.metrics.S[7][0],0.12001329190628608
data/baselines_fullwave/summary.json,evals.e1_opt248_o3.6.metrics.S[7][1],0.12001329179032415
data/baselines_fullwave/summary.json,evals.e1_opt248_o3.6.metrics.S[8][0],0.11879973344172969
data/baselines_fullwave/summary.json,evals.e1_opt248_o3.6.metrics.S[8][1],0.1187997332378253
data/baselines_fullwave/summary.json,evals.e1_opt248_o3.6.metrics.S_unpolarized[0],0.12260625853097162
data/baselines_fullwave/summary.json,evals.e1_opt248_o3.6.metrics.S_unpolarized[1],0.11885380194623303
data/baselines_fullwave/summary.json,evals.e1_opt248_o3.6.metrics.S_unpolarized[2],0.11891139797471081
data/baselines_fullwave/summary.json,evals.e1_opt248_o3.6.metrics.S_unpolarized[3],0.12017165870197345
data/baselines_fullwave/summary.json,evals.e1_opt248_o3.6.metrics.S_unpolarized[4],0.1194621423208974
data/baselines_fullwave/summary.json,evals.e1_opt248_o3.6.metrics.S_unpolarized[5],0.11941463378277548
data/baselines_fullwave/summary.json,evals.e1_opt248_o3.6.metrics.S_unpolarized[6],0.11872532571545986
data/baselines_fullwave/summary.json,evals.e1_opt248_o3.6.metrics.S_unpolarized[7],0.12001329184830511
data/baselines_fullwave/summary.json,evals.e1_opt248_o3.6.metrics.S_unpolarized[8],0.1187997333397775
data/baselines_fullwave/summary.json,evals.e1_opt248_o3.6.metrics.transmission[0][0],0.6766247259028634
data/baselines_fullwave/summary.json,evals.e1_opt248_o3.6.metrics.transmission[0][1],0.6766247260386261
data/baselines_fullwave/summary.json,evals.e1_opt248_o3.6.metrics.transmission[1][0],0.7248883890756723
data/baselines_fullwave/summary.json,evals.e1_opt248_o3.6.metrics.transmission[1][1],0.7248883890269504
data/baselines_fullwave/summary.json,evals.e1_opt248_o3.6.metrics.transmission[2][0],0.7367197619824496
data/baselines_fullwave/summary.json,evals.e1_opt248_o3.6.metrics.transmission[2][1],0.7367197618612868
data/baselines_fullwave/summary.json,evals.e1_opt248_o3.6.metrics.transmission[3][0],0.7759141446456099
data/baselines_fullwave/summary.json,evals.e1_opt248_o3.6.metrics.transmission[3][1],0.7759141447902262
data/baselines_fullwave/summary.json,evals.e1_opt248_o3.6.metrics.transmission[4][0],0.801372760693906
data/baselines_fullwave/summary.json,evals.e1_opt248_o3.6.metrics.transmission[4][1],0.8013727607059913
data/baselines_fullwave/summary.json,evals.e1_opt248_o3.6.metrics.transmission[5][0],0.8062566324006867
data/baselines_fullwave/summary.json,evals.e1_opt248_o3.6.metrics.transmission[5][1],0.8062566322553915
data/baselines_fullwave/summary.json,evals.e1_opt248_o3.6.metrics.transmission[6][0],0.8132674215644422
data/baselines_fullwave/summary.json,evals.e1_opt248_o3.6.metrics.transmission[6][1],0.8132674216913659
data/baselines_fullwave/summary.json,evals.e1_opt248_o3.6.metrics.transmission[7][0],0.8266262658897143
data/baselines_fullwave/summary.json,evals.e1_opt248_o3.6.metrics.transmission[7][1],0.8266262660137501
data/baselines_fullwave/summary.json,evals.e1_opt248_o3.6.metrics.transmission[8][0],0.8261903782863504
data/baselines_fullwave/summary.json,evals.e1_opt248_o3.6.metrics.transmission[8][1],0.8261903781812213
data/baselines_fullwave/summary.json,evals.e1_opt248_o3.6.metrics.strehl[0][0],0.1812027461670663
data/baselines_fullwave/summary.json,evals.e1_opt248_o3.6.metrics.strehl[0][1],0.18120274634599554
data/baselines_fullwave/summary.json,evals.e1_opt248_o3.6.metrics.strehl[1][0],0.16396151932330347
data/baselines_fullwave/summary.json,evals.e1_opt248_o3.6.metrics.strehl[1][1],0.16396152025464167
data/baselines_fullwave/summary.json,evals.e1_opt248_o3.6.metrics.strehl[2][0],0.1614065538951004
data/baselines_fullwave/summary.json,evals.e1_opt248_o3.6.metrics.strehl[2][1],0.16140655393984807
data/baselines_fullwave/summary.json,evals.e1_opt248_o3.6.metrics.strehl[3][0],0.15487751996699042
data/baselines_fullwave/summary.json,evals.e1_opt248_o3.6.metrics.strehl[3][1],0.15487752063911067
data/baselines_fullwave/summary.json,evals.e1_opt248_o3.6.metrics.strehl[4][0],0.14907187776764558
data/baselines_fullwave/summary.json,evals.e1_opt248_o3.6.metrics.strehl[4][1],0.1490718779960386
data/baselines_fullwave/summary.json,evals.e1_opt248_o3.6.metrics.strehl[5][0],0.14810995535200785
data/baselines_fullwave/summary.json,evals.e1_opt248_o3.6.metrics.strehl[5][1],0.148109955268683
data/baselines_fullwave/summary.json,evals.e1_opt248_o3.6.metrics.strehl[6][0],0.14598559200329964
data/baselines_fullwave/summary.json,evals.e1_opt248_o3.6.metrics.strehl[6][1],0.1459855912953239
data/baselines_fullwave/summary.json,evals.e1_opt248_o3.6.metrics.strehl[7][0],0.14518446468321858
data/baselines_fullwave/summary.json,evals.e1_opt248_o3.6.metrics.strehl[7][1],0.14518446452115016
data/baselines_fullwave/summary.json,evals.e1_opt248_o3.6.metrics.strehl[8][0],0.1437922016087129
data/baselines_fullwave/summary.json,evals.e1_opt248_o3.6.metrics.strehl[8][1],0.14379220138020912
data/baselines_fullwave/summary.json,evals.e1_opt248_o3.6.metrics.focusing_efficiency[0][0],0.10826991264125878
data/baselines_fullwave/summary.json,evals.e1_opt248_o3.6.metrics.focusing_efficiency[0][1],0.10826991288686806
data/baselines_fullwave/summary.json,evals.e1_opt248_o3.6.metrics.focusing_efficiency[1][0],0.1043717452672548
data/baselines_fullwave/summary.json,evals.e1_opt248_o3.6.metrics.focusing_efficiency[1][1],0.10437174589238322
data/baselines_fullwave/summary.json,evals.e1_opt248_o3.6.metrics.focusing_efficiency[2][0],0.1109101051920959
data/baselines_fullwave/summary.json,evals.e1_opt248_o3.6.metrics.focusing_efficiency[2][1],0.11091010535174074
data/baselines_fullwave/summary.json,evals.e1_opt248_o3.6.metrics.focusing_efficiency[3][0],0.11927564930326308
data/baselines_fullwave/summary.json,evals.e1_opt248_o3.6.metrics.focusing_efficiency[3][1],0.11927564973121213
data/baselines_fullwave/summary.json,evals.e1_opt248_o3.6.metrics.focusing_efficiency[4][0],0.1352447376499301
data/baselines_fullwave/summary.json,evals.e1_opt248_o3.6.metrics.focusing_efficiency[4][1],0.13524473768202053
data/baselines_fullwave/summary.json,evals.e1_opt248_o3.6.metrics.focusing_efficiency[5][0],0.10683852629066175
data/baselines_fullwave/summary.json,evals.e1_opt248_o3.6.metrics.focusing_efficiency[5][1],0.10683852617872464
data/baselines_fullwave/summary.json,evals.e1_opt248_o3.6.metrics.focusing_efficiency[6][0],0.1262549145639111
data/baselines_fullwave/summary.json,evals.e1_opt248_o3.6.metrics.focusing_efficiency[6][1],0.12625491406040876
data/baselines_fullwave/summary.json,evals.e1_opt248_o3.6.metrics.focusing_efficiency[7][0],0.13194872970312707
data/baselines_fullwave/summary.json,evals.e1_opt248_o3.6.metrics.focusing_efficiency[7][1],0.13194872945353625
data/baselines_fullwave/summary.json,evals.e1_opt248_o3.6.metrics.focusing_efficiency[8][0],0.1097622293081933
data/baselines_fullwave/summary.json,evals.e1_opt248_o3.6.metrics.focusing_efficiency[8][1],0.10976222904974074
data/baselines_fullwave/summary.json,evals.e1_opt248_o3.6.metrics.disk_radius_um[0],1.3374032637913187
data/baselines_fullwave/summary.json,evals.e1_opt248_o3.6.metrics.disk_radius_um[1],1.4329320683478417
data/baselines_fullwave/summary.json,evals.e1_opt248_o3.6.metrics.disk_radius_um[2],1.49661793805219
data/baselines_fullwave/summary.json,evals.e1_opt248_o3.6.metrics.disk_radius_um[3],1.6239896774608868
data/baselines_fullwave/summary.json,evals.e1_opt248_o3.6.metrics.disk_radius_um[4],1.7195184820174099
data/baselines_fullwave/summary.json,evals.e1_opt248_o3.6.metrics.disk_radius_um[5],1.8150472865739324
data/baselines_fullwave/summary.json,evals.e1_opt248_o3.6.metrics.disk_radius_um[6],1.9105760911304552
data/baselines_fullwave/summary.json,evals.e1_opt248_o3.6.metrics.disk_radius_um[7],2.0220263631130653
data/baselines_fullwave/summary.json,evals.e1_opt248_o3.6.metrics.disk_radius_um[8],2.1334766350956746
data/baselines_fullwave/summary.json,evals.e1_opt248_o3.6.metrics.na_geometric,0.2873478855663718
data/baselines_fullwave/summary.json,evals.e1_opt248_o3.6.metrics.focal_um,333.3333333333
data/baselines_fullwave/summary.json,evals.e1_opt248_o3.6.metrics.axial_peak_um[0][0],333.3333333333
data/baselines_fullwave/summary.json,evals.e1_opt248_o3.6.metrics.axial_peak_um[0][1],333.3333333333
data/baselines_fullwave/summary.json,evals.e1_opt248_o3.6.metrics.axial_peak_um[1][0],333.3333333333
data/baselines_fullwave/summary.json,evals.e1_opt248_o3.6.metrics.axial_peak_um[1][1],333.3333333333
data/baselines_fullwave/summary.json,evals.e1_opt248_o3.6.metrics.axial_peak_um[2][0],333.3333333333
data/baselines_fullwave/summary.json,evals.e1_opt248_o3.6.metrics.axial_peak_um[2][1],333.3333333333
data/baselines_fullwave/summary.json,evals.e1_opt248_o3.6.metrics.axial_peak_um[3][0],333.3333333333
data/baselines_fullwave/summary.json,evals.e1_opt248_o3.6.metrics.axial_peak_um[3][1],333.3333333333
data/baselines_fullwave/summary.json,evals.e1_opt248_o3.6.metrics.axial_peak_um[4][0],313.3333333333
data/baselines_fullwave/summary.json,evals.e1_opt248_o3.6.metrics.axial_peak_um[4][1],313.3333333333
data/baselines_fullwave/summary.json,evals.e1_opt248_o3.6.metrics.axial_peak_um[5][0],295.8333333333
data/baselines_fullwave/summary.json,evals.e1_opt248_o3.6.metrics.axial_peak_um[5][1],295.8333333333
data/baselines_fullwave/summary.json,evals.e1_opt248_o3.6.metrics.axial_peak_um[6][0],295.8333333333
data/baselines_fullwave/summary.json,evals.e1_opt248_o3.6.metrics.axial_peak_um[6][1],295.8333333333
data/baselines_fullwave/summary.json,evals.e1_opt248_o3.6.metrics.axial_peak_um[7][0],278.3333333333
data/baselines_fullwave/summary.json,evals.e1_opt248_o3.6.metrics.axial_peak_um[7][1],278.3333333333
data/baselines_fullwave/summary.json,evals.e1_opt248_o3.6.metrics.axial_peak_um[8][0],263.3333333333
data/baselines_fullwave/summary.json,evals.e1_opt248_o3.6.metrics.axial_peak_um[8][1],263.3333333333
data/baselines_fullwave/summary.json,evals.e1_opt248_o3.6.file,metrics.json
data/baselines_fullwave/summary.json,evals.e2_final_o0.9_repro.objective,e2_rgb_holo
data/baselines_fullwave/summary.json,evals.e2_final_o0.9_repro.objective_value,0.6761390271003574
data/baselines_fullwave/summary.json,evals.e2_final_o0.9_repro.fill,0.3982193171977997
data/baselines_fullwave/summary.json,evals.e2_final_o0.9_repro.core_um,19.0
data/baselines_fullwave/summary.json,evals.e2_final_o0.9_repro.overlap_um,0.9
data/baselines_fullwave/summary.json,evals.e2_final_o0.9_repro.tiles,64
data/baselines_fullwave/summary.json,evals.e2_final_o0.9_repro.polarizations,x
data/baselines_fullwave/summary.json,evals.e2_final_o0.9_repro.seconds,69.6827437877655
data/baselines_fullwave/summary.json,evals.e2_final_o0.9_repro.density_file,e2_opt_final.npz
data/baselines_fullwave/summary.json,evals.e2_final_o0.9_repro.density_sha256,55ab7d7c32fe4838db309d4ac3d7bc283b898deecdf2e7d5239de62f28aec798
data/baselines_fullwave/summary.json,evals.e2_final_o0.9_repro.metrics.objective,0.6761390271003574
data/baselines_fullwave/summary.json,evals.e2_final_o0.9_repro.metrics.lam_nm[0],450.0
data/baselines_fullwave/summary.json,evals.e2_final_o0.9_repro.metrics.lam_nm[1],540.0
data/baselines_fullwave/summary.json,evals.e2_final_o0.9_repro.metrics.lam_nm[2],635.0
data/baselines_fullwave/summary.json,evals.e2_final_o0.9_repro.metrics.J_channel[0],0.6744443950598402
data/baselines_fullwave/summary.json,evals.e2_final_o0.9_repro.metrics.J_channel[1],0.6773422709592778
data/baselines_fullwave/summary.json,evals.e2_final_o0.9_repro.metrics.J_channel[2],0.6767489678594292
data/baselines_fullwave/summary.json,evals.e2_final_o0.9_repro.metrics.efficiency[0],0.7416008945265611
data/baselines_fullwave/summary.json,evals.e2_final_o0.9_repro.metrics.efficiency[1],0.7984651350532688
data/baselines_fullwave/summary.json,evals.e2_final_o0.9_repro.metrics.efficiency[2],0.7691164582451355
data/baselines_fullwave/summary.json,evals.e2_final_o0.9_repro.metrics.similarity[0][0],0.9107564326865142
data/baselines_fullwave/summary.json,evals.e2_final_o0.9_repro.metrics.similarity[0][1],0.1059703291083395
data/baselines_fullwave/summary.json,evals.e2_final_o0.9_repro.metrics.similarity[0][2],-0.33562805950994257
data/baselines_fullwave/summary.json,evals.e2_final_o0.9_repro.metrics.similarity[1][0],0.1739334020109258
data/baselines_fullwave/summary.json,evals.e2_final_o0.9_repro.metrics.similarity[1][1],0.8569565423043353
data/baselines_fullwave/summary.json,evals.e2_final_o0.9_repro.metrics.similarity[1][2],0.14187595601684616
data/baselines_fullwave/summary.json,evals.e2_final_o0.9_repro.metrics.similarity[2][0],-0.09776155224813118
data/baselines_fullwave/summary.json,evals.e2_final_o0.9_repro.metrics.similarity[2][1],0.2391211906767216
data/baselines_fullwave/summary.json,evals.e2_final_o0.9_repro.metrics.similarity[2][2],0.8799044157805986
data/baselines_fullwave/summary.json,evals.e2_final_o0.9_repro.metrics.similarity_targets[0][0],1.0
data/baselines_fullwave/summary.json,evals.e2_final_o0.9_repro.metrics.similarity_targets[0][1],0.11022124735231255
data/baselines_fullwave/summary.json,evals.e2_final_o0.9_repro.metrics.similarity_targets[0][2],-0.33825316453201754
data/baselines_fullwave/summary.json,evals.e2_final_o0.9_repro.metrics.similarity_targets[1][0],0.16355155256988557
data/baselines_fullwave/summary.json,evals.e2_final_o0.9_repro.metrics.similarity_targets[1][1],0.9999999999999999
data/baselines_fullwave/summary.json,evals.e2_final_o0.9_repro.metrics.similarity_targets[1][2],0.13495548373265628
data/baselines_fullwave/summary.json,evals.e2_final_o0.9_repro.metrics.similarity_targets[2][0],-0.0888137978175084
data/baselines_fullwave/summary.json,evals.e2_final_o0.9_repro.metrics.similarity_targets[2][1],0.2513192864672065
data/baselines_fullwave/summary.json,evals.e2_final_o0.9_repro.metrics.similarity_targets[2][2],1.0
data/baselines_fullwave/summary.json,evals.e2_final_o0.9_repro.metrics.crosstalk_excess[0][0],0.0
data/baselines_fullwave/summary.json,evals.e2_final_o0.9_repro.metrics.crosstalk_excess[0][1],0.0
data/baselines_fullwave/summary.json,evals.e2_final_o0.9_repro.metrics.crosstalk_excess[0][2],0.0026251050220749694
data/baselines_fullwave/summary.json,evals.e2_final_o0.9_repro.metrics.crosstalk_excess[1][0],0.01038184944104023
data/baselines_fullwave/summary.json,evals.e2_final_o0.9_repro.metrics.crosstalk_excess[1][1],0.0
data/baselines_fullwave/summary.json,evals.e2_final_o0.9_repro.metrics.crosstalk_excess[1][2],0.006920472284189877
data/baselines_fullwave/summary.json,evals.e2_final_o0.9_repro.metrics.crosstalk_excess[2][0],0.0
data/baselines_fullwave/summary.json,evals.e2_final_o0.9_repro.metrics.crosstalk_excess[2][1],0.0
data/baselines_fullwave/summary.json,evals.e2_final_o0.9_repro.metrics.crosstalk_excess[2][2],0.0
data/baselines_fullwave/summary.json,evals.e2_final_o0.9_repro.metrics.pearson[0],0.9467624447073777
data/baselines_fullwave/summary.json,evals.e2_final_o0.9_repro.metrics.pearson[1],0.9064110116018028
data/baselines_fullwave/summary.json,evals.e2_final_o0.9_repro.metrics.pearson[2],0.9233029448607298
data/baselines_fullwave/summary.json,evals.e2_final_o0.9_repro.metrics.psnr_db[0],18.784199036848253
data/baselines_fullwave/summary.json,evals.e2_final_o0.9_repro.metrics.psnr_db[1],17.672315972310113
data/baselines_fullwave/summary.json,evals.e2_final_o0.9_repro.metrics.psnr_db[2],16.858906154203893
data/baselines_fullwave/summary.json,evals.e2_final_o0.9_repro.metrics.ssim[0],0.1979936972849491
data/baselines_fullwave/summary.json,evals.e2_final_o0.9_repro.metrics.ssim[1],0.181918026098998
data/baselines_fullwave/summary.json,evals.e2_final_o0.9_repro.metrics.ssim[2],0.2217540112705133
data/baselines_fullwave/summary.json,evals.e2_final_o0.9_repro.metrics.unmixing[0][0],0.35975792464989875
data/baselines_fullwave/summary.json,evals.e2_final_o0.9_repro.metrics.unmixing[0][1],0.0013521091095067236
data/baselines_fullwave/summary.json,evals.e2_final_o0.9_repro.metrics.unmixing[0][2],-0.04876747539769882
data/baselines_fullwave/summary.json,evals.e2_final_o0.9_repro.metrics.unmixing[1][0],0.004887652649434027
data/baselines_fullwave/summary.json,evals.e2_final_o0.9_repro.metrics.unmixing[1][1],0.3850968637064186
data/baselines_fullwave/summary.json,evals.e2_final_o0.9_repro.metrics.unmixing[1][2],-0.008905897493820128
data/baselines_fullwave/summary.json,evals.e2_final_o0.9_repro.metrics.unmixing[2][0],-0.012781350904974287
data/baselines_fullwave/summary.json,evals.e2_final_o0.9_repro.metrics.unmixing[2][1],0.0069467731539901096
data/baselines_fullwave/summary.json,evals.e2_final_o0.9_repro.metrics.unmixing[2][2],0.4635557231188281
data/baselines_fullwave/summary.json,evals.e2_final_o0.9_repro.metrics.unmixing_rownorm[0][0],1.0
data/baselines_fullwave/summary.json,evals.e2_final_o0.9_repro.metrics.unmixing_rownorm[0][1],0.0037583858946888776
data/baselines_fullwave/summary.json,evals.e2_final_o0.9_repro.metrics.unmixing_rownorm[0][2],-0.13555636180956201
data/baselines_fullwave/summary.json,evals.e2_final_o0.9_repro.metrics.unmixing_rownorm[1][0],0.012692008453125613
data/baselines_fullwave/summary.json,evals.e2_final_o0.9_repro.metrics.unmixing_rownorm[1][1],1.0
data/baselines_fullwave/summary.json,evals.e2_final_o0.9_repro.metrics.unmixing_rownorm[1][2],-0.023126382822503597
data/baselines_fullwave/summary.json,evals.e2_final_o0.9_repro.metrics.unmixing_rownorm[2][0],-0.02757241528371317
data/baselines_fullwave/summary.json,evals.e2_final_o0.9_repro.metrics.unmixing_rownorm[2][1],0.014985842710023818
data/baselines_fullwave/summary.json,evals.e2_final_o0.9_repro.metrics.unmixing_rownorm[2][2],1.0
data/baselines_fullwave/summary.json,evals.e2_final_o0.9_repro.file,metrics.json
data/baselines_fullwave/summary.json,evals.e2_final_o3.6.objective,e2_rgb_holo
data/baselines_fullwave/summary.json,evals.e2_final_o3.6.objective_value,0.6729735633963294
data/baselines_fullwave/summary.json,evals.e2_final_o3.6.fill,0.3982193171977997
data/baselines_fullwave/summary.json,evals.e2_final_o3.6.core_um,15.0
data/baselines_fullwave/summary.json,evals.e2_final_o3.6.overlap_um,3.6
data/baselines_fullwave/summary.json,evals.e2_final_o3.6.tiles,100
data/baselines_fullwave/summary.json,evals.e2_final_o3.6.polarizations,x
data/baselines_fullwave/summary.json,evals.e2_final_o3.6.seconds,131.98405504226685
data/baselines_fullwave/summary.json,evals.e2_final_o3.6.density_file,e2_opt_final.npz
data/baselines_fullwave/summary.json,evals.e2_final_o3.6.density_sha256,55ab7d7c32fe4838db309d4ac3d7bc283b898deecdf2e7d5239de62f28aec798
data/baselines_fullwave/summary.json,evals.e2_final_o3.6.metrics.objective,0.6729735633963294
data/baselines_fullwave/summary.json,evals.e2_final_o3.6.metrics.lam_nm[0],450.0
data/baselines_fullwave/summary.json,evals.e2_final_o3.6.metrics.lam_nm[1],540.0
data/baselines_fullwave/summary.json,evals.e2_final_o3.6.metrics.lam_nm[2],635.0
data/baselines_fullwave/summary.json,evals.e2_final_o3.6.metrics.J_channel[0],0.6718524613215853
data/baselines_fullwave/summary.json,evals.e2_final_o3.6.metrics.J_channel[1],0.6739925509999287
data/baselines_fullwave/summary.json,evals.e2_final_o3.6.metrics.J_channel[2],0.6731338588012937
data/baselines_fullwave/summary.json,evals.e2_final_o3.6.metrics.efficiency[0],0.7392716602293237
data/baselines_fullwave/summary.json,evals.e2_final_o3.6.metrics.efficiency[1],0.7958730792401651
data/baselines_fullwave/summary.json,evals.e2_final_o3.6.metrics.efficiency[2],0.7656123791163683
data/baselines_fullwave/summary.json,evals.e2_final_o3.6.metrics.similarity[0][0],0.9105106727564979
data/baselines_fullwave/summary.json,evals.e2_final_o3.6.metrics.similarity[0][1],0.10707284007967934
data/baselines_fullwave/summary.json,evals.e2_final_o3.6.metrics.similarity[0][2],-0.33483824833399173
data/baselines_fullwave/summary.json,evals.e2_final_o3.6.metrics.similarity[1][0],0.17512381815247496
data/baselines_fullwave/summary.json,evals.e2_final_o3.6.metrics.similarity[1][1],0.8563238108319183
data/baselines_fullwave/summary.json,evals.e2_final_o3.6.metrics.similarity[1][2],0.14231215883175016
data/baselines_fullwave/summary.json,evals.e2_final_o3.6.metrics.similarity[2][0],-0.09750875359204646
data/baselines_fullwave/summary.json,evals.e2_final_o3.6.metrics.similarity[2][1],0.23965393259953172
data/baselines_fullwave/summary.json,evals.e2_final_o3.6.metrics.similarity[2][2],0.8792097374107135
data/baselines_fullwave/summary.json,evals.e2_final_o3.6.metrics.similarity_targets[0][0],1.0
data/baselines_fullwave/summary.json,evals.e2_final_o3.6.metrics.similarity_targets[0][1],0.11022124735231255
data/baselines_fullwave/summary.json,evals.e2_final_o3.6.metrics.similarity_targets[0][2],-0.33825316453201754
data/baselines_fullwave/summary.json,evals.e2_final_o3.6.metrics.similarity_targets[1][0],0.16355155256988557
data/baselines_fullwave/summary.json,evals.e2_final_o3.6.metrics.similarity_targets[1][1],0.9999999999999999
data/baselines_fullwave/summary.json,evals.e2_final_o3.6.metrics.similarity_targets[1][2],0.13495548373265628
data/baselines_fullwave/summary.json,evals.e2_final_o3.6.metrics.similarity_targets[2][0],-0.0888137978175084
data/baselines_fullwave/summary.json,evals.e2_final_o3.6.metrics.similarity_targets[2][1],0.2513192864672065
data/baselines_fullwave/summary.json,evals.e2_final_o3.6.metrics.similarity_targets[2][2],1.0
data/baselines_fullwave/summary.json,evals.e2_final_o3.6.metrics.crosstalk_excess[0][0],0.0
data/baselines_fullwave/summary.json,evals.e2_final_o3.6.metrics.crosstalk_excess[0][1],0.0
data/baselines_fullwave/summary.json,evals.e2_final_o3.6.metrics.crosstalk_excess[0][2],0.003414916198025808
data/baselines_fullwave/summary.json,evals.e2_final_o3.6.metrics.crosstalk_excess[1][0],0.011572265582589392
data/baselines_fullwave/summary.json,evals.e2_final_o3.6.metrics.crosstalk_excess[1][1],0.0
data/baselines_fullwave/summary.json,evals.e2_final_o3.6.metrics.crosstalk_excess[1][2],0.007356675099093879
data/baselines_fullwave/summary.json,evals.e2_final_o3.6.metrics.crosstalk_excess[2][0],0.0
data/baselines_fullwave/summary.json,evals.e2_final_o3.6.metrics.crosstalk_excess[2][1],0.0
data/baselines_fullwave/summary.json,evals.e2_final_o3.6.metrics.crosstalk_excess[2][2],0.0
data/baselines_fullwave/summary.json,evals.e2_final_o3.6.metrics.pearson[0],0.9466593847826714
data/baselines_fullwave/summary.json,evals.e2_final_o3.6.metrics.pearson[1],0.90599068237726
data/baselines_fullwave/summary.json,evals.e2_final_o3.6.metrics.pearson[2],0.9228262889619474
data/baselines_fullwave/summary.json,evals.e2_final_o3.6.metrics.psnr_db[0],18.773771293459326
data/baselines_fullwave/summary.json,evals.e2_final_o3.6.metrics.psnr_db[1],17.658862736914056
data/baselines_fullwave/summary.json,evals.e2_final_o3.6.metrics.psnr_db[2],16.83982733704071
data/baselines_fullwave/summary.json,evals.e2_final_o3.6.metrics.ssim[0],0.19773354215218497
data/baselines_fullwave/summary.json,evals.e2_final_o3.6.metrics.ssim[1],0.18159959651383253
data/baselines_fullwave/summary.json,evals.e2_final_o3.6.metrics.ssim[2],0.22125258752865481
data/baselines_fullwave/summary.json,evals.e2_final_o3.6.metrics.unmixing[0][0],0.3579898987125264
data/baselines_fullwave/summary.json,evals.e2_final_o3.6.metrics.unmixing[0][1],0.0017745939244676007
data/baselines_fullwave/summary.json,evals.e2_final_o3.6.metrics.unmixing[0][2],-0.048529089503779994
data/baselines_fullwave/summary.json,evals.e2_final_o3.6.metrics.unmixing[1][0],0.005322209389010735
data/baselines_fullwave/summary.json,evals.e2_final_o3.6.metrics.unmixing[1][1],0.38288424678889343
data/baselines_fullwave/summary.json,evals.e2_final_o3.6.metrics.unmixing[1][2],-0.008565021928006315
data/baselines_fullwave/summary.json,evals.e2_final_o3.6.metrics.unmixing[2][0],-0.012720864912499408
data/baselines_fullwave/summary.json,evals.e2_final_o3.6.metrics.unmixing[2][1],0.007185148644940231
data/baselines_fullwave/summary.json,evals.e2_final_o3.6.metrics.unmixing[2][2],0.4606046897277069
data/baselines_fullwave/summary.json,evals.e2_final_o3.6.metrics.unmixing_rownorm[0][0],1.0
data/baselines_fullwave/summary.json,evals.e2_final_o3.6.metrics.unmixing_rownorm[0][1],0.004957106138608223
data/baselines_fullwave/summary.json,evals.e2_final_o3.6.metrics.unmixing_rownorm[0][2],-0.13555994087629242
data/baselines_fullwave/summary.json,evals.e2_final_o3.6.metrics.unmixing_rownorm[1][0],0.013900309123830789
data/baselines_fullwave/summary.json,evals.e2_final_o3.6.metrics.unmixing_rownorm[1][1],1.0
data/baselines_fullwave/summary.json,evals.e2_final_o3.6.metrics.unmixing_rownorm[1][2],-0.02236974229114397
data/baselines_fullwave/summary.json,evals.e2_final_o3.6.metrics.unmixing_rownorm[2][0],-0.02761774944154288
data/baselines_fullwave/summary.json,evals.e2_final_o3.6.metrics.unmixing_rownorm[2][1],0.015599382301530268
data/baselines_fullwave/summary.json,evals.e2_final_o3.6.metrics.unmixing_rownorm[2][2],1.0
data/baselines_fullwave/summary.json,evals.e2_final_o3.6.file,metrics.json
data/baselines_fullwave/summary.json,evals.e2_lut_o3.6.objective,e2_rgb_holo
data/baselines_fullwave/summary.json,evals.e2_lut_o3.6.objective_value,0.40910093994211283
data/baselines_fullwave/summary.json,evals.e2_lut_o3.6.fill,0.26070860028266907
data/baselines_fullwave/summary.json,evals.e2_lut_o3.6.core_um,15.0
data/baselines_fullwave/summary.json,evals.e2_lut_o3.6.overlap_um,3.6
data/baselines_fullwave/summary.json,evals.e2_lut_o3.6.tiles,100
data/baselines_fullwave/summary.json,evals.e2_lut_o3.6.polarizations,x
data/baselines_fullwave/summary.json,evals.e2_lut_o3.6.seconds,116.61880588531494
data/baselines_fullwave/summary.json,evals.e2_lut_o3.6.density_file,e2_lut.npz
data/baselines_fullwave/summary.json,evals.e2_lut_o3.6.density_sha256,70bc503b668aaa0263356ba6b97270dc912423922f5cc56394b5eb81cbdd2179
data/baselines_fullwave/summary.json,evals.e2_lut_o3.6.metrics.objective,0.40910093994211283
data/baselines_fullwave/summary.json,evals.e2_lut_o3.6.metrics.lam_nm[0],450.0
data/baselines_fullwave/summary.json,evals.e2_lut_o3.6.metrics.lam_nm[1],540.0
data/baselines_fullwave/summary.json,evals.e2_lut_o3.6.metrics.lam_nm[2],635.0
data/baselines_fullwave/summary.json,evals.e2_lut_o3.6.metrics.J_channel[0],0.3872260883408334
data/baselines_fullwave/summary.json,evals.e2_lut_o3.6.metrics.J_channel[1],0.5101923072633289
data/baselines_fullwave/summary.json,evals.e2_lut_o3.6.metrics.J_channel[2],0.505189241066692
data/baselines_fullwave/summary.json,evals.e2_lut_o3.6.metrics.efficiency[0],0.7116209525934073
data/baselines_fullwave/summary.json,evals.e2_lut_o3.6.metrics.efficiency[1],0.7865142050566861
data/baselines_fullwave/summary.json,evals.e2_lut_o3.6.metrics.efficiency[2],0.687646492945321
data/baselines_fullwave/summary.json,evals.e2_lut_o3.6.metrics.similarity[0][0],0.7759662086884284
data/baselines_fullwave/summary.json,evals.e2_lut_o3.6.metrics.similarity[0][1],0.34056313007625416
data/baselines_fullwave/summary.json,evals.e2_lut_o3.6.metrics.similarity[0][2],-0.10495573572327324
data/baselines_fullwave/summary.json,evals.e2_lut_o3.6.metrics.similarity[1][0],0.29563704983034217
data/baselines_fullwave/summary.json,evals.e2_lut_o3.6.metrics.similarity[1][1],0.7391696043110222
data/baselines_fullwave/summary.json,evals.e2_lut_o3.6.metrics.similarity[1][2],0.18385867304853498
data/baselines_fullwave/summary.json,evals.e2_lut_o3.6.metrics.similarity[2][0],-0.08085887684762298
data/baselines_fullwave/summary.json,evals.e2_lut_o3.6.metrics.similarity[2][1],0.28409101600833764
data/baselines_fullwave/summary.json,evals.e2_lut_o3.6.metrics.similarity[2][2],0.7550274968167856
data/baselines_fullwave/summary.json,evals.e2_lut_o3.6.metrics.similarity_targets[0][0],1.0
data/baselines_fullwave/summary.json,evals.e2_lut_o3.6.metrics.similarity_targets[0][1],0.11022124735231255
data/baselines_fullwave/summary.json,evals.e2_lut_o3.6.metrics.similarity_targets[0][2],-0.33825316453201754
data/baselines_fullwave/summary.json,evals.e2_lut_o3.6.metrics.similarity_targets[1][0],0.16355155256988557
data/baselines_fullwave/summary.json,evals.e2_lut_o3.6.metrics.similarity_targets[1][1],0.9999999999999999
data/baselines_fullwave/summary.json,evals.e2_lut_o3.6.metrics.similarity_targets[1][2],0.13495548373265628
data/baselines_fullwave/summary.json,evals.e2_lut_o3.6.metrics.similarity_targets[2][0],-0.0888137978175084
data/baselines_fullwave/summary.json,evals.e2_lut_o3.6.metrics.similarity_targets[2][1],0.2513192864672065
data/baselines_fullwave/summary.json,evals.e2_lut_o3.6.metrics.similarity_targets[2][2],1.0
data/baselines_fullwave/summary.json,evals.e2_lut_o3.6.metrics.crosstalk_excess[0][0],0.0
data/baselines_fullwave/summary.json,evals.e2_lut_o3.6.metrics.crosstalk_excess[0][1],0.23034188272394163
data/baselines_fullwave/summary.json,evals.e2_lut_o3.6.metrics.crosstalk_excess[0][2],0.2332974288087443
data/baselines_fullwave/summary.json,evals.e2_lut_o3.6.metrics.crosstalk_excess[1][0],0.1320854972604566
data/baselines_fullwave/summary.json,evals.e2_lut_o3.6.metrics.crosstalk_excess[1][1],0.0
data/baselines_fullwave/summary.json,evals.e2_lut_o3.6.metrics.crosstalk_excess[1][2],0.0489031893158787
data/baselines_fullwave/summary.json,evals.e2_lut_o3.6.metrics.crosstalk_excess[2][0],0.007954920969885412
data/baselines_fullwave/summary.json,evals.e2_lut_o3.6.metrics.crosstalk_excess[2][1],0.03277172954113111
data/baselines_fullwave/summary.json,evals.e2_lut_o3.6.metrics.crosstalk_excess[2][2],0.0
data/baselines_fullwave/summary.json,evals.e2_lut_o3.6.metrics.pearson[0],0.818188090297841
data/baselines_fullwave/summary.json,evals.e2_lut_o3.6.metrics.pearson[1],0.7956176507160726
data/baselines_fullwave/summary.json,evals.e2_lut_o3.6.metrics.pearson[2],0.8198413192207877
data/baselines_fullwave/summary.json,evals.e2_lut_o3.6.metrics.psnr_db[0],18.200441149197644
data/baselines_fullwave/summary.json,evals.e2_lut_o3.6.metrics.psnr_db[1],16.859650088518006
data/baselines_fullwave/summary.json,evals.e2_lut_o3.6.metrics.psnr_db[2],15.084505855588743
data/baselines_fullwave/summary.json,evals.e2_lut_o3.6.metrics.ssim[0],0.4190567626799045
data/baselines_fullwave/summary.json,evals.e2_lut_o3.6.metrics.ssim[1],0.6178377955711439
data/baselines_fullwave/summary.json,evals.e2_lut_o3.6.metrics.ssim[2],0.2307093690981725
data/baselines_fullwave/summary.json,evals.e2_lut_o3.6.metrics.unmixing[0][0],0.38853029138457074
data/baselines_fullwave/summary.json,evals.e2_lut_o3.6.metrics.unmixing[0][1],0.1381323813528272
data/baselines_fullwave/summary.json,evals.e2_lut_o3.6.metrics.unmixing[0][2],0.06003543543174883
data/baselines_fullwave/summary.json,evals.e2_lut_o3.6.metrics.unmixing[1][0],0.11826960933413849
data/baselines_fullwave/summary.json,evals.e2_lut_o3.6.metrics.unmixing[1][1],0.4953184833822883
data/baselines_fullwave/summary.json,evals.e2_lut_o3.6.metrics.unmixing[1][2],0.1429171867771842
data/baselines_fullwave/summary.json,evals.e2_lut_o3.6.metrics.unmixing[2][0],-0.007666768729323592
data/baselines_fullwave/summary.json,evals.e2_lut_o3.6.metrics.unmixing[2][1],0.05041265417413084
data/baselines_fullwave/summary.json,evals.e2_lut_o3.6.metrics.unmixing[2][2],0.4601867917661109
data/baselines_fullwave/summary.json,evals.e2_lut_o3.6.metrics.unmixing_rownorm[0][0],1.0
data/baselines_fullwave/summary.json,evals.e2_lut_o3.6.metrics.unmixing_rownorm[0][1],0.35552538480481705
data/baselines_fullwave/summary.json,evals.e2_lut_o3.6.metrics.unmixing_rownorm[0][2],0.15451931744576697
data/baselines_fullwave/summary.json,evals.e2_lut_o3.6.metrics.unmixing_rownorm[1][0],0.2387748757658568
data/baselines_fullwave/summary.json,evals.e2_lut_o3.6.metrics.unmixing_rownorm[1][1],1.0
data/baselines_fullwave/summary.json,evals.e2_lut_o3.6.metrics.unmixing_rownorm[1][2],0.2885359451988798
data/baselines_fullwave/summary.json,evals.e2_lut_o3.6.metrics.unmixing_rownorm[2][0],-0.016660123381420762
data/baselines_fullwave/summary.json,evals.e2_lut_o3.6.metrics.unmixing_rownorm[2][1],0.10954824231407534
data/baselines_fullwave/summary.json,evals.e2_lut_o3.6.metrics.unmixing_rownorm[2][2],1.0
data/baselines_fullwave/summary.json,evals.e2_lut_o3.6.file,metrics.json
data/baselines_fullwave/summary.json,evals.e3_lut_o3.6.objective,e3_pol_holo
data/baselines_fullwave/summary.json,evals.e3_lut_o3.6.objective_value,0.680197847698185
data/baselines_fullwave/summary.json,evals.e3_lut_o3.6.fill,0.2735852897167206
data/baselines_fullwave/summary.json,evals.e3_lut_o3.6.core_um,15.0
data/baselines_fullwave/summary.json,evals.e3_lut_o3.6.overlap_um,3.6
data/baselines_fullwave/summary.json,evals.e3_lut_o3.6.tiles,49
data/baselines_fullwave/summary.json,evals.e3_lut_o3.6.polarizations,xy
data/baselines_fullwave/summary.json,evals.e3_lut_o3.6.seconds,113.03024768829346
data/baselines_fullwave/summary.json,evals.e3_lut_o3.6.density_file,e3_lut.npz
data/baselines_fullwave/summary.json,evals.e3_lut_o3.6.density_sha256,7d9b3fe80abd4eaa99c49b44892251c2f3e2177556b84f66dd7b711c0c697931
data/baselines_fullwave/summary.json,evals.e3_lut_o3.6.metrics.objective,0.680197847698185
data/baselines_fullwave/summary.json,evals.e3_lut_o3.6.metrics.lam_nm[0],540.0
data/baselines_fullwave/summary.json,evals.e3_lut_o3.6.metrics.J_channel[0],0.6725262632288764
data/baselines_fullwave/summary.json,evals.e3_lut_o3.6.metrics.J_channel[1],0.6928023398785884
data/baselines_fullwave/summary.json,evals.e3_lut_o3.6.metrics.efficiency[0],0.8060822652909397
data/baselines_fullwave/summary.json,evals.e3_lut_o3.6.metrics.efficiency[1],0.8039564979917896
data/baselines_fullwave/summary.json,evals.e3_lut_o3.6.metrics.similarity[0][0],0.9197374227056496
data/baselines_fullwave/summary.json,evals.e3_lut_o3.6.metrics.similarity[0][1],0.6925407577134187
data/baselines_fullwave/summary.json,evals.e3_lut_o3.6.metrics.similarity[1][0],0.6611904068570201
data/baselines_fullwave/summary.json,evals.e3_lut_o3.6.metrics.similarity[1][1],0.9355617348586606
data/baselines_fullwave/summary.json,evals.e3_lut_o3.6.metrics.similarity_targets[0][0],1.0
data/baselines_fullwave/summary.json,evals.e3_lut_o3.6.metrics.similarity_targets[0][1],0.521695262399882
data/baselines_fullwave/summary.json,evals.e3_lut_o3.6.metrics.similarity_targets[1][0],0.5135490947169953
data/baselines_fullwave/summary.json,evals.e3_lut_o3.6.metrics.similarity_targets[1][1],1.0000000000000004
data/baselines_fullwave/summary.json,evals.e3_lut_o3.6.metrics.crosstalk_excess[0][0],0.0
data/baselines_fullwave/summary.json,evals.e3_lut_o3.6.metrics.crosstalk_excess[0][1],0.17084549531353677
data/baselines_fullwave/summary.json,evals.e3_lut_o3.6.metrics.crosstalk_excess[1][0],0.14764131214002485
data/baselines_fullwave/summary.json,evals.e3_lut_o3.6.metrics.crosstalk_excess[1][1],0.0
data/baselines_fullwave/summary.json,evals.e3_lut_o3.6.metrics.pearson[0],0.9384905548518856
data/baselines_fullwave/summary.json,evals.e3_lut_o3.6.metrics.pearson[1],0.9503316260617983
data/baselines_fullwave/summary.json,evals.e3_lut_o3.6.metrics.psnr_db[0],20.917265889540882
data/baselines_fullwave/summary.json,evals.e3_lut_o3.6.metrics.psnr_db[1],22.065526174550474
data/baselines_fullwave/summary.json,evals.e3_lut_o3.6.metrics.ssim[0],0.736531328793048
data/baselines_fullwave/summary.json,evals.e3_lut_o3.6.metrics.ssim[1],0.7531596841070362
data/baselines_fullwave/summary.json,evals.e3_lut_o3.6.metrics.unmixing[0][0],0.5595740498995564
data/baselines_fullwave/summary.json,evals.e3_lut_o3.6.metrics.unmixing[0][1],0.19777828681739743
data/baselines_fullwave/summary.json,evals.e3_lut_o3.6.metrics.unmixing[1][0],0.17605205911170285
data/baselines_fullwave/summary.json,evals.e3_lut_o3.6.metrics.unmixing[1][1],0.5793390388463106
data/baselines_fullwave/summary.json,evals.e3_lut_o3.6.metrics.unmixing_rownorm[0][0],1.0
data/baselines_fullwave/summary.json,evals.e3_lut_o3.6.metrics.unmixing_rownorm[0][1],0.3534443508466818
data/baselines_fullwave/summary.json,evals.e3_lut_o3.6.metrics.unmixing_rownorm[1][0],0.30388433595341857
data/baselines_fullwave/summary.json,evals.e3_lut_o3.6.metrics.unmixing_rownorm[1][1],1.0
data/baselines_fullwave/summary.json,evals.e3_lut_o3.6.metrics.channels[0],x -> CNU
data/baselines_fullwave/summary.json,evals.e3_lut_o3.6.metrics.channels[1],y -> PHY
data/baselines_fullwave/summary.json,evals.e3_lut_o3.6.metrics.extinction_wrong_over_own[0],0.09287884788469271
data/baselines_fullwave/summary.json,evals.e3_lut_o3.6.metrics.extinction_wrong_over_own[1],0.12998746834735525
data/baselines_fullwave/summary.json,evals.e3_lut_o3.6.metrics.own_word_power[0],0.625521894893609
data/baselines_fullwave/summary.json,evals.e3_lut_o3.6.metrics.own_word_power[1],0.6123476197535638
data/baselines_fullwave/summary.json,evals.e3_lut_o3.6.metrics.wrong_word_power[0],0.05809775292436825
data/baselines_fullwave/summary.json,evals.e3_lut_o3.6.metrics.wrong_word_power[1],0.0795975168402947
data/baselines_fullwave/summary.json,evals.e3_lut_o3.6.file,metrics.json
data/baselines_fullwave/summary.json,evals.e3_opt189_o3.6.objective,e3_pol_holo
data/baselines_fullwave/summary.json,evals.e3_opt189_o3.6.objective_value,0.8439241581726773
data/baselines_fullwave/summary.json,evals.e3_opt189_o3.6.fill,0.3995283544063568
data/baselines_fullwave/summary.json,evals.e3_opt189_o3.6.core_um,15.0
data/baselines_fullwave/summary.json,evals.e3_opt189_o3.6.overlap_um,3.6
data/baselines_fullwave/summary.json,evals.e3_opt189_o3.6.tiles,49
data/baselines_fullwave/summary.json,evals.e3_opt189_o3.6.polarizations,xy
data/baselines_fullwave/summary.json,evals.e3_opt189_o3.6.seconds,113.24619698524475
data/baselines_fullwave/summary.json,evals.e3_opt189_o3.6.density_file,e3_opt_step0189.npz
data/baselines_fullwave/summary.json,evals.e3_opt189_o3.6.density_sha256,2b21b9c94c11e997e22f4ea00864e56b7bd7bbe1fed683699c54f373b9577332
data/baselines_fullwave/summary.json,evals.e3_opt189_o3.6.metrics.objective,0.8439241581726773
data/baselines_fullwave/summary.json,evals.e3_opt189_o3.6.metrics.lam_nm[0],540.0
data/baselines_fullwave/summary.json,evals.e3_opt189_o3.6.metrics.J_channel[0],0.84223115465397
data/baselines_fullwave/summary.json,evals.e3_opt189_o3.6.metrics.J_channel[1],0.8457738397378716
data/baselines_fullwave/summary.json,evals.e3_opt189_o3.6.metrics.efficiency[0],0.8664144111187052
data/baselines_fullwave/summary.json,evals.e3_opt189_o3.6.metrics.efficiency[1],0.8672491581756088
data/baselines_fullwave/summary.json,evals.e3_opt189_o3.6.metrics.similarity[0][0],0.9750687044031866
data/baselines_fullwave/summary.json,evals.e3_opt189_o3.6.metrics.similarity[0][1],0.5276564344179266
data/baselines_fullwave/summary.json,evals.e3_opt189_o3.6.metrics.similarity[1][0],0.5011042430720551
data/baselines_fullwave/summary.json,evals.e3_opt189_o3.6.metrics.similarity[1][1],0.9752374294799965
data/baselines_fullwave/summary.json,evals.e3_opt189_o3.6.metrics.similarity_targets[0][0],1.0
data/baselines_fullwave/summary.json,evals.e3_opt189_o3.6.metrics.similarity_targets[0][1],0.521695262399882
data/baselines_fullwave/summary.json,evals.e3_opt189_o3.6.metrics.similarity_targets[1][0],0.5135490947169953
data/baselines_fullwave/summary.json,evals.e3_opt189_o3.6.metrics.similarity_targets[1][1],1.0000000000000004
data/baselines_fullwave/summary.json,evals.e3_opt189_o3.6.metrics.crosstalk_excess[0][0],0.0
data/baselines_fullwave/summary.json,evals.e3_opt189_o3.6.metrics.crosstalk_excess[0][1],0.0059611720180446914
data/baselines_fullwave/summary.json,evals.e3_opt189_o3.6.metrics.crosstalk_excess[1][0],0.0
data/baselines_fullwave/summary.json,evals.e3_opt189_o3.6.metrics.crosstalk_excess[1][1],0.0
data/baselines_fullwave/summary.json,evals.e3_opt189_o3.6.metrics.pearson[0],0.9902325088242767
data/baselines_fullwave/summary.json,evals.e3_opt189_o3.6.metrics.pearson[1],0.9897693852015028
data/baselines_fullwave/summary.json,evals.e3_opt189_o3.6.metrics.psnr_db[0],20.9921612391163
data/baselines_fullwave/summary.json,evals.e3_opt189_o3.6.metrics.psnr_db[1],21.24354966970243
data/baselines_fullwave/summary.json,evals.e3_opt189_o3.6.metrics.ssim[0],0.381248361160651
data/baselines_fullwave/summary.json,evals.e3_opt189_o3.6.metrics.ssim[1],0.3668611352808874
data/baselines_fullwave/summary.json,evals.e3_opt189_o3.6.metrics.unmixing[0][0],0.5785405151191705
data/baselines_fullwave/summary.json,evals.e3_opt189_o3.6.metrics.unmixing[0][1],0.0027438615164781677
data/baselines_fullwave/summary.json,evals.e3_opt189_o3.6.metrics.unmixing[1][0],-0.014735214206252178
data/baselines_fullwave/summary.json,evals.e3_opt189_o3.6.metrics.unmixing[1][1],0.586903465190436
data/baselines_fullwave/summary.json,evals.e3_opt189_o3.6.metrics.unmixing_rownorm[0][0],1.0
data/baselines_fullwave/summary.json,evals.e3_opt189_o3.6.metrics.unmixing_rownorm[0][1],0.0047427301023385965
data/baselines_fullwave/summary.json,evals.e3_opt189_o3.6.metrics.unmixing_rownorm[1][0],-0.025106708479683208
data/baselines_fullwave/summary.json,evals.e3_opt189_o3.6.metrics.unmixing_rownorm[1][1],1.0
data/baselines_fullwave/summary.json,evals.e3_opt189_o3.6.metrics.channels[0],x -> CNU
data/baselines_fullwave/summary.json,evals.e3_opt189_o3.6.metrics.channels[1],y -> PHY
data/baselines_fullwave/summary.json,evals.e3_opt189_o3.6.metrics.extinction_wrong_over_own[0],0.05892984176825756
data/baselines_fullwave/summary.json,evals.e3_opt189_o3.6.metrics.extinction_wrong_over_own[1],0.07253551146231065
data/baselines_fullwave/summary.json,evals.e3_opt189_o3.6.metrics.own_word_power[0],0.5441188471158966
data/baselines_fullwave/summary.json,evals.e3_opt189_o3.6.metrics.own_word_power[1],0.5399861664627679
data/baselines_fullwave/summary.json,evals.e3_opt189_o3.6.metrics.wrong_word_power[0],0.032064837563666515
data/baselines_fullwave/summary.json,evals.e3_opt189_o3.6.metrics.wrong_word_power[1],0.03916817276694928
data/baselines_fullwave/summary.json,evals.e3_opt189_o3.6.file,metrics.json
data/baselines_fullwave/summary.json,repro_check.step,158
data/baselines_fullwave/summary.json,repro_check.run_objective,0.6761390270598296
data/baselines_fullwave/summary.json,repro_check.eval_objective,0.6761390271003574
data/baselines_fullwave/summary.json,repro_check.rel,5.99400529210925e-11
