id,name,product_priority,delivery_rank,decision,workstream_title,remaining,native,python,ui,priority_reason
addfdtd.auto shutoff max,auto shutoff max,P0,1,required,실행 신뢰성·낭비 방지,True,partial,partial,implemented,"자동 종료, 전체 장 발산 검사, 취소·저장 결과의 구분은 모든 계산의 기반이다."
addfdtd.auto shutoff min,auto shutoff min,P0,1,required,실행 신뢰성·낭비 방지,True,partial,partial,implemented,"자동 종료, 전체 장 발산 검사, 취소·저장 결과의 구분은 모든 계산의 기반이다."
addfdtd.dt stability factor,dt stability factor,P0,1,required,실행 신뢰성·낭비 방지,False,implemented,implemented,implemented,"자동 종료, 전체 장 발산 검사, 취소·저장 결과의 구분은 모든 계산의 기반이다."
addfdtd.simulation time,simulation time,P0,1,required,실행 신뢰성·낭비 방지,False,implemented,implemented,implemented,"자동 종료, 전체 장 발산 검사, 취소·저장 결과의 구분은 모든 계산의 기반이다."
addfdtd.use auto shutoff,use auto shutoff,P0,1,required,실행 신뢰성·낭비 방지,True,partial,partial,implemented,"자동 종료, 전체 장 발산 검사, 취소·저장 결과의 구분은 모든 계산의 기반이다."
addfdtd.use divergence checking,use divergence checking,P0,1,required,실행 신뢰성·낭비 방지,True,partial,partial,implemented,"자동 종료, 전체 장 발산 검사, 취소·저장 결과의 구분은 모든 계산의 기반이다."
addfdtd.use early shutoff,use early shutoff,P0,1,required,실행 신뢰성·낭비 방지,True,partial,partial,implemented,"자동 종료, 전체 장 발산 검사, 취소·저장 결과의 구분은 모든 계산의 기반이다."
native.batch_resume,Batch 중단·실패·checksum resume,P0,1,required,실행 신뢰성·낭비 방지,True,implemented,implemented,missing,"자동 종료, 전체 장 발산 검사, 취소·저장 결과의 구분은 모든 계산의 기반이다."
native.cancel,사용자 실행 중단,P0,1,required,실행 신뢰성·낭비 방지,False,implemented,implemented,implemented,"자동 종료, 전체 장 발산 검사, 취소·저장 결과의 구분은 모든 계산의 기반이다."
native.cpu,CPU solver,P0,1,required,실행 신뢰성·낭비 방지,False,implemented,implemented,implemented,"자동 종료, 전체 장 발산 검사, 취소·저장 결과의 구분은 모든 계산의 기반이다."
native.cuda,CUDA·CUDA Graph,P0,1,required,실행 신뢰성·낭비 방지,False,implemented,implemented,implemented,"자동 종료, 전체 장 발산 검사, 취소·저장 결과의 구분은 모든 계산의 기반이다."
native.cuda_fused,Fused CUDA Yee/CPML kernel,P0,1,required,실행 신뢰성·낭비 방지,False,implemented,implemented,implemented,"자동 종료, 전체 장 발산 검사, 취소·저장 결과의 구분은 모든 계산의 기반이다."
native.npz,NPZ 필드·좌표·스펙트럼 export,P0,1,required,실행 신뢰성·낭비 방지,False,implemented,implemented,implemented,"자동 종료, 전체 장 발산 검사, 취소·저장 결과의 구분은 모든 계산의 기반이다."
native.precision,float32 / float64,P0,1,required,실행 신뢰성·낭비 방지,False,implemented,implemented,implemented,"자동 종료, 전체 장 발산 검사, 취소·저장 결과의 구분은 모든 계산의 기반이다."
native.python,Native Python·JSON API,P0,1,required,실행 신뢰성·낭비 방지,False,implemented,implemented,implemented,"자동 종료, 전체 장 발산 검사, 취소·저장 결과의 구분은 모든 계산의 기반이다."
workflow.divergence,성장 감지·divergence threshold,P0,1,required,실행 신뢰성·낭비 방지,False,implemented,implemented,implemented,"자동 종료, 전체 장 발산 검사, 취소·저장 결과의 구분은 모든 계산의 기반이다."
workflow.shutoff,에너지 기반 auto shutoff,P0,1,required,실행 신뢰성·낭비 방지,False,implemented,implemented,implemented,"자동 종료, 전체 장 발산 검사, 취소·저장 결과의 구분은 모든 계산의 기반이다."
native.convergence,물리 시간·PML 두께 고정 mesh 수렴 검사,P0,2,required,정확도·수렴 검증,True,implemented,implemented,missing,같은 물리량과 물리적 시간으로 메시를 비교해야 정확도 대비 비용을 판단할 수 있다.
native.release,독립 공개 배포 패키지·출처 검증,P0,3,required,독립 배포 패키지,True,missing,missing,missing,공개할 코드·데이터·라이선스·자격증명 제외 목록을 검증해야 한다.
workflow.adjoint,Adjoint·자동미분 FDTD,P0,4,required,Torch 이산 adjoint·자동미분,True,partial,partial,partial,주요 개발 목표. 형상·유전율부터 loss.backward와 optimizer까지 연결하고 물리 gradient·시간·메모리를 검증한다.
native.memory_profile,GPU·host·파일 전송 비용 측정,P0,5,required,계층형 메모리·대규모 실행,True,partial,partial,missing,"주요 개발 목표. VRAM·DRAM·저장장치 checkpoint와 공간·시간 분할, 전송·재계산·batch 비용을 함께 검증한다."
workflow.memory_hierarchy,GPU·DRAM·디스크 계층형 checkpoint,P0,5,required,계층형 메모리·대규모 실행,True,partial,partial,partial,"주요 개발 목표. VRAM·DRAM·저장장치 checkpoint와 공간·시간 분할, 전송·재계산·batch 비용을 함께 검증한다."
workflow.out_of_core,Space-time tiled out-of-core GPU FDTD,P0,5,required,계층형 메모리·대규모 실행,True,partial,partial,partial,"주요 개발 목표. VRAM·DRAM·저장장치 checkpoint와 공간·시간 분할, 전송·재계산·batch 비용을 함께 검증한다."
"material.(n,k) Material.Imaginary Refractive Index",Imaginary Refractive Index,P1,6,required,수동 분산 재료,True,missing,missing,missing,다중 공진과 측정 광학상수의 수동 피팅이 파장 범위의 정확도를 결정한다.
"material.(n,k) Material.Refractive Index",Refractive Index,P1,6,required,수동 분산 재료,True,missing,missing,missing,다중 공진과 측정 광학상수의 수동 피팅이 파장 범위의 정확도를 결정한다.
"material.(n,k) Material.anisotropy",anisotropy,P1,6,required,수동 분산 재료,True,missing,missing,missing,다중 공진과 측정 광학상수의 수동 피팅이 파장 범위의 정확도를 결정한다.
"material.(n,k) Material.color",color,P1,6,required,수동 분산 재료,True,missing,missing,missing,다중 공진과 측정 광학상수의 수동 피팅이 파장 범위의 정확도를 결정한다.
"material.(n,k) Material.mesh order",mesh order,P1,6,required,수동 분산 재료,True,missing,missing,missing,다중 공진과 측정 광학상수의 수동 피팅이 파장 범위의 정확도를 결정한다.
"material.(n,k) Material.name",name,P1,6,required,수동 분산 재료,True,missing,missing,missing,다중 공진과 측정 광학상수의 수동 피팅이 파장 범위의 정확도를 결정한다.
"material.(n,k) Material.type",type,P1,6,required,수동 분산 재료,True,missing,missing,missing,다중 공진과 측정 광학상수의 수동 피팅이 파장 범위의 정확도를 결정한다.
material.Dielectric.Permittivity,Permittivity,P1,6,required,수동 분산 재료,True,partial,partial,partial,다중 공진과 측정 광학상수의 수동 피팅이 파장 범위의 정확도를 결정한다.
material.Dielectric.Refractive Index,Refractive Index,P1,6,required,수동 분산 재료,True,partial,partial,partial,다중 공진과 측정 광학상수의 수동 피팅이 파장 범위의 정확도를 결정한다.
material.Dielectric.anisotropy,anisotropy,P1,6,required,수동 분산 재료,True,missing,missing,missing,다중 공진과 측정 광학상수의 수동 피팅이 파장 범위의 정확도를 결정한다.
material.Dielectric.color,color,P1,6,required,수동 분산 재료,True,partial,partial,partial,다중 공진과 측정 광학상수의 수동 피팅이 파장 범위의 정확도를 결정한다.
material.Dielectric.mesh order,mesh order,P1,6,required,수동 분산 재료,True,missing,missing,missing,다중 공진과 측정 광학상수의 수동 피팅이 파장 범위의 정확도를 결정한다.
material.Dielectric.name,name,P1,6,required,수동 분산 재료,True,partial,partial,partial,다중 공진과 측정 광학상수의 수동 피팅이 파장 범위의 정확도를 결정한다.
material.Dielectric.type,type,P1,6,required,수동 분산 재료,True,partial,partial,partial,다중 공진과 측정 광학상수의 수동 피팅이 파장 범위의 정확도를 결정한다.
material.Lorentz.Lorentz Linewidth,Lorentz Linewidth,P1,6,required,수동 분산 재료,True,partial,partial,partial,다중 공진과 측정 광학상수의 수동 피팅이 파장 범위의 정확도를 결정한다.
material.Lorentz.Lorentz Permittivity,Lorentz Permittivity,P1,6,required,수동 분산 재료,True,partial,partial,partial,다중 공진과 측정 광학상수의 수동 피팅이 파장 범위의 정확도를 결정한다.
material.Lorentz.Lorentz Resonance,Lorentz Resonance,P1,6,required,수동 분산 재료,True,partial,partial,partial,다중 공진과 측정 광학상수의 수동 피팅이 파장 범위의 정확도를 결정한다.
material.Lorentz.Permittivity,Permittivity,P1,6,required,수동 분산 재료,True,partial,partial,partial,다중 공진과 측정 광학상수의 수동 피팅이 파장 범위의 정확도를 결정한다.
material.Lorentz.Refractive Index,Refractive Index,P1,6,required,수동 분산 재료,True,partial,partial,partial,다중 공진과 측정 광학상수의 수동 피팅이 파장 범위의 정확도를 결정한다.
material.Lorentz.anisotropy,anisotropy,P1,6,required,수동 분산 재료,True,missing,missing,missing,다중 공진과 측정 광학상수의 수동 피팅이 파장 범위의 정확도를 결정한다.
material.Lorentz.color,color,P1,6,required,수동 분산 재료,True,partial,partial,partial,다중 공진과 측정 광학상수의 수동 피팅이 파장 범위의 정확도를 결정한다.
material.Lorentz.mesh order,mesh order,P1,6,required,수동 분산 재료,True,missing,missing,missing,다중 공진과 측정 광학상수의 수동 피팅이 파장 범위의 정확도를 결정한다.
material.Lorentz.name,name,P1,6,required,수동 분산 재료,True,partial,partial,partial,다중 공진과 측정 광학상수의 수동 피팅이 파장 범위의 정확도를 결정한다.
material.Lorentz.type,type,P1,6,required,수동 분산 재료,True,partial,partial,partial,다중 공진과 측정 광학상수의 수동 피팅이 파장 범위의 정확도를 결정한다.
material.Plasma.Permittivity,Permittivity,P1,6,required,수동 분산 재료,True,partial,partial,partial,다중 공진과 측정 광학상수의 수동 피팅이 파장 범위의 정확도를 결정한다.
material.Plasma.Plasma collision,Plasma collision,P1,6,required,수동 분산 재료,True,partial,partial,partial,다중 공진과 측정 광학상수의 수동 피팅이 파장 범위의 정확도를 결정한다.
material.Plasma.Plasma resonance,Plasma resonance,P1,6,required,수동 분산 재료,True,partial,partial,partial,다중 공진과 측정 광학상수의 수동 피팅이 파장 범위의 정확도를 결정한다.
material.Plasma.Refractive Index,Refractive Index,P1,6,required,수동 분산 재료,True,partial,partial,partial,다중 공진과 측정 광학상수의 수동 피팅이 파장 범위의 정확도를 결정한다.
material.Plasma.anisotropy,anisotropy,P1,6,required,수동 분산 재료,True,missing,missing,missing,다중 공진과 측정 광학상수의 수동 피팅이 파장 범위의 정확도를 결정한다.
material.Plasma.color,color,P1,6,required,수동 분산 재료,True,partial,partial,partial,다중 공진과 측정 광학상수의 수동 피팅이 파장 범위의 정확도를 결정한다.
material.Plasma.mesh order,mesh order,P1,6,required,수동 분산 재료,True,missing,missing,missing,다중 공진과 측정 광학상수의 수동 피팅이 파장 범위의 정확도를 결정한다.
material.Plasma.name,name,P1,6,required,수동 분산 재료,True,partial,partial,partial,다중 공진과 측정 광학상수의 수동 피팅이 파장 범위의 정확도를 결정한다.
material.Plasma.type,type,P1,6,required,수동 분산 재료,True,partial,partial,partial,다중 공진과 측정 광학상수의 수동 피팅이 파장 범위의 정확도를 결정한다.
material.Sampled data.anisotropy,anisotropy,P1,6,required,수동 분산 재료,True,missing,missing,missing,다중 공진과 측정 광학상수의 수동 피팅이 파장 범위의 정확도를 결정한다.
material.Sampled data.color,color,P1,6,required,수동 분산 재료,True,missing,missing,missing,다중 공진과 측정 광학상수의 수동 피팅이 파장 범위의 정확도를 결정한다.
material.Sampled data.frequency max,frequency max,P1,6,required,수동 분산 재료,True,missing,missing,missing,다중 공진과 측정 광학상수의 수동 피팅이 파장 범위의 정확도를 결정한다.
material.Sampled data.frequency min,frequency min,P1,6,required,수동 분산 재료,True,missing,missing,missing,다중 공진과 측정 광학상수의 수동 피팅이 파장 범위의 정확도를 결정한다.
material.Sampled data.imaginary weight,imaginary weight,P1,6,required,수동 분산 재료,True,missing,missing,missing,다중 공진과 측정 광학상수의 수동 피팅이 파장 범위의 정확도를 결정한다.
material.Sampled data.improve numerical stability,improve numerical stability,P1,6,required,수동 분산 재료,True,missing,missing,missing,다중 공진과 측정 광학상수의 수동 피팅이 파장 범위의 정확도를 결정한다.
material.Sampled data.make fit passive,make fit passive,P1,6,required,수동 분산 재료,True,missing,missing,missing,다중 공진과 측정 광학상수의 수동 피팅이 파장 범위의 정확도를 결정한다.
material.Sampled data.max coefficients,max coefficients,P1,6,required,수동 분산 재료,True,missing,missing,missing,다중 공진과 측정 광학상수의 수동 피팅이 파장 범위의 정확도를 결정한다.
material.Sampled data.mesh order,mesh order,P1,6,required,수동 분산 재료,True,missing,missing,missing,다중 공진과 측정 광학상수의 수동 피팅이 파장 범위의 정확도를 결정한다.
material.Sampled data.name,name,P1,6,required,수동 분산 재료,True,missing,missing,missing,다중 공진과 측정 광학상수의 수동 피팅이 파장 범위의 정확도를 결정한다.
material.Sampled data.sampled 3d data,sampled 3d data,P1,6,required,수동 분산 재료,True,missing,missing,missing,다중 공진과 측정 광학상수의 수동 피팅이 파장 범위의 정확도를 결정한다.
material.Sampled data.specify fit range,specify fit range,P1,6,required,수동 분산 재료,True,missing,missing,missing,다중 공진과 측정 광학상수의 수동 피팅이 파장 범위의 정확도를 결정한다.
material.Sampled data.tolerance,tolerance,P1,6,required,수동 분산 재료,True,missing,missing,missing,다중 공진과 측정 광학상수의 수동 피팅이 파장 범위의 정확도를 결정한다.
material.Sampled data.type,type,P1,6,required,수동 분산 재료,True,missing,missing,missing,다중 공진과 측정 광학상수의 수동 피팅이 파장 범위의 정확도를 결정한다.
material.Sampled data.wavelength max,wavelength max,P1,6,required,수동 분산 재료,True,missing,missing,missing,다중 공진과 측정 광학상수의 수동 피팅이 파장 범위의 정확도를 결정한다.
material.Sampled data.wavelength min,wavelength min,P1,6,required,수동 분산 재료,True,missing,missing,missing,다중 공진과 측정 광학상수의 수동 피팅이 파장 범위의 정확도를 결정한다.
material.Sellmeier.A0,A0,P1,6,required,수동 분산 재료,True,missing,missing,missing,다중 공진과 측정 광학상수의 수동 피팅이 파장 범위의 정확도를 결정한다.
material.Sellmeier.B1,B1,P1,6,required,수동 분산 재료,True,missing,missing,missing,다중 공진과 측정 광학상수의 수동 피팅이 파장 범위의 정확도를 결정한다.
material.Sellmeier.B2,B2,P1,6,required,수동 분산 재료,True,missing,missing,missing,다중 공진과 측정 광학상수의 수동 피팅이 파장 범위의 정확도를 결정한다.
material.Sellmeier.B3,B3,P1,6,required,수동 분산 재료,True,missing,missing,missing,다중 공진과 측정 광학상수의 수동 피팅이 파장 범위의 정확도를 결정한다.
material.Sellmeier.C1,C1,P1,6,required,수동 분산 재료,True,missing,missing,missing,다중 공진과 측정 광학상수의 수동 피팅이 파장 범위의 정확도를 결정한다.
material.Sellmeier.C2,C2,P1,6,required,수동 분산 재료,True,missing,missing,missing,다중 공진과 측정 광학상수의 수동 피팅이 파장 범위의 정확도를 결정한다.
material.Sellmeier.C3,C3,P1,6,required,수동 분산 재료,True,missing,missing,missing,다중 공진과 측정 광학상수의 수동 피팅이 파장 범위의 정확도를 결정한다.
material.Sellmeier.anisotropy,anisotropy,P1,6,required,수동 분산 재료,True,missing,missing,missing,다중 공진과 측정 광학상수의 수동 피팅이 파장 범위의 정확도를 결정한다.
material.Sellmeier.color,color,P1,6,required,수동 분산 재료,True,missing,missing,missing,다중 공진과 측정 광학상수의 수동 피팅이 파장 범위의 정확도를 결정한다.
material.Sellmeier.mesh order,mesh order,P1,6,required,수동 분산 재료,True,missing,missing,missing,다중 공진과 측정 광학상수의 수동 피팅이 파장 범위의 정확도를 결정한다.
material.Sellmeier.name,name,P1,6,required,수동 분산 재료,True,missing,missing,missing,다중 공진과 측정 광학상수의 수동 피팅이 파장 범위의 정확도를 결정한다.
material.Sellmeier.type,type,P1,6,required,수동 분산 재료,True,missing,missing,missing,다중 공진과 측정 광학상수의 수동 피팅이 파장 범위의 정확도를 결정한다.
material.diagonal,대각 이방성,P1,6,required,수동 분산 재료,True,partial,partial,missing,다중 공진과 측정 광학상수의 수동 피팅이 파장 범위의 정확도를 결정한다.
material.multipole,다중 oscillator,P1,6,required,수동 분산 재료,False,implemented,implemented,implemented,다중 공진과 측정 광학상수의 수동 피팅이 파장 범위의 정확도를 결정한다.
material.nk,중심 주파수 n/k,P1,6,required,수동 분산 재료,True,missing,missing,missing,다중 공진과 측정 광학상수의 수동 피팅이 파장 범위의 정확도를 결정한다.
material.sampled_fit,측정 n/k 데이터·passive multi-pole fit,P1,6,required,수동 분산 재료,False,implemented,implemented,implemented,다중 공진과 측정 광학상수의 수동 피팅이 파장 범위의 정확도를 결정한다.
material.sellmeier,Sellmeier,P1,6,required,수동 분산 재료,True,missing,missing,missing,다중 공진과 측정 광학상수의 수동 피팅이 파장 범위의 정확도를 결정한다.
material.tensor,일반 tensor·grid transform,P1,6,required,수동 분산 재료,True,partial,partial,partial,다중 공진과 측정 광학상수의 수동 피팅이 파장 범위의 정확도를 결정한다.
addfdtd.allow grading in x,allow grading in x,P1,7,required,인터페이스·메시 효율,True,missing,missing,missing,subpixel 및 독립 축 간격은 같은 오차에서 셀 수를 줄이는 수단이다. 수렴 증명이 먼저다.
addfdtd.allow grading in y,allow grading in y,P1,7,required,인터페이스·메시 효율,True,missing,missing,missing,subpixel 및 독립 축 간격은 같은 오차에서 셀 수를 줄이는 수단이다. 수렴 증명이 먼저다.
addfdtd.allow grading in z,allow grading in z,P1,7,required,인터페이스·메시 효율,True,missing,missing,missing,subpixel 및 독립 축 간격은 같은 오차에서 셀 수를 줄이는 수단이다. 수렴 증명이 먼저다.
addfdtd.conformal meshing refinement,conformal meshing refinement,P1,7,required,인터페이스·메시 효율,True,missing,missing,missing,subpixel 및 독립 축 간격은 같은 오차에서 셀 수를 줄이는 수단이다. 수렴 증명이 먼저다.
addfdtd.define x mesh by,define x mesh by,P1,7,required,인터페이스·메시 효율,True,missing,missing,missing,subpixel 및 독립 축 간격은 같은 오차에서 셀 수를 줄이는 수단이다. 수렴 증명이 먼저다.
addfdtd.define y mesh by,define y mesh by,P1,7,required,인터페이스·메시 효율,True,missing,missing,missing,subpixel 및 독립 축 간격은 같은 오차에서 셀 수를 줄이는 수단이다. 수렴 증명이 먼저다.
addfdtd.define z mesh by,define z mesh by,P1,7,required,인터페이스·메시 효율,True,missing,missing,missing,subpixel 및 독립 축 간격은 같은 오차에서 셀 수를 줄이는 수단이다. 수렴 증명이 먼저다.
addfdtd.dx,dx,P1,7,required,인터페이스·메시 효율,False,implemented,implemented,implemented,subpixel 및 독립 축 간격은 같은 오차에서 셀 수를 줄이는 수단이다. 수렴 증명이 먼저다.
addfdtd.dy,dy,P1,7,required,인터페이스·메시 효율,False,implemented,implemented,implemented,subpixel 및 독립 축 간격은 같은 오차에서 셀 수를 줄이는 수단이다. 수렴 증명이 먼저다.
addfdtd.dz,dz,P1,7,required,인터페이스·메시 효율,False,implemented,implemented,implemented,subpixel 및 독립 축 간격은 같은 오차에서 셀 수를 줄이는 수단이다. 수렴 증명이 먼저다.
addfdtd.force symmetric x mesh,force symmetric x mesh,P1,7,required,인터페이스·메시 효율,True,missing,missing,missing,subpixel 및 독립 축 간격은 같은 오차에서 셀 수를 줄이는 수단이다. 수렴 증명이 먼저다.
addfdtd.force symmetric y mesh,force symmetric y mesh,P1,7,required,인터페이스·메시 효율,True,missing,missing,missing,subpixel 및 독립 축 간격은 같은 오차에서 셀 수를 줄이는 수단이다. 수렴 증명이 먼저다.
addfdtd.force symmetric z mesh,force symmetric z mesh,P1,7,required,인터페이스·메시 효율,True,missing,missing,missing,subpixel 및 독립 축 간격은 같은 오차에서 셀 수를 줄이는 수단이다. 수렴 증명이 먼저다.
addfdtd.grading factor,grading factor,P1,7,required,인터페이스·메시 효율,True,partial,partial,implemented,subpixel 및 독립 축 간격은 같은 오차에서 셀 수를 줄이는 수단이다. 수렴 증명이 먼저다.
addfdtd.mesh allowed size increase factor,mesh allowed size increase factor,P1,7,required,인터페이스·메시 효율,True,missing,missing,missing,subpixel 및 독립 축 간격은 같은 오차에서 셀 수를 줄이는 수단이다. 수렴 증명이 먼저다.
addfdtd.mesh cells per wavelength,mesh cells per wavelength,P1,7,required,인터페이스·메시 효율,True,partial,partial,implemented,subpixel 및 독립 축 간격은 같은 오차에서 셀 수를 줄이는 수단이다. 수렴 증명이 먼저다.
addfdtd.mesh cells x,mesh cells x,P1,7,required,인터페이스·메시 효율,False,implemented,implemented,implemented,subpixel 및 독립 축 간격은 같은 오차에서 셀 수를 줄이는 수단이다. 수렴 증명이 먼저다.
addfdtd.mesh cells y,mesh cells y,P1,7,required,인터페이스·메시 효율,False,implemented,implemented,implemented,subpixel 및 독립 축 간격은 같은 오차에서 셀 수를 줄이는 수단이다. 수렴 증명이 먼저다.
addfdtd.mesh cells z,mesh cells z,P1,7,required,인터페이스·메시 효율,False,implemented,implemented,implemented,subpixel 및 독립 축 간격은 같은 오차에서 셀 수를 줄이는 수단이다. 수렴 증명이 먼저다.
addfdtd.mesh distance between fixed points,mesh distance between fixed points,P1,7,required,인터페이스·메시 효율,True,missing,missing,missing,subpixel 및 독립 축 간격은 같은 오차에서 셀 수를 줄이는 수단이다. 수렴 증명이 먼저다.
addfdtd.mesh frequency max,mesh frequency max,P1,7,required,인터페이스·메시 효율,True,missing,missing,missing,subpixel 및 독립 축 간격은 같은 오차에서 셀 수를 줄이는 수단이다. 수렴 증명이 먼저다.
addfdtd.mesh frequency min,mesh frequency min,P1,7,required,인터페이스·메시 효율,True,missing,missing,missing,subpixel 및 독립 축 간격은 같은 오차에서 셀 수를 줄이는 수단이다. 수렴 증명이 먼저다.
addfdtd.mesh merge distance,mesh merge distance,P1,7,required,인터페이스·메시 효율,True,missing,missing,missing,subpixel 및 독립 축 간격은 같은 오차에서 셀 수를 줄이는 수단이다. 수렴 증명이 먼저다.
addfdtd.mesh minimum neighbor size,mesh minimum neighbor size,P1,7,required,인터페이스·메시 효율,True,missing,missing,missing,subpixel 및 독립 축 간격은 같은 오차에서 셀 수를 줄이는 수단이다. 수렴 증명이 먼저다.
addfdtd.mesh refinement,mesh refinement,P1,7,required,인터페이스·메시 효율,True,partial,partial,implemented,subpixel 및 독립 축 간격은 같은 오차에서 셀 수를 줄이는 수단이다. 수렴 증명이 먼저다.
addfdtd.mesh size reduction factor,mesh size reduction factor,P1,7,required,인터페이스·메시 효율,True,missing,missing,missing,subpixel 및 독립 축 간격은 같은 오차에서 셀 수를 줄이는 수단이다. 수렴 증명이 먼저다.
addfdtd.mesh step for metals,mesh step for metals,P1,7,required,인터페이스·메시 효율,True,missing,missing,missing,subpixel 및 독립 축 간격은 같은 오차에서 셀 수를 줄이는 수단이다. 수렴 증명이 먼저다.
addfdtd.mesh type,mesh type,P1,7,required,인터페이스·메시 효율,True,partial,partial,implemented,subpixel 및 독립 축 간격은 같은 오차에서 셀 수를 줄이는 수단이다. 수렴 증명이 먼저다.
addfdtd.mesh wavelength max,mesh wavelength max,P1,7,required,인터페이스·메시 효율,True,missing,missing,missing,subpixel 및 독립 축 간격은 같은 오차에서 셀 수를 줄이는 수단이다. 수렴 증명이 먼저다.
addfdtd.mesh wavelength min,mesh wavelength min,P1,7,required,인터페이스·메시 효율,True,missing,missing,missing,subpixel 및 독립 축 간격은 같은 오차에서 셀 수를 줄이는 수단이다. 수렴 증명이 먼저다.
addfdtd.meshing refinement,meshing refinement,P1,7,required,인터페이스·메시 효율,True,missing,missing,missing,subpixel 및 독립 축 간격은 같은 오차에서 셀 수를 줄이는 수단이다. 수렴 증명이 먼저다.
addfdtd.meshing tolerance,meshing tolerance,P1,7,required,인터페이스·메시 효율,True,missing,missing,missing,subpixel 및 독립 축 간격은 같은 오차에서 셀 수를 줄이는 수단이다. 수렴 증명이 먼저다.
addfdtd.min mesh step,min mesh step,P1,7,required,인터페이스·메시 효율,True,partial,partial,implemented,subpixel 및 독립 축 간격은 같은 오차에서 셀 수를 줄이는 수단이다. 수렴 증명이 먼저다.
addfdtd.override simulation bandwidth for mesh generation,override simulation bandwidth for mesh generation,P1,7,required,인터페이스·메시 효율,True,missing,missing,missing,subpixel 및 독립 축 간격은 같은 오차에서 셀 수를 줄이는 수단이다. 수렴 증명이 먼저다.
addfdtd.use mesh step for metals,use mesh step for metals,P1,7,required,인터페이스·메시 효율,True,missing,missing,missing,subpixel 및 독립 축 간격은 같은 오차에서 셀 수를 줄이는 수단이다. 수렴 증명이 먼저다.
addmesh.based on a structure,based on a structure,P1,7,required,인터페이스·메시 효율,True,partial,partial,partial,subpixel 및 독립 축 간격은 같은 오차에서 셀 수를 줄이는 수단이다. 수렴 증명이 먼저다.
addmesh.buffer,buffer,P1,7,required,인터페이스·메시 효율,True,partial,partial,partial,subpixel 및 독립 축 간격은 같은 오차에서 셀 수를 줄이는 수단이다. 수렴 증명이 먼저다.
addmesh.directly defined,directly defined,P1,7,required,인터페이스·메시 효율,True,missing,missing,missing,subpixel 및 독립 축 간격은 같은 오차에서 셀 수를 줄이는 수단이다. 수렴 증명이 먼저다.
addmesh.dx,dx,P1,7,required,인터페이스·메시 효율,True,partial,partial,partial,subpixel 및 독립 축 간격은 같은 오차에서 셀 수를 줄이는 수단이다. 수렴 증명이 먼저다.
addmesh.dy,dy,P1,7,required,인터페이스·메시 효율,True,partial,partial,partial,subpixel 및 독립 축 간격은 같은 오차에서 셀 수를 줄이는 수단이다. 수렴 증명이 먼저다.
addmesh.dz,dz,P1,7,required,인터페이스·메시 효율,True,partial,partial,partial,subpixel 및 독립 축 간격은 같은 오차에서 셀 수를 줄이는 수단이다. 수렴 증명이 먼저다.
addmesh.enabled,enabled,P1,7,required,인터페이스·메시 효율,True,partial,partial,implemented,subpixel 및 독립 축 간격은 같은 오차에서 셀 수를 줄이는 수단이다. 수렴 증명이 먼저다.
addmesh.equivalent x index,equivalent x index,P1,7,required,인터페이스·메시 효율,True,missing,missing,missing,subpixel 및 독립 축 간격은 같은 오차에서 셀 수를 줄이는 수단이다. 수렴 증명이 먼저다.
addmesh.equivalent y index,equivalent y index,P1,7,required,인터페이스·메시 효율,True,missing,missing,missing,subpixel 및 독립 축 간격은 같은 오차에서 셀 수를 줄이는 수단이다. 수렴 증명이 먼저다.
addmesh.equivalent z index,equivalent z index,P1,7,required,인터페이스·메시 효율,True,missing,missing,missing,subpixel 및 독립 축 간격은 같은 오차에서 셀 수를 줄이는 수단이다. 수렴 증명이 먼저다.
addmesh.name,name,P1,7,required,인터페이스·메시 효율,True,partial,partial,implemented,subpixel 및 독립 축 간격은 같은 오차에서 셀 수를 줄이는 수단이다. 수렴 증명이 먼저다.
addmesh.override x mesh,override x mesh,P1,7,required,인터페이스·메시 효율,True,missing,missing,missing,subpixel 및 독립 축 간격은 같은 오차에서 셀 수를 줄이는 수단이다. 수렴 증명이 먼저다.
addmesh.override y mesh,override y mesh,P1,7,required,인터페이스·메시 효율,True,missing,missing,missing,subpixel 및 독립 축 간격은 같은 오차에서 셀 수를 줄이는 수단이다. 수렴 증명이 먼저다.
addmesh.override z mesh,override z mesh,P1,7,required,인터페이스·메시 효율,True,missing,missing,missing,subpixel 및 독립 축 간격은 같은 오차에서 셀 수를 줄이는 수단이다. 수렴 증명이 먼저다.
addmesh.set equivalent index,set equivalent index,P1,7,required,인터페이스·메시 효율,True,missing,missing,missing,subpixel 및 독립 축 간격은 같은 오차에서 셀 수를 줄이는 수단이다. 수렴 증명이 먼저다.
addmesh.set maximum mesh step,set maximum mesh step,P1,7,required,인터페이스·메시 효율,True,missing,missing,missing,subpixel 및 독립 축 간격은 같은 오차에서 셀 수를 줄이는 수단이다. 수렴 증명이 먼저다.
addmesh.set mesh multiplier,set mesh multiplier,P1,7,required,인터페이스·메시 효율,True,missing,missing,missing,subpixel 및 독립 축 간격은 같은 오차에서 셀 수를 줄이는 수단이다. 수렴 증명이 먼저다.
addmesh.structure,structure,P1,7,required,인터페이스·메시 효율,True,missing,missing,missing,subpixel 및 독립 축 간격은 같은 오차에서 셀 수를 줄이는 수단이다. 수렴 증명이 먼저다.
addmesh.type,type,P1,7,required,인터페이스·메시 효율,True,missing,missing,missing,subpixel 및 독립 축 간격은 같은 오차에서 셀 수를 줄이는 수단이다. 수렴 증명이 먼저다.
addmesh.use relative coordinates,use relative coordinates,P1,7,required,인터페이스·메시 효율,True,missing,missing,missing,subpixel 및 독립 축 간격은 같은 오차에서 셀 수를 줄이는 수단이다. 수렴 증명이 먼저다.
addmesh.x,x,P1,7,required,인터페이스·메시 효율,True,partial,partial,implemented,subpixel 및 독립 축 간격은 같은 오차에서 셀 수를 줄이는 수단이다. 수렴 증명이 먼저다.
addmesh.x max,x max,P1,7,required,인터페이스·메시 효율,True,missing,missing,missing,subpixel 및 독립 축 간격은 같은 오차에서 셀 수를 줄이는 수단이다. 수렴 증명이 먼저다.
addmesh.x mesh multiplier,x mesh multiplier,P1,7,required,인터페이스·메시 효율,True,missing,missing,missing,subpixel 및 독립 축 간격은 같은 오차에서 셀 수를 줄이는 수단이다. 수렴 증명이 먼저다.
addmesh.x min,x min,P1,7,required,인터페이스·메시 효율,True,missing,missing,missing,subpixel 및 독립 축 간격은 같은 오차에서 셀 수를 줄이는 수단이다. 수렴 증명이 먼저다.
addmesh.x span,x span,P1,7,required,인터페이스·메시 효율,True,partial,partial,implemented,subpixel 및 독립 축 간격은 같은 오차에서 셀 수를 줄이는 수단이다. 수렴 증명이 먼저다.
addmesh.y,y,P1,7,required,인터페이스·메시 효율,True,partial,partial,implemented,subpixel 및 독립 축 간격은 같은 오차에서 셀 수를 줄이는 수단이다. 수렴 증명이 먼저다.
addmesh.y max,y max,P1,7,required,인터페이스·메시 효율,True,missing,missing,missing,subpixel 및 독립 축 간격은 같은 오차에서 셀 수를 줄이는 수단이다. 수렴 증명이 먼저다.
addmesh.y mesh multiplier,y mesh multiplier,P1,7,required,인터페이스·메시 효율,True,missing,missing,missing,subpixel 및 독립 축 간격은 같은 오차에서 셀 수를 줄이는 수단이다. 수렴 증명이 먼저다.
addmesh.y min,y min,P1,7,required,인터페이스·메시 효율,True,missing,missing,missing,subpixel 및 독립 축 간격은 같은 오차에서 셀 수를 줄이는 수단이다. 수렴 증명이 먼저다.
addmesh.y span,y span,P1,7,required,인터페이스·메시 효율,True,partial,partial,implemented,subpixel 및 독립 축 간격은 같은 오차에서 셀 수를 줄이는 수단이다. 수렴 증명이 먼저다.
addmesh.z,z,P1,7,required,인터페이스·메시 효율,True,partial,partial,implemented,subpixel 및 독립 축 간격은 같은 오차에서 셀 수를 줄이는 수단이다. 수렴 증명이 먼저다.
addmesh.z max,z max,P1,7,required,인터페이스·메시 효율,True,missing,missing,missing,subpixel 및 독립 축 간격은 같은 오차에서 셀 수를 줄이는 수단이다. 수렴 증명이 먼저다.
addmesh.z mesh multiplier,z mesh multiplier,P1,7,required,인터페이스·메시 효율,True,missing,missing,missing,subpixel 및 독립 축 간격은 같은 오차에서 셀 수를 줄이는 수단이다. 수렴 증명이 먼저다.
addmesh.z min,z min,P1,7,required,인터페이스·메시 효율,True,missing,missing,missing,subpixel 및 독립 축 간격은 같은 오차에서 셀 수를 줄이는 수단이다. 수렴 증명이 먼저다.
addmesh.z span,z span,P1,7,required,인터페이스·메시 효율,True,partial,partial,implemented,subpixel 및 독립 축 간격은 같은 오차에서 셀 수를 줄이는 수단이다. 수렴 증명이 먼저다.
boundary.antisymmetry,Anti-symmetric,P1,7,required,인터페이스·메시 효율,False,implemented,implemented,implemented,subpixel 및 독립 축 간격은 같은 오차에서 셀 수를 줄이는 수단이다. 수렴 증명이 먼저다.
boundary.pec,PEC 경계,P1,7,required,인터페이스·메시 효율,False,implemented,implemented,implemented,subpixel 및 독립 축 간격은 같은 오차에서 셀 수를 줄이는 수단이다. 수렴 증명이 먼저다.
boundary.pmc,PMC 경계,P1,7,required,인터페이스·메시 효율,True,partial,partial,partial,subpixel 및 독립 축 간격은 같은 오차에서 셀 수를 줄이는 수단이다. 수렴 증명이 먼저다.
boundary.symmetry,Symmetric,P1,7,required,인터페이스·메시 효율,True,partial,partial,partial,subpixel 및 독립 축 간격은 같은 오차에서 셀 수를 줄이는 수단이다. 수렴 증명이 먼저다.
mesh.axis_step,독립 dx/dy/dz,P1,7,required,인터페이스·메시 효율,False,implemented,implemented,implemented,subpixel 및 독립 축 간격은 같은 오차에서 셀 수를 줄이는 수단이다. 수렴 증명이 먼저다.
mesh.metal_mesh,금속 skin-depth 자동 메시,P1,7,required,인터페이스·메시 효율,True,missing,missing,missing,subpixel 및 독립 축 간격은 같은 오차에서 셀 수를 줄이는 수단이다. 수렴 증명이 먼저다.
mesh.override_step,영역별 target step,P1,7,required,인터페이스·메시 효율,True,missing,missing,missing,subpixel 및 독립 축 간격은 같은 오차에서 셀 수를 줄이는 수단이다. 수렴 증명이 먼저다.
mesh.subpixel,Subpixel averaging,P1,7,required,인터페이스·메시 효율,True,partial,partial,implemented,subpixel 및 독립 축 간격은 같은 오차에서 셀 수를 줄이는 수단이다. 수렴 증명이 먼저다.
mesh.symmetric_mesh,대칭 강제 메시,P1,7,required,인터페이스·메시 효율,True,missing,missing,missing,subpixel 및 독립 축 간격은 같은 오차에서 셀 수를 줄이는 수단이다. 수렴 증명이 먼저다.
mesh.user_nodes,사용자 node 배열,P1,7,required,인터페이스·메시 효율,False,implemented,implemented,implemented,subpixel 및 독립 축 간격은 같은 오차에서 셀 수를 줄이는 수단이다. 수렴 증명이 먼저다.
native.mesh_preview,실제 mesh node 미리보기,P1,7,required,인터페이스·메시 효율,False,implemented,implemented,implemented,subpixel 및 독립 축 간격은 같은 오차에서 셀 수를 줄이는 수단이다. 수렴 증명이 먼저다.
adddipole.amplitude,amplitude,P1,8,required,소스·모드·정규화,True,partial,partial,implemented,"단방향 여기, 모드 포트와 검증된 전송 목적함수가 실제 소자 설계에 필요하다."
adddipole.angle,angle,P1,8,required,소스·모드·정규화,True,missing,missing,missing,"단방향 여기, 모드 포트와 검증된 전송 목적함수가 실제 소자 설계에 필요하다."
adddipole.bandwidth,bandwidth,P1,8,required,소스·모드·정규화,True,missing,missing,missing,"단방향 여기, 모드 포트와 검증된 전송 목적함수가 실제 소자 설계에 필요하다."
adddipole.base amplitude,base amplitude,P1,8,required,소스·모드·정규화,True,missing,missing,missing,"단방향 여기, 모드 포트와 검증된 전송 목적함수가 실제 소자 설계에 필요하다."
adddipole.center frequency,center frequency,P1,8,required,소스·모드·정규화,True,missing,missing,missing,"단방향 여기, 모드 포트와 검증된 전송 목적함수가 실제 소자 설계에 필요하다."
adddipole.center wavelength,center wavelength,P1,8,required,소스·모드·정규화,True,missing,missing,missing,"단방향 여기, 모드 포트와 검증된 전송 목적함수가 실제 소자 설계에 필요하다."
adddipole.dipole type,dipole type,P1,8,required,소스·모드·정규화,True,partial,partial,implemented,"단방향 여기, 모드 포트와 검증된 전송 목적함수가 실제 소자 설계에 필요하다."
adddipole.eliminate dc,eliminate dc,P1,8,required,소스·모드·정규화,True,missing,missing,missing,"단방향 여기, 모드 포트와 검증된 전송 목적함수가 실제 소자 설계에 필요하다."
adddipole.eliminate discontinuities,eliminate discontinuities,P1,8,required,소스·모드·정규화,True,partial,partial,implemented,"단방향 여기, 모드 포트와 검증된 전송 목적함수가 실제 소자 설계에 필요하다."
adddipole.enabled,enabled,P1,8,required,소스·모드·정규화,False,implemented,implemented,implemented,"단방향 여기, 모드 포트와 검증된 전송 목적함수가 실제 소자 설계에 필요하다."
adddipole.frequency,frequency,P1,8,required,소스·모드·정규화,True,partial,partial,implemented,"단방향 여기, 모드 포트와 검증된 전송 목적함수가 실제 소자 설계에 필요하다."
adddipole.frequency span,frequency span,P1,8,required,소스·모드·정규화,True,missing,missing,missing,"단방향 여기, 모드 포트와 검증된 전송 목적함수가 실제 소자 설계에 필요하다."
adddipole.frequency start,frequency start,P1,8,required,소스·모드·정규화,True,partial,partial,implemented,"단방향 여기, 모드 포트와 검증된 전송 목적함수가 실제 소자 설계에 필요하다."
adddipole.frequency stop,frequency stop,P1,8,required,소스·모드·정규화,True,partial,partial,implemented,"단방향 여기, 모드 포트와 검증된 전송 목적함수가 실제 소자 설계에 필요하다."
adddipole.name,name,P1,8,required,소스·모드·정규화,False,implemented,implemented,implemented,"단방향 여기, 모드 포트와 검증된 전송 목적함수가 실제 소자 설계에 필요하다."
adddipole.offset,offset,P1,8,required,소스·모드·정규화,True,partial,partial,implemented,"단방향 여기, 모드 포트와 검증된 전송 목적함수가 실제 소자 설계에 필요하다."
adddipole.optimize for short pulse,optimize for short pulse,P1,8,required,소스·모드·정규화,True,partial,partial,implemented,"단방향 여기, 모드 포트와 검증된 전송 목적함수가 실제 소자 설계에 필요하다."
adddipole.override global source settings,override global source settings,P1,8,required,소스·모드·정규화,True,partial,partial,implemented,"단방향 여기, 모드 포트와 검증된 전송 목적함수가 실제 소자 설계에 필요하다."
adddipole.phase,phase,P1,8,required,소스·모드·정규화,True,partial,partial,implemented,"단방향 여기, 모드 포트와 검증된 전송 목적함수가 실제 소자 설계에 필요하다."
adddipole.phi,phi,P1,8,required,소스·모드·정규화,False,implemented,implemented,implemented,"단방향 여기, 모드 포트와 검증된 전송 목적함수가 실제 소자 설계에 필요하다."
adddipole.pulse type,pulse type,P1,8,required,소스·모드·정규화,True,partial,partial,implemented,"단방향 여기, 모드 포트와 검증된 전송 목적함수가 실제 소자 설계에 필요하다."
adddipole.pulselength,pulselength,P1,8,required,소스·모드·정규화,True,partial,partial,implemented,"단방향 여기, 모드 포트와 검증된 전송 목적함수가 실제 소자 설계에 필요하다."
adddipole.record local field,record local field,P1,8,required,소스·모드·정규화,True,missing,missing,missing,"단방향 여기, 모드 포트와 검증된 전송 목적함수가 실제 소자 설계에 필요하다."
adddipole.set frequency,set frequency,P1,8,required,소스·모드·정규화,True,partial,partial,implemented,"단방향 여기, 모드 포트와 검증된 전송 목적함수가 실제 소자 설계에 필요하다."
adddipole.set time domain,set time domain,P1,8,required,소스·모드·정규화,True,partial,partial,implemented,"단방향 여기, 모드 포트와 검증된 전송 목적함수가 실제 소자 설계에 필요하다."
adddipole.set wavelength,set wavelength,P1,8,required,소스·모드·정규화,True,partial,partial,implemented,"단방향 여기, 모드 포트와 검증된 전송 목적함수가 실제 소자 설계에 필요하다."
adddipole.theta,theta,P1,8,required,소스·모드·정규화,False,implemented,implemented,implemented,"단방향 여기, 모드 포트와 검증된 전송 목적함수가 실제 소자 설계에 필요하다."
adddipole.total amplitude,total amplitude,P1,8,required,소스·모드·정규화,True,missing,missing,missing,"단방향 여기, 모드 포트와 검증된 전송 목적함수가 실제 소자 설계에 필요하다."
adddipole.type,type,P1,8,required,소스·모드·정규화,True,missing,missing,missing,"단방향 여기, 모드 포트와 검증된 전송 목적함수가 실제 소자 설계에 필요하다."
adddipole.use global source settings,use global source settings,P1,8,required,소스·모드·정규화,True,partial,partial,implemented,"단방향 여기, 모드 포트와 검증된 전송 목적함수가 실제 소자 설계에 필요하다."
adddipole.use relative coordinates,use relative coordinates,P1,8,required,소스·모드·정규화,True,missing,missing,missing,"단방향 여기, 모드 포트와 검증된 전송 목적함수가 실제 소자 설계에 필요하다."
adddipole.wavelength span,wavelength span,P1,8,required,소스·모드·정규화,True,missing,missing,missing,"단방향 여기, 모드 포트와 검증된 전송 목적함수가 실제 소자 설계에 필요하다."
adddipole.wavelength start,wavelength start,P1,8,required,소스·모드·정규화,True,partial,partial,implemented,"단방향 여기, 모드 포트와 검증된 전송 목적함수가 실제 소자 설계에 필요하다."
adddipole.wavelength stop,wavelength stop,P1,8,required,소스·모드·정규화,True,partial,partial,implemented,"단방향 여기, 모드 포트와 검증된 전송 목적함수가 실제 소자 설계에 필요하다."
adddipole.x,x,P1,8,required,소스·모드·정규화,False,implemented,implemented,implemented,"단방향 여기, 모드 포트와 검증된 전송 목적함수가 실제 소자 설계에 필요하다."
adddipole.x max,x max,P1,8,required,소스·모드·정규화,True,missing,missing,missing,"단방향 여기, 모드 포트와 검증된 전송 목적함수가 실제 소자 설계에 필요하다."
adddipole.x min,x min,P1,8,required,소스·모드·정규화,True,missing,missing,missing,"단방향 여기, 모드 포트와 검증된 전송 목적함수가 실제 소자 설계에 필요하다."
adddipole.x span,x span,P1,8,required,소스·모드·정규화,True,missing,missing,missing,"단방향 여기, 모드 포트와 검증된 전송 목적함수가 실제 소자 설계에 필요하다."
adddipole.y,y,P1,8,required,소스·모드·정규화,False,implemented,implemented,implemented,"단방향 여기, 모드 포트와 검증된 전송 목적함수가 실제 소자 설계에 필요하다."
adddipole.y max,y max,P1,8,required,소스·모드·정규화,True,missing,missing,missing,"단방향 여기, 모드 포트와 검증된 전송 목적함수가 실제 소자 설계에 필요하다."
adddipole.y min,y min,P1,8,required,소스·모드·정규화,True,missing,missing,missing,"단방향 여기, 모드 포트와 검증된 전송 목적함수가 실제 소자 설계에 필요하다."
adddipole.y span,y span,P1,8,required,소스·모드·정규화,True,missing,missing,missing,"단방향 여기, 모드 포트와 검증된 전송 목적함수가 실제 소자 설계에 필요하다."
adddipole.z,z,P1,8,required,소스·모드·정규화,False,implemented,implemented,implemented,"단방향 여기, 모드 포트와 검증된 전송 목적함수가 실제 소자 설계에 필요하다."
adddipole.z max,z max,P1,8,required,소스·모드·정규화,True,missing,missing,missing,"단방향 여기, 모드 포트와 검증된 전송 목적함수가 실제 소자 설계에 필요하다."
adddipole.z min,z min,P1,8,required,소스·모드·정규화,True,missing,missing,missing,"단방향 여기, 모드 포트와 검증된 전송 목적함수가 실제 소자 설계에 필요하다."
adddipole.z span,z span,P1,8,required,소스·모드·정규화,True,missing,missing,missing,"단방향 여기, 모드 포트와 검증된 전송 목적함수가 실제 소자 설계에 필요하다."
addfdtd.angle phi,angle phi,P1,8,required,소스·모드·정규화,True,missing,missing,missing,"단방향 여기, 모드 포트와 검증된 전송 목적함수가 실제 소자 설계에 필요하다."
addfdtd.angle theta,angle theta,P1,8,required,소스·모드·정규화,True,missing,missing,missing,"단방향 여기, 모드 포트와 검증된 전송 목적함수가 실제 소자 설계에 필요하다."
addfdtd.bloch units,bloch units,P1,8,required,소스·모드·정규화,True,partial,partial,implemented,"단방향 여기, 모드 포트와 검증된 전송 목적함수가 실제 소자 설계에 필요하다."
addfdtd.global source bandwidth,global source bandwidth,P1,8,required,소스·모드·정규화,True,missing,missing,missing,"단방향 여기, 모드 포트와 검증된 전송 목적함수가 실제 소자 설계에 필요하다."
addfdtd.global source center frequency,global source center frequency,P1,8,required,소스·모드·정규화,True,missing,missing,missing,"단방향 여기, 모드 포트와 검증된 전송 목적함수가 실제 소자 설계에 필요하다."
addfdtd.global source center wavelength,global source center wavelength,P1,8,required,소스·모드·정규화,True,missing,missing,missing,"단방향 여기, 모드 포트와 검증된 전송 목적함수가 실제 소자 설계에 필요하다."
addfdtd.global source eliminate discontinuities,global source eliminate discontinuities,P1,8,required,소스·모드·정규화,True,partial,partial,implemented,"단방향 여기, 모드 포트와 검증된 전송 목적함수가 실제 소자 설계에 필요하다."
addfdtd.global source frequency,global source frequency,P1,8,required,소스·모드·정규화,True,partial,partial,implemented,"단방향 여기, 모드 포트와 검증된 전송 목적함수가 실제 소자 설계에 필요하다."
addfdtd.global source frequency span,global source frequency span,P1,8,required,소스·모드·정규화,True,missing,missing,missing,"단방향 여기, 모드 포트와 검증된 전송 목적함수가 실제 소자 설계에 필요하다."
addfdtd.global source frequency start,global source frequency start,P1,8,required,소스·모드·정규화,True,partial,partial,implemented,"단방향 여기, 모드 포트와 검증된 전송 목적함수가 실제 소자 설계에 필요하다."
addfdtd.global source frequency stop,global source frequency stop,P1,8,required,소스·모드·정규화,True,partial,partial,implemented,"단방향 여기, 모드 포트와 검증된 전송 목적함수가 실제 소자 설계에 필요하다."
addfdtd.global source offset,global source offset,P1,8,required,소스·모드·정규화,True,partial,partial,implemented,"단방향 여기, 모드 포트와 검증된 전송 목적함수가 실제 소자 설계에 필요하다."
addfdtd.global source optimize for short pulse,global source optimize for short pulse,P1,8,required,소스·모드·정규화,True,partial,partial,implemented,"단방향 여기, 모드 포트와 검증된 전송 목적함수가 실제 소자 설계에 필요하다."
addfdtd.global source pulse type,global source pulse type,P1,8,required,소스·모드·정규화,True,partial,partial,implemented,"단방향 여기, 모드 포트와 검증된 전송 목적함수가 실제 소자 설계에 필요하다."
addfdtd.global source pulselength,global source pulselength,P1,8,required,소스·모드·정규화,True,partial,partial,implemented,"단방향 여기, 모드 포트와 검증된 전송 목적함수가 실제 소자 설계에 필요하다."
addfdtd.global source set frequency,global source set frequency,P1,8,required,소스·모드·정규화,True,partial,partial,implemented,"단방향 여기, 모드 포트와 검증된 전송 목적함수가 실제 소자 설계에 필요하다."
addfdtd.global source set time domain,global source set time domain,P1,8,required,소스·모드·정규화,True,partial,partial,implemented,"단방향 여기, 모드 포트와 검증된 전송 목적함수가 실제 소자 설계에 필요하다."
addfdtd.global source set wavelength,global source set wavelength,P1,8,required,소스·모드·정규화,True,partial,partial,implemented,"단방향 여기, 모드 포트와 검증된 전송 목적함수가 실제 소자 설계에 필요하다."
addfdtd.global source wavelength span,global source wavelength span,P1,8,required,소스·모드·정규화,True,missing,missing,missing,"단방향 여기, 모드 포트와 검증된 전송 목적함수가 실제 소자 설계에 필요하다."
addfdtd.global source wavelength start,global source wavelength start,P1,8,required,소스·모드·정규화,True,partial,partial,implemented,"단방향 여기, 모드 포트와 검증된 전송 목적함수가 실제 소자 설계에 필요하다."
addfdtd.global source wavelength stop,global source wavelength stop,P1,8,required,소스·모드·정규화,True,partial,partial,implemented,"단방향 여기, 모드 포트와 검증된 전송 목적함수가 실제 소자 설계에 필요하다."
addfdtd.set based on source angle,set based on source angle,P1,8,required,소스·모드·정규화,True,missing,missing,missing,"단방향 여기, 모드 포트와 검증된 전송 목적함수가 실제 소자 설계에 필요하다."
addgaussian.NA,NA,P1,8,required,소스·모드·정규화,True,missing,missing,missing,"단방향 여기, 모드 포트와 검증된 전송 목적함수가 실제 소자 설계에 필요하다."
addgaussian.additional delay,additional delay,P1,8,required,소스·모드·정규화,True,missing,missing,missing,"단방향 여기, 모드 포트와 검증된 전송 목적함수가 실제 소자 설계에 필요하다."
addgaussian.amplitude,amplitude,P1,8,required,소스·모드·정규화,True,missing,missing,missing,"단방향 여기, 모드 포트와 검증된 전송 목적함수가 실제 소자 설계에 필요하다."
addgaussian.angle,angle,P1,8,required,소스·모드·정규화,True,missing,missing,missing,"단방향 여기, 모드 포트와 검증된 전송 목적함수가 실제 소자 설계에 필요하다."
addgaussian.angle phi,angle phi,P1,8,required,소스·모드·정규화,True,missing,missing,missing,"단방향 여기, 모드 포트와 검증된 전송 목적함수가 실제 소자 설계에 필요하다."
addgaussian.angle theta,angle theta,P1,8,required,소스·모드·정규화,True,missing,missing,missing,"단방향 여기, 모드 포트와 검증된 전송 목적함수가 실제 소자 설계에 필요하다."
addgaussian.angle to wavevector conversion,angle to wavevector conversion,P1,8,required,소스·모드·정규화,True,missing,missing,missing,"단방향 여기, 모드 포트와 검증된 전송 목적함수가 실제 소자 설계에 필요하다."
addgaussian.bandwidth,bandwidth,P1,8,required,소스·모드·정규화,True,missing,missing,missing,"단방향 여기, 모드 포트와 검증된 전송 목적함수가 실제 소자 설계에 필요하다."
addgaussian.beam diameter,beam diameter,P1,8,required,소스·모드·정규화,True,missing,missing,missing,"단방향 여기, 모드 포트와 검증된 전송 목적함수가 실제 소자 설계에 필요하다."
addgaussian.beam parameters,beam parameters,P1,8,required,소스·모드·정규화,True,missing,missing,missing,"단방향 여기, 모드 포트와 검증된 전송 목적함수가 실제 소자 설계에 필요하다."
addgaussian.beam radius wz,beam radius wz,P1,8,required,소스·모드·정규화,True,missing,missing,missing,"단방향 여기, 모드 포트와 검증된 전송 목적함수가 실제 소자 설계에 필요하다."
addgaussian.center frequency,center frequency,P1,8,required,소스·모드·정규화,True,missing,missing,missing,"단방향 여기, 모드 포트와 검증된 전송 목적함수가 실제 소자 설계에 필요하다."
addgaussian.center wavelength,center wavelength,P1,8,required,소스·모드·정규화,True,missing,missing,missing,"단방향 여기, 모드 포트와 검증된 전송 목적함수가 실제 소자 설계에 필요하다."
addgaussian.current index,current index,P1,8,required,소스·모드·정규화,True,missing,missing,missing,"단방향 여기, 모드 포트와 검증된 전송 목적함수가 실제 소자 설계에 필요하다."
addgaussian.direction,direction,P1,8,required,소스·모드·정규화,True,missing,missing,missing,"단방향 여기, 모드 포트와 검증된 전송 목적함수가 실제 소자 설계에 필요하다."
addgaussian.direction definition,direction definition,P1,8,required,소스·모드·정규화,True,missing,missing,missing,"단방향 여기, 모드 포트와 검증된 전송 목적함수가 실제 소자 설계에 필요하다."
addgaussian.distance from focus,distance from focus,P1,8,required,소스·모드·정규화,True,missing,missing,missing,"단방향 여기, 모드 포트와 검증된 전송 목적함수가 실제 소자 설계에 필요하다."
addgaussian.distance from waist,distance from waist,P1,8,required,소스·모드·정규화,True,missing,missing,missing,"단방향 여기, 모드 포트와 검증된 전송 목적함수가 실제 소자 설계에 필요하다."
addgaussian.divergence angle,divergence angle,P1,8,required,소스·모드·정규화,True,missing,missing,missing,"단방향 여기, 모드 포트와 검증된 전송 목적함수가 실제 소자 설계에 필요하다."
addgaussian.eliminate dc,eliminate dc,P1,8,required,소스·모드·정규화,True,missing,missing,missing,"단방향 여기, 모드 포트와 검증된 전송 목적함수가 실제 소자 설계에 필요하다."
addgaussian.eliminate discontinuities,eliminate discontinuities,P1,8,required,소스·모드·정규화,True,missing,missing,missing,"단방향 여기, 모드 포트와 검증된 전송 목적함수가 실제 소자 설계에 필요하다."
addgaussian.enabled,enabled,P1,8,required,소스·모드·정규화,True,missing,missing,missing,"단방향 여기, 모드 포트와 검증된 전송 목적함수가 실제 소자 설계에 필요하다."
addgaussian.fill lens,fill lens,P1,8,required,소스·모드·정규화,True,missing,missing,missing,"단방향 여기, 모드 포트와 검증된 전송 목적함수가 실제 소자 설계에 필요하다."
addgaussian.frequency,frequency,P1,8,required,소스·모드·정규화,True,missing,missing,missing,"단방향 여기, 모드 포트와 검증된 전송 목적함수가 실제 소자 설계에 필요하다."
addgaussian.frequency dependent profile,frequency dependent profile,P1,8,required,소스·모드·정규화,True,missing,missing,missing,"단방향 여기, 모드 포트와 검증된 전송 목적함수가 실제 소자 설계에 필요하다."
addgaussian.frequency point,frequency point,P1,8,required,소스·모드·정규화,True,missing,missing,missing,"단방향 여기, 모드 포트와 검증된 전송 목적함수가 실제 소자 설계에 필요하다."
addgaussian.frequency span,frequency span,P1,8,required,소스·모드·정규화,True,missing,missing,missing,"단방향 여기, 모드 포트와 검증된 전송 목적함수가 실제 소자 설계에 필요하다."
addgaussian.frequency start,frequency start,P1,8,required,소스·모드·정규화,True,missing,missing,missing,"단방향 여기, 모드 포트와 검증된 전송 목적함수가 실제 소자 설계에 필요하다."
addgaussian.frequency stop,frequency stop,P1,8,required,소스·모드·정규화,True,missing,missing,missing,"단방향 여기, 모드 포트와 검증된 전송 목적함수가 실제 소자 설계에 필요하다."
addgaussian.injection axis,injection axis,P1,8,required,소스·모드·정규화,True,missing,missing,missing,"단방향 여기, 모드 포트와 검증된 전송 목적함수가 실제 소자 설계에 필요하다."
addgaussian.kx,kx,P1,8,required,소스·모드·정규화,True,missing,missing,missing,"단방향 여기, 모드 포트와 검증된 전송 목적함수가 실제 소자 설계에 필요하다."
addgaussian.ky,ky,P1,8,required,소스·모드·정규화,True,missing,missing,missing,"단방향 여기, 모드 포트와 검증된 전송 목적함수가 실제 소자 설계에 필요하다."
addgaussian.kz,kz,P1,8,required,소스·모드·정규화,True,missing,missing,missing,"단방향 여기, 모드 포트와 검증된 전송 목적함수가 실제 소자 설계에 필요하다."
addgaussian.lens diameter,lens diameter,P1,8,required,소스·모드·정규화,True,missing,missing,missing,"단방향 여기, 모드 포트와 검증된 전송 목적함수가 실제 소자 설계에 필요하다."
addgaussian.maximum convolution time window,maximum convolution time window,P1,8,required,소스·모드·정규화,True,missing,missing,missing,"단방향 여기, 모드 포트와 검증된 전송 목적함수가 실제 소자 설계에 필요하다."
addgaussian.name,name,P1,8,required,소스·모드·정규화,True,missing,missing,missing,"단방향 여기, 모드 포트와 검증된 전송 목적함수가 실제 소자 설계에 필요하다."
addgaussian.number of field profile samples,number of field profile samples,P1,8,required,소스·모드·정규화,True,missing,missing,missing,"단방향 여기, 모드 포트와 검증된 전송 목적함수가 실제 소자 설계에 필요하다."
addgaussian.number of plane waves,number of plane waves,P1,8,required,소스·모드·정규화,True,missing,missing,missing,"단방향 여기, 모드 포트와 검증된 전송 목적함수가 실제 소자 설계에 필요하다."
addgaussian.offset,offset,P1,8,required,소스·모드·정규화,True,missing,missing,missing,"단방향 여기, 모드 포트와 검증된 전송 목적함수가 실제 소자 설계에 필요하다."
addgaussian.optimize for short pulse,optimize for short pulse,P1,8,required,소스·모드·정규화,True,missing,missing,missing,"단방향 여기, 모드 포트와 검증된 전송 목적함수가 실제 소자 설계에 필요하다."
addgaussian.override global source settings,override global source settings,P1,8,required,소스·모드·정규화,True,missing,missing,missing,"단방향 여기, 모드 포트와 검증된 전송 목적함수가 실제 소자 설계에 필요하다."
addgaussian.phase,phase,P1,8,required,소스·모드·정규화,True,missing,missing,missing,"단방향 여기, 모드 포트와 검증된 전송 목적함수가 실제 소자 설계에 필요하다."
addgaussian.plane wave type,plane wave type,P1,8,required,소스·모드·정규화,True,missing,missing,missing,"단방향 여기, 모드 포트와 검증된 전송 목적함수가 실제 소자 설계에 필요하다."
addgaussian.polarization angle,polarization angle,P1,8,required,소스·모드·정규화,True,missing,missing,missing,"단방향 여기, 모드 포트와 검증된 전송 목적함수가 실제 소자 설계에 필요하다."
addgaussian.polarization definition,polarization definition,P1,8,required,소스·모드·정규화,True,missing,missing,missing,"단방향 여기, 모드 포트와 검증된 전송 목적함수가 실제 소자 설계에 필요하다."
addgaussian.pulse type,pulse type,P1,8,required,소스·모드·정규화,True,missing,missing,missing,"단방향 여기, 모드 포트와 검증된 전송 목적함수가 실제 소자 설계에 필요하다."
addgaussian.pulselength,pulselength,P1,8,required,소스·모드·정규화,True,missing,missing,missing,"단방향 여기, 모드 포트와 검증된 전송 목적함수가 실제 소자 설계에 필요하다."
addgaussian.set frequency,set frequency,P1,8,required,소스·모드·정규화,True,missing,missing,missing,"단방향 여기, 모드 포트와 검증된 전송 목적함수가 실제 소자 설계에 필요하다."
addgaussian.set maximum convolution time window,set maximum convolution time window,P1,8,required,소스·모드·정규화,True,missing,missing,missing,"단방향 여기, 모드 포트와 검증된 전송 목적함수가 실제 소자 설계에 필요하다."
addgaussian.set time domain,set time domain,P1,8,required,소스·모드·정규화,True,missing,missing,missing,"단방향 여기, 모드 포트와 검증된 전송 목적함수가 실제 소자 설계에 필요하다."
addgaussian.set wavelength,set wavelength,P1,8,required,소스·모드·정규화,True,missing,missing,missing,"단방향 여기, 모드 포트와 검증된 전송 목적함수가 실제 소자 설계에 필요하다."
addgaussian.source shape,source shape,P1,8,required,소스·모드·정규화,True,missing,missing,missing,"단방향 여기, 모드 포트와 검증된 전송 목적함수가 실제 소자 설계에 필요하다."
addgaussian.type,type,P1,8,required,소스·모드·정규화,True,missing,missing,missing,"단방향 여기, 모드 포트와 검증된 전송 목적함수가 실제 소자 설계에 필요하다."
addgaussian.use custom pupil function,use custom pupil function,P1,8,required,소스·모드·정규화,True,missing,missing,missing,"단방향 여기, 모드 포트와 검증된 전송 목적함수가 실제 소자 설계에 필요하다."
addgaussian.use global source settings,use global source settings,P1,8,required,소스·모드·정규화,True,missing,missing,missing,"단방향 여기, 모드 포트와 검증된 전송 목적함수가 실제 소자 설계에 필요하다."
addgaussian.use relative coordinates,use relative coordinates,P1,8,required,소스·모드·정규화,True,missing,missing,missing,"단방향 여기, 모드 포트와 검증된 전송 목적함수가 실제 소자 설계에 필요하다."
addgaussian.use scalar approximation,use scalar approximation,P1,8,required,소스·모드·정규화,True,missing,missing,missing,"단방향 여기, 모드 포트와 검증된 전송 목적함수가 실제 소자 설계에 필요하다."
addgaussian.use thin lens,use thin lens,P1,8,required,소스·모드·정규화,True,missing,missing,missing,"단방향 여기, 모드 포트와 검증된 전송 목적함수가 실제 소자 설계에 필요하다."
addgaussian.ux,ux,P1,8,required,소스·모드·정규화,True,missing,missing,missing,"단방향 여기, 모드 포트와 검증된 전송 목적함수가 실제 소자 설계에 필요하다."
addgaussian.uy,uy,P1,8,required,소스·모드·정규화,True,missing,missing,missing,"단방향 여기, 모드 포트와 검증된 전송 목적함수가 실제 소자 설계에 필요하다."
addgaussian.uz,uz,P1,8,required,소스·모드·정규화,True,missing,missing,missing,"단방향 여기, 모드 포트와 검증된 전송 목적함수가 실제 소자 설계에 필요하다."
addgaussian.waist radius w0,waist radius w0,P1,8,required,소스·모드·정규화,True,missing,missing,missing,"단방향 여기, 모드 포트와 검증된 전송 목적함수가 실제 소자 설계에 필요하다."
addgaussian.wavelength point,wavelength point,P1,8,required,소스·모드·정규화,True,missing,missing,missing,"단방향 여기, 모드 포트와 검증된 전송 목적함수가 실제 소자 설계에 필요하다."
addgaussian.wavelength span,wavelength span,P1,8,required,소스·모드·정규화,True,missing,missing,missing,"단방향 여기, 모드 포트와 검증된 전송 목적함수가 실제 소자 설계에 필요하다."
addgaussian.wavelength start,wavelength start,P1,8,required,소스·모드·정규화,True,missing,missing,missing,"단방향 여기, 모드 포트와 검증된 전송 목적함수가 실제 소자 설계에 필요하다."
addgaussian.wavelength stop,wavelength stop,P1,8,required,소스·모드·정규화,True,missing,missing,missing,"단방향 여기, 모드 포트와 검증된 전송 목적함수가 실제 소자 설계에 필요하다."
addgaussian.x,x,P1,8,required,소스·모드·정규화,True,missing,missing,missing,"단방향 여기, 모드 포트와 검증된 전송 목적함수가 실제 소자 설계에 필요하다."
addgaussian.x max,x max,P1,8,required,소스·모드·정규화,True,missing,missing,missing,"단방향 여기, 모드 포트와 검증된 전송 목적함수가 실제 소자 설계에 필요하다."
addgaussian.x min,x min,P1,8,required,소스·모드·정규화,True,missing,missing,missing,"단방향 여기, 모드 포트와 검증된 전송 목적함수가 실제 소자 설계에 필요하다."
addgaussian.x span,x span,P1,8,required,소스·모드·정규화,True,missing,missing,missing,"단방향 여기, 모드 포트와 검증된 전송 목적함수가 실제 소자 설계에 필요하다."
addgaussian.y,y,P1,8,required,소스·모드·정규화,True,missing,missing,missing,"단방향 여기, 모드 포트와 검증된 전송 목적함수가 실제 소자 설계에 필요하다."
addgaussian.y max,y max,P1,8,required,소스·모드·정규화,True,missing,missing,missing,"단방향 여기, 모드 포트와 검증된 전송 목적함수가 실제 소자 설계에 필요하다."
addgaussian.y min,y min,P1,8,required,소스·모드·정규화,True,missing,missing,missing,"단방향 여기, 모드 포트와 검증된 전송 목적함수가 실제 소자 설계에 필요하다."
addgaussian.y span,y span,P1,8,required,소스·모드·정규화,True,missing,missing,missing,"단방향 여기, 모드 포트와 검증된 전송 목적함수가 실제 소자 설계에 필요하다."
addgaussian.z,z,P1,8,required,소스·모드·정규화,True,missing,missing,missing,"단방향 여기, 모드 포트와 검증된 전송 목적함수가 실제 소자 설계에 필요하다."
addgaussian.z max,z max,P1,8,required,소스·모드·정규화,True,missing,missing,missing,"단방향 여기, 모드 포트와 검증된 전송 목적함수가 실제 소자 설계에 필요하다."
addgaussian.z min,z min,P1,8,required,소스·모드·정규화,True,missing,missing,missing,"단방향 여기, 모드 포트와 검증된 전송 목적함수가 실제 소자 설계에 필요하다."
addgaussian.z span,z span,P1,8,required,소스·모드·정규화,True,missing,missing,missing,"단방향 여기, 모드 포트와 검증된 전송 목적함수가 실제 소자 설계에 필요하다."
addimportedsource.amplitude,amplitude,P1,8,required,소스·모드·정규화,True,missing,missing,missing,"단방향 여기, 모드 포트와 검증된 전송 목적함수가 실제 소자 설계에 필요하다."
addimportedsource.auto update,auto update,P1,8,required,소스·모드·정규화,True,missing,missing,missing,"단방향 여기, 모드 포트와 검증된 전송 목적함수가 실제 소자 설계에 필요하다."
addimportedsource.bandwidth,bandwidth,P1,8,required,소스·모드·정규화,True,missing,missing,missing,"단방향 여기, 모드 포트와 검증된 전송 목적함수가 실제 소자 설계에 필요하다."
addimportedsource.bend location,bend location,P1,8,required,소스·모드·정규화,True,missing,missing,missing,"단방향 여기, 모드 포트와 검증된 전송 목적함수가 실제 소자 설계에 필요하다."
addimportedsource.bend location X,bend location X,P1,8,required,소스·모드·정규화,True,missing,missing,missing,"단방향 여기, 모드 포트와 검증된 전송 목적함수가 실제 소자 설계에 필요하다."
addimportedsource.bend location Y,bend location Y,P1,8,required,소스·모드·정규화,True,missing,missing,missing,"단방향 여기, 모드 포트와 검증된 전송 목적함수가 실제 소자 설계에 필요하다."
addimportedsource.bend location Z,bend location Z,P1,8,required,소스·모드·정규화,True,missing,missing,missing,"단방향 여기, 모드 포트와 검증된 전송 목적함수가 실제 소자 설계에 필요하다."
addimportedsource.bend orientation,bend orientation,P1,8,required,소스·모드·정규화,True,missing,missing,missing,"단방향 여기, 모드 포트와 검증된 전송 목적함수가 실제 소자 설계에 필요하다."
addimportedsource.bend radius,bend radius,P1,8,required,소스·모드·정규화,True,missing,missing,missing,"단방향 여기, 모드 포트와 검증된 전송 목적함수가 실제 소자 설계에 필요하다."
addimportedsource.bent waveguide,bent waveguide,P1,8,required,소스·모드·정규화,True,missing,missing,missing,"단방향 여기, 모드 포트와 검증된 전송 목적함수가 실제 소자 설계에 필요하다."
addimportedsource.center frequency,center frequency,P1,8,required,소스·모드·정규화,True,missing,missing,missing,"단방향 여기, 모드 포트와 검증된 전송 목적함수가 실제 소자 설계에 필요하다."
addimportedsource.center wavelength,center wavelength,P1,8,required,소스·모드·정규화,True,missing,missing,missing,"단방향 여기, 모드 포트와 검증된 전송 목적함수가 실제 소자 설계에 필요하다."
addimportedsource.direction,direction,P1,8,required,소스·모드·정규화,True,missing,missing,missing,"단방향 여기, 모드 포트와 검증된 전송 목적함수가 실제 소자 설계에 필요하다."
addimportedsource.eliminate dc,eliminate dc,P1,8,required,소스·모드·정규화,True,missing,missing,missing,"단방향 여기, 모드 포트와 검증된 전송 목적함수가 실제 소자 설계에 필요하다."
addimportedsource.eliminate discontinuities,eliminate discontinuities,P1,8,required,소스·모드·정규화,True,missing,missing,missing,"단방향 여기, 모드 포트와 검증된 전송 목적함수가 실제 소자 설계에 필요하다."
addimportedsource.enabled,enabled,P1,8,required,소스·모드·정규화,True,missing,missing,missing,"단방향 여기, 모드 포트와 검증된 전송 목적함수가 실제 소자 설계에 필요하다."
addimportedsource.frequency,frequency,P1,8,required,소스·모드·정규화,True,missing,missing,missing,"단방향 여기, 모드 포트와 검증된 전송 목적함수가 실제 소자 설계에 필요하다."
addimportedsource.frequency dependent profile,frequency dependent profile,P1,8,required,소스·모드·정규화,True,missing,missing,missing,"단방향 여기, 모드 포트와 검증된 전송 목적함수가 실제 소자 설계에 필요하다."
addimportedsource.frequency extrapolation,frequency extrapolation,P1,8,required,소스·모드·정규화,True,missing,missing,missing,"단방향 여기, 모드 포트와 검증된 전송 목적함수가 실제 소자 설계에 필요하다."
addimportedsource.frequency span,frequency span,P1,8,required,소스·모드·정규화,True,missing,missing,missing,"단방향 여기, 모드 포트와 검증된 전송 목적함수가 실제 소자 설계에 필요하다."
addimportedsource.frequency start,frequency start,P1,8,required,소스·모드·정규화,True,missing,missing,missing,"단방향 여기, 모드 포트와 검증된 전송 목적함수가 실제 소자 설계에 필요하다."
addimportedsource.frequency stop,frequency stop,P1,8,required,소스·모드·정규화,True,missing,missing,missing,"단방향 여기, 모드 포트와 검증된 전송 목적함수가 실제 소자 설계에 필요하다."
addimportedsource.imported index,imported index,P1,8,required,소스·모드·정규화,True,missing,missing,missing,"단방향 여기, 모드 포트와 검증된 전송 목적함수가 실제 소자 설계에 필요하다."
addimportedsource.imported power,imported power,P1,8,required,소스·모드·정규화,True,missing,missing,missing,"단방향 여기, 모드 포트와 검증된 전송 목적함수가 실제 소자 설계에 필요하다."
addimportedsource.imported wavelength start,imported wavelength start,P1,8,required,소스·모드·정규화,True,missing,missing,missing,"단방향 여기, 모드 포트와 검증된 전송 목적함수가 실제 소자 설계에 필요하다."
addimportedsource.imported wavelength stop,imported wavelength stop,P1,8,required,소스·모드·정규화,True,missing,missing,missing,"단방향 여기, 모드 포트와 검증된 전송 목적함수가 실제 소자 설계에 필요하다."
addimportedsource.injection axis,injection axis,P1,8,required,소스·모드·정규화,True,missing,missing,missing,"단방향 여기, 모드 포트와 검증된 전송 목적함수가 실제 소자 설계에 필요하다."
addimportedsource.maximum convolution time window,maximum convolution time window,P1,8,required,소스·모드·정규화,True,missing,missing,missing,"단방향 여기, 모드 포트와 검증된 전송 목적함수가 실제 소자 설계에 필요하다."
addimportedsource.mode selection,mode selection,P1,8,required,소스·모드·정규화,True,missing,missing,missing,"단방향 여기, 모드 포트와 검증된 전송 목적함수가 실제 소자 설계에 필요하다."
addimportedsource.name,name,P1,8,required,소스·모드·정규화,True,missing,missing,missing,"단방향 여기, 모드 포트와 검증된 전송 목적함수가 실제 소자 설계에 필요하다."
addimportedsource.number of field profile samples,number of field profile samples,P1,8,required,소스·모드·정규화,True,missing,missing,missing,"단방향 여기, 모드 포트와 검증된 전송 목적함수가 실제 소자 설계에 필요하다."
addimportedsource.number of trial modes,number of trial modes,P1,8,required,소스·모드·정규화,True,missing,missing,missing,"단방향 여기, 모드 포트와 검증된 전송 목적함수가 실제 소자 설계에 필요하다."
addimportedsource.offset,offset,P1,8,required,소스·모드·정규화,True,missing,missing,missing,"단방향 여기, 모드 포트와 검증된 전송 목적함수가 실제 소자 설계에 필요하다."
addimportedsource.optimize for short pulse,optimize for short pulse,P1,8,required,소스·모드·정규화,True,missing,missing,missing,"단방향 여기, 모드 포트와 검증된 전송 목적함수가 실제 소자 설계에 필요하다."
addimportedsource.override global source settings,override global source settings,P1,8,required,소스·모드·정규화,True,missing,missing,missing,"단방향 여기, 모드 포트와 검증된 전송 목적함수가 실제 소자 설계에 필요하다."
addimportedsource.phase,phase,P1,8,required,소스·모드·정규화,True,missing,missing,missing,"단방향 여기, 모드 포트와 검증된 전송 목적함수가 실제 소자 설계에 필요하다."
addimportedsource.phi,phi,P1,8,required,소스·모드·정규화,True,missing,missing,missing,"단방향 여기, 모드 포트와 검증된 전송 목적함수가 실제 소자 설계에 필요하다."
addimportedsource.pulse type,pulse type,P1,8,required,소스·모드·정규화,True,missing,missing,missing,"단방향 여기, 모드 포트와 검증된 전송 목적함수가 실제 소자 설계에 필요하다."
addimportedsource.pulselength,pulselength,P1,8,required,소스·모드·정규화,True,missing,missing,missing,"단방향 여기, 모드 포트와 검증된 전송 목적함수가 실제 소자 설계에 필요하다."
addimportedsource.rotation offset,rotation offset,P1,8,required,소스·모드·정규화,True,missing,missing,missing,"단방향 여기, 모드 포트와 검증된 전송 목적함수가 실제 소자 설계에 필요하다."
addimportedsource.selected mode number,selected mode number,P1,8,required,소스·모드·정규화,True,missing,missing,missing,"단방향 여기, 모드 포트와 검증된 전송 목적함수가 실제 소자 설계에 필요하다."
addimportedsource.set frequency,set frequency,P1,8,required,소스·모드·정규화,True,missing,missing,missing,"단방향 여기, 모드 포트와 검증된 전송 목적함수가 실제 소자 설계에 필요하다."
addimportedsource.set maximum convolution time window,set maximum convolution time window,P1,8,required,소스·모드·정규화,True,missing,missing,missing,"단방향 여기, 모드 포트와 검증된 전송 목적함수가 실제 소자 설계에 필요하다."
addimportedsource.set time domain,set time domain,P1,8,required,소스·모드·정규화,True,missing,missing,missing,"단방향 여기, 모드 포트와 검증된 전송 목적함수가 실제 소자 설계에 필요하다."
addimportedsource.set wavelength,set wavelength,P1,8,required,소스·모드·정규화,True,missing,missing,missing,"단방향 여기, 모드 포트와 검증된 전송 목적함수가 실제 소자 설계에 필요하다."
addimportedsource.theta,theta,P1,8,required,소스·모드·정규화,True,missing,missing,missing,"단방향 여기, 모드 포트와 검증된 전송 목적함수가 실제 소자 설계에 필요하다."
addimportedsource.type,type,P1,8,required,소스·모드·정규화,True,missing,missing,missing,"단방향 여기, 모드 포트와 검증된 전송 목적함수가 실제 소자 설계에 필요하다."
addimportedsource.use global source settings,use global source settings,P1,8,required,소스·모드·정규화,True,missing,missing,missing,"단방향 여기, 모드 포트와 검증된 전송 목적함수가 실제 소자 설계에 필요하다."
addimportedsource.use relative coordinates,use relative coordinates,P1,8,required,소스·모드·정규화,True,missing,missing,missing,"단방향 여기, 모드 포트와 검증된 전송 목적함수가 실제 소자 설계에 필요하다."
addimportedsource.wavelength span,wavelength span,P1,8,required,소스·모드·정규화,True,missing,missing,missing,"단방향 여기, 모드 포트와 검증된 전송 목적함수가 실제 소자 설계에 필요하다."
addimportedsource.wavelength start,wavelength start,P1,8,required,소스·모드·정규화,True,missing,missing,missing,"단방향 여기, 모드 포트와 검증된 전송 목적함수가 실제 소자 설계에 필요하다."
addimportedsource.wavelength stop,wavelength stop,P1,8,required,소스·모드·정규화,True,missing,missing,missing,"단방향 여기, 모드 포트와 검증된 전송 목적함수가 실제 소자 설계에 필요하다."
addimportedsource.x,x,P1,8,required,소스·모드·정규화,True,missing,missing,missing,"단방향 여기, 모드 포트와 검증된 전송 목적함수가 실제 소자 설계에 필요하다."
addimportedsource.x max,x max,P1,8,required,소스·모드·정규화,True,missing,missing,missing,"단방향 여기, 모드 포트와 검증된 전송 목적함수가 실제 소자 설계에 필요하다."
addimportedsource.x min,x min,P1,8,required,소스·모드·정규화,True,missing,missing,missing,"단방향 여기, 모드 포트와 검증된 전송 목적함수가 실제 소자 설계에 필요하다."
addimportedsource.x span,x span,P1,8,required,소스·모드·정규화,True,missing,missing,missing,"단방향 여기, 모드 포트와 검증된 전송 목적함수가 실제 소자 설계에 필요하다."
addimportedsource.x0,x0,P1,8,required,소스·모드·정규화,True,missing,missing,missing,"단방향 여기, 모드 포트와 검증된 전송 목적함수가 실제 소자 설계에 필요하다."
addimportedsource.y,y,P1,8,required,소스·모드·정규화,True,missing,missing,missing,"단방향 여기, 모드 포트와 검증된 전송 목적함수가 실제 소자 설계에 필요하다."
addimportedsource.y max,y max,P1,8,required,소스·모드·정규화,True,missing,missing,missing,"단방향 여기, 모드 포트와 검증된 전송 목적함수가 실제 소자 설계에 필요하다."
addimportedsource.y min,y min,P1,8,required,소스·모드·정규화,True,missing,missing,missing,"단방향 여기, 모드 포트와 검증된 전송 목적함수가 실제 소자 설계에 필요하다."
addimportedsource.y span,y span,P1,8,required,소스·모드·정규화,True,missing,missing,missing,"단방향 여기, 모드 포트와 검증된 전송 목적함수가 실제 소자 설계에 필요하다."
addimportedsource.y0,y0,P1,8,required,소스·모드·정규화,True,missing,missing,missing,"단방향 여기, 모드 포트와 검증된 전송 목적함수가 실제 소자 설계에 필요하다."
addimportedsource.z,z,P1,8,required,소스·모드·정규화,True,missing,missing,missing,"단방향 여기, 모드 포트와 검증된 전송 목적함수가 실제 소자 설계에 필요하다."
addimportedsource.z max,z max,P1,8,required,소스·모드·정규화,True,missing,missing,missing,"단방향 여기, 모드 포트와 검증된 전송 목적함수가 실제 소자 설계에 필요하다."
addimportedsource.z min,z min,P1,8,required,소스·모드·정규화,True,missing,missing,missing,"단방향 여기, 모드 포트와 검증된 전송 목적함수가 실제 소자 설계에 필요하다."
addimportedsource.z span,z span,P1,8,required,소스·모드·정규화,True,missing,missing,missing,"단방향 여기, 모드 포트와 검증된 전송 목적함수가 실제 소자 설계에 필요하다."
addimportedsource.z0,z0,P1,8,required,소스·모드·정규화,True,missing,missing,missing,"단방향 여기, 모드 포트와 검증된 전송 목적함수가 실제 소자 설계에 필요하다."
addmode.amplitude,amplitude,P1,8,required,소스·모드·정규화,True,missing,missing,missing,"단방향 여기, 모드 포트와 검증된 전송 목적함수가 실제 소자 설계에 필요하다."
addmode.auto update,auto update,P1,8,required,소스·모드·정규화,True,missing,missing,missing,"단방향 여기, 모드 포트와 검증된 전송 목적함수가 실제 소자 설계에 필요하다."
addmode.bandwidth,bandwidth,P1,8,required,소스·모드·정규화,True,missing,missing,missing,"단방향 여기, 모드 포트와 검증된 전송 목적함수가 실제 소자 설계에 필요하다."
addmode.bend location,bend location,P1,8,required,소스·모드·정규화,True,missing,missing,missing,"단방향 여기, 모드 포트와 검증된 전송 목적함수가 실제 소자 설계에 필요하다."
addmode.bend location X,bend location X,P1,8,required,소스·모드·정규화,True,missing,missing,missing,"단방향 여기, 모드 포트와 검증된 전송 목적함수가 실제 소자 설계에 필요하다."
addmode.bend location Y,bend location Y,P1,8,required,소스·모드·정규화,True,missing,missing,missing,"단방향 여기, 모드 포트와 검증된 전송 목적함수가 실제 소자 설계에 필요하다."
addmode.bend location Z,bend location Z,P1,8,required,소스·모드·정규화,True,missing,missing,missing,"단방향 여기, 모드 포트와 검증된 전송 목적함수가 실제 소자 설계에 필요하다."
addmode.bend orientation,bend orientation,P1,8,required,소스·모드·정규화,True,missing,missing,missing,"단방향 여기, 모드 포트와 검증된 전송 목적함수가 실제 소자 설계에 필요하다."
addmode.bend radius,bend radius,P1,8,required,소스·모드·정규화,True,missing,missing,missing,"단방향 여기, 모드 포트와 검증된 전송 목적함수가 실제 소자 설계에 필요하다."
addmode.bent waveguide,bent waveguide,P1,8,required,소스·모드·정규화,True,missing,missing,missing,"단방향 여기, 모드 포트와 검증된 전송 목적함수가 실제 소자 설계에 필요하다."
addmode.center frequency,center frequency,P1,8,required,소스·모드·정규화,True,missing,missing,missing,"단방향 여기, 모드 포트와 검증된 전송 목적함수가 실제 소자 설계에 필요하다."
addmode.center wavelength,center wavelength,P1,8,required,소스·모드·정규화,True,missing,missing,missing,"단방향 여기, 모드 포트와 검증된 전송 목적함수가 실제 소자 설계에 필요하다."
addmode.direction,direction,P1,8,required,소스·모드·정규화,True,missing,missing,missing,"단방향 여기, 모드 포트와 검증된 전송 목적함수가 실제 소자 설계에 필요하다."
addmode.eliminate dc,eliminate dc,P1,8,required,소스·모드·정규화,True,missing,missing,missing,"단방향 여기, 모드 포트와 검증된 전송 목적함수가 실제 소자 설계에 필요하다."
addmode.eliminate discontinuities,eliminate discontinuities,P1,8,required,소스·모드·정규화,True,missing,missing,missing,"단방향 여기, 모드 포트와 검증된 전송 목적함수가 실제 소자 설계에 필요하다."
addmode.enabled,enabled,P1,8,required,소스·모드·정규화,True,missing,missing,missing,"단방향 여기, 모드 포트와 검증된 전송 목적함수가 실제 소자 설계에 필요하다."
addmode.frequency,frequency,P1,8,required,소스·모드·정규화,True,missing,missing,missing,"단방향 여기, 모드 포트와 검증된 전송 목적함수가 실제 소자 설계에 필요하다."
addmode.frequency dependent profile,frequency dependent profile,P1,8,required,소스·모드·정규화,True,missing,missing,missing,"단방향 여기, 모드 포트와 검증된 전송 목적함수가 실제 소자 설계에 필요하다."
addmode.frequency extrapolation,frequency extrapolation,P1,8,required,소스·모드·정규화,True,missing,missing,missing,"단방향 여기, 모드 포트와 검증된 전송 목적함수가 실제 소자 설계에 필요하다."
addmode.frequency span,frequency span,P1,8,required,소스·모드·정규화,True,missing,missing,missing,"단방향 여기, 모드 포트와 검증된 전송 목적함수가 실제 소자 설계에 필요하다."
addmode.frequency start,frequency start,P1,8,required,소스·모드·정규화,True,missing,missing,missing,"단방향 여기, 모드 포트와 검증된 전송 목적함수가 실제 소자 설계에 필요하다."
addmode.frequency stop,frequency stop,P1,8,required,소스·모드·정규화,True,missing,missing,missing,"단방향 여기, 모드 포트와 검증된 전송 목적함수가 실제 소자 설계에 필요하다."
addmode.imported index,imported index,P1,8,required,소스·모드·정규화,True,missing,missing,missing,"단방향 여기, 모드 포트와 검증된 전송 목적함수가 실제 소자 설계에 필요하다."
addmode.imported power,imported power,P1,8,required,소스·모드·정규화,True,missing,missing,missing,"단방향 여기, 모드 포트와 검증된 전송 목적함수가 실제 소자 설계에 필요하다."
addmode.imported wavelength start,imported wavelength start,P1,8,required,소스·모드·정규화,True,missing,missing,missing,"단방향 여기, 모드 포트와 검증된 전송 목적함수가 실제 소자 설계에 필요하다."
addmode.imported wavelength stop,imported wavelength stop,P1,8,required,소스·모드·정규화,True,missing,missing,missing,"단방향 여기, 모드 포트와 검증된 전송 목적함수가 실제 소자 설계에 필요하다."
addmode.injection axis,injection axis,P1,8,required,소스·모드·정규화,True,missing,missing,missing,"단방향 여기, 모드 포트와 검증된 전송 목적함수가 실제 소자 설계에 필요하다."
addmode.maximum convolution time window,maximum convolution time window,P1,8,required,소스·모드·정규화,True,missing,missing,missing,"단방향 여기, 모드 포트와 검증된 전송 목적함수가 실제 소자 설계에 필요하다."
addmode.mode selection,mode selection,P1,8,required,소스·모드·정규화,True,missing,missing,missing,"단방향 여기, 모드 포트와 검증된 전송 목적함수가 실제 소자 설계에 필요하다."
addmode.name,name,P1,8,required,소스·모드·정규화,True,missing,missing,missing,"단방향 여기, 모드 포트와 검증된 전송 목적함수가 실제 소자 설계에 필요하다."
addmode.number of field profile samples,number of field profile samples,P1,8,required,소스·모드·정규화,True,missing,missing,missing,"단방향 여기, 모드 포트와 검증된 전송 목적함수가 실제 소자 설계에 필요하다."
addmode.number of trial modes,number of trial modes,P1,8,required,소스·모드·정규화,True,missing,missing,missing,"단방향 여기, 모드 포트와 검증된 전송 목적함수가 실제 소자 설계에 필요하다."
addmode.offset,offset,P1,8,required,소스·모드·정규화,True,missing,missing,missing,"단방향 여기, 모드 포트와 검증된 전송 목적함수가 실제 소자 설계에 필요하다."
addmode.optimize for short pulse,optimize for short pulse,P1,8,required,소스·모드·정규화,True,missing,missing,missing,"단방향 여기, 모드 포트와 검증된 전송 목적함수가 실제 소자 설계에 필요하다."
addmode.override global source settings,override global source settings,P1,8,required,소스·모드·정규화,True,missing,missing,missing,"단방향 여기, 모드 포트와 검증된 전송 목적함수가 실제 소자 설계에 필요하다."
addmode.phase,phase,P1,8,required,소스·모드·정규화,True,missing,missing,missing,"단방향 여기, 모드 포트와 검증된 전송 목적함수가 실제 소자 설계에 필요하다."
addmode.phi,phi,P1,8,required,소스·모드·정규화,True,missing,missing,missing,"단방향 여기, 모드 포트와 검증된 전송 목적함수가 실제 소자 설계에 필요하다."
addmode.pulse type,pulse type,P1,8,required,소스·모드·정규화,True,missing,missing,missing,"단방향 여기, 모드 포트와 검증된 전송 목적함수가 실제 소자 설계에 필요하다."
addmode.pulselength,pulselength,P1,8,required,소스·모드·정규화,True,missing,missing,missing,"단방향 여기, 모드 포트와 검증된 전송 목적함수가 실제 소자 설계에 필요하다."
addmode.rotation offset,rotation offset,P1,8,required,소스·모드·정규화,True,missing,missing,missing,"단방향 여기, 모드 포트와 검증된 전송 목적함수가 실제 소자 설계에 필요하다."
addmode.selected mode number,selected mode number,P1,8,required,소스·모드·정규화,True,missing,missing,missing,"단방향 여기, 모드 포트와 검증된 전송 목적함수가 실제 소자 설계에 필요하다."
addmode.set frequency,set frequency,P1,8,required,소스·모드·정규화,True,missing,missing,missing,"단방향 여기, 모드 포트와 검증된 전송 목적함수가 실제 소자 설계에 필요하다."
addmode.set maximum convolution time window,set maximum convolution time window,P1,8,required,소스·모드·정규화,True,missing,missing,missing,"단방향 여기, 모드 포트와 검증된 전송 목적함수가 실제 소자 설계에 필요하다."
addmode.set time domain,set time domain,P1,8,required,소스·모드·정규화,True,missing,missing,missing,"단방향 여기, 모드 포트와 검증된 전송 목적함수가 실제 소자 설계에 필요하다."
addmode.set wavelength,set wavelength,P1,8,required,소스·모드·정규화,True,missing,missing,missing,"단방향 여기, 모드 포트와 검증된 전송 목적함수가 실제 소자 설계에 필요하다."
addmode.theta,theta,P1,8,required,소스·모드·정규화,True,missing,missing,missing,"단방향 여기, 모드 포트와 검증된 전송 목적함수가 실제 소자 설계에 필요하다."
addmode.type,type,P1,8,required,소스·모드·정규화,True,missing,missing,missing,"단방향 여기, 모드 포트와 검증된 전송 목적함수가 실제 소자 설계에 필요하다."
addmode.use global source settings,use global source settings,P1,8,required,소스·모드·정규화,True,missing,missing,missing,"단방향 여기, 모드 포트와 검증된 전송 목적함수가 실제 소자 설계에 필요하다."
addmode.use relative coordinates,use relative coordinates,P1,8,required,소스·모드·정규화,True,missing,missing,missing,"단방향 여기, 모드 포트와 검증된 전송 목적함수가 실제 소자 설계에 필요하다."
addmode.wavelength span,wavelength span,P1,8,required,소스·모드·정규화,True,missing,missing,missing,"단방향 여기, 모드 포트와 검증된 전송 목적함수가 실제 소자 설계에 필요하다."
addmode.wavelength start,wavelength start,P1,8,required,소스·모드·정규화,True,missing,missing,missing,"단방향 여기, 모드 포트와 검증된 전송 목적함수가 실제 소자 설계에 필요하다."
addmode.wavelength stop,wavelength stop,P1,8,required,소스·모드·정규화,True,missing,missing,missing,"단방향 여기, 모드 포트와 검증된 전송 목적함수가 실제 소자 설계에 필요하다."
addmode.x,x,P1,8,required,소스·모드·정규화,True,missing,missing,missing,"단방향 여기, 모드 포트와 검증된 전송 목적함수가 실제 소자 설계에 필요하다."
addmode.x max,x max,P1,8,required,소스·모드·정규화,True,missing,missing,missing,"단방향 여기, 모드 포트와 검증된 전송 목적함수가 실제 소자 설계에 필요하다."
addmode.x min,x min,P1,8,required,소스·모드·정규화,True,missing,missing,missing,"단방향 여기, 모드 포트와 검증된 전송 목적함수가 실제 소자 설계에 필요하다."
addmode.x span,x span,P1,8,required,소스·모드·정규화,True,missing,missing,missing,"단방향 여기, 모드 포트와 검증된 전송 목적함수가 실제 소자 설계에 필요하다."
addmode.x0,x0,P1,8,required,소스·모드·정규화,True,missing,missing,missing,"단방향 여기, 모드 포트와 검증된 전송 목적함수가 실제 소자 설계에 필요하다."
addmode.y,y,P1,8,required,소스·모드·정규화,True,missing,missing,missing,"단방향 여기, 모드 포트와 검증된 전송 목적함수가 실제 소자 설계에 필요하다."
addmode.y max,y max,P1,8,required,소스·모드·정규화,True,missing,missing,missing,"단방향 여기, 모드 포트와 검증된 전송 목적함수가 실제 소자 설계에 필요하다."
addmode.y min,y min,P1,8,required,소스·모드·정규화,True,missing,missing,missing,"단방향 여기, 모드 포트와 검증된 전송 목적함수가 실제 소자 설계에 필요하다."
addmode.y span,y span,P1,8,required,소스·모드·정규화,True,missing,missing,missing,"단방향 여기, 모드 포트와 검증된 전송 목적함수가 실제 소자 설계에 필요하다."
addmode.y0,y0,P1,8,required,소스·모드·정규화,True,missing,missing,missing,"단방향 여기, 모드 포트와 검증된 전송 목적함수가 실제 소자 설계에 필요하다."
addmode.z,z,P1,8,required,소스·모드·정규화,True,missing,missing,missing,"단방향 여기, 모드 포트와 검증된 전송 목적함수가 실제 소자 설계에 필요하다."
addmode.z max,z max,P1,8,required,소스·모드·정규화,True,missing,missing,missing,"단방향 여기, 모드 포트와 검증된 전송 목적함수가 실제 소자 설계에 필요하다."
addmode.z min,z min,P1,8,required,소스·모드·정규화,True,missing,missing,missing,"단방향 여기, 모드 포트와 검증된 전송 목적함수가 실제 소자 설계에 필요하다."
addmode.z span,z span,P1,8,required,소스·모드·정규화,True,missing,missing,missing,"단방향 여기, 모드 포트와 검증된 전송 목적함수가 실제 소자 설계에 필요하다."
addmode.z0,z0,P1,8,required,소스·모드·정규화,True,missing,missing,missing,"단방향 여기, 모드 포트와 검증된 전송 목적함수가 실제 소자 설계에 필요하다."
addmodeexpansion.align to frequency monitor center,align to frequency monitor center,P1,8,required,소스·모드·정규화,True,missing,missing,missing,"단방향 여기, 모드 포트와 검증된 전송 목적함수가 실제 소자 설계에 필요하다."
addmodeexpansion.auto update,auto update,P1,8,required,소스·모드·정규화,True,missing,missing,missing,"단방향 여기, 모드 포트와 검증된 전송 목적함수가 실제 소자 설계에 필요하다."
addmodeexpansion.bend location,bend location,P1,8,required,소스·모드·정규화,True,missing,missing,missing,"단방향 여기, 모드 포트와 검증된 전송 목적함수가 실제 소자 설계에 필요하다."
addmodeexpansion.bend location X,bend location X,P1,8,required,소스·모드·정규화,True,missing,missing,missing,"단방향 여기, 모드 포트와 검증된 전송 목적함수가 실제 소자 설계에 필요하다."
addmodeexpansion.bend location Y,bend location Y,P1,8,required,소스·모드·정규화,True,missing,missing,missing,"단방향 여기, 모드 포트와 검증된 전송 목적함수가 실제 소자 설계에 필요하다."
addmodeexpansion.bend location Z,bend location Z,P1,8,required,소스·모드·정규화,True,missing,missing,missing,"단방향 여기, 모드 포트와 검증된 전송 목적함수가 실제 소자 설계에 필요하다."
addmodeexpansion.bend orientation,bend orientation,P1,8,required,소스·모드·정규화,True,missing,missing,missing,"단방향 여기, 모드 포트와 검증된 전송 목적함수가 실제 소자 설계에 필요하다."
addmodeexpansion.bend radius,bend radius,P1,8,required,소스·모드·정규화,True,missing,missing,missing,"단방향 여기, 모드 포트와 검증된 전송 목적함수가 실제 소자 설계에 필요하다."
addmodeexpansion.bent waveguide,bent waveguide,P1,8,required,소스·모드·정규화,True,missing,missing,missing,"단방향 여기, 모드 포트와 검증된 전송 목적함수가 실제 소자 설계에 필요하다."
addmodeexpansion.custom frequency samples,custom frequency samples,P1,8,required,소스·모드·정규화,True,missing,missing,missing,"단방향 여기, 모드 포트와 검증된 전송 목적함수가 실제 소자 설계에 필요하다."
addmodeexpansion.down sample X,down sample X,P1,8,required,소스·모드·정규화,True,missing,missing,missing,"단방향 여기, 모드 포트와 검증된 전송 목적함수가 실제 소자 설계에 필요하다."
addmodeexpansion.down sample Y,down sample Y,P1,8,required,소스·모드·정규화,True,missing,missing,missing,"단방향 여기, 모드 포트와 검증된 전송 목적함수가 실제 소자 설계에 필요하다."
addmodeexpansion.down sample Z,down sample Z,P1,8,required,소스·모드·정규화,True,missing,missing,missing,"단방향 여기, 모드 포트와 검증된 전송 목적함수가 실제 소자 설계에 필요하다."
addmodeexpansion.enabled,enabled,P1,8,required,소스·모드·정규화,True,missing,missing,missing,"단방향 여기, 모드 포트와 검증된 전송 목적함수가 실제 소자 설계에 필요하다."
addmodeexpansion.frequency center,frequency center,P1,8,required,소스·모드·정규화,True,missing,missing,missing,"단방향 여기, 모드 포트와 검증된 전송 목적함수가 실제 소자 설계에 필요하다."
addmodeexpansion.frequency points,frequency points,P1,8,required,소스·모드·정규화,True,missing,missing,missing,"단방향 여기, 모드 포트와 검증된 전송 목적함수가 실제 소자 설계에 필요하다."
addmodeexpansion.frequency span,frequency span,P1,8,required,소스·모드·정규화,True,missing,missing,missing,"단방향 여기, 모드 포트와 검증된 전송 목적함수가 실제 소자 설계에 필요하다."
addmodeexpansion.maximum frequency,maximum frequency,P1,8,required,소스·모드·정규화,True,missing,missing,missing,"단방향 여기, 모드 포트와 검증된 전송 목적함수가 실제 소자 설계에 필요하다."
addmodeexpansion.maximum wavelength,maximum wavelength,P1,8,required,소스·모드·정규화,True,missing,missing,missing,"단방향 여기, 모드 포트와 검증된 전송 목적함수가 실제 소자 설계에 필요하다."
addmodeexpansion.minimum frequency,minimum frequency,P1,8,required,소스·모드·정규화,True,missing,missing,missing,"단방향 여기, 모드 포트와 검증된 전송 목적함수가 실제 소자 설계에 필요하다."
addmodeexpansion.minimum wavelength,minimum wavelength,P1,8,required,소스·모드·정규화,True,missing,missing,missing,"단방향 여기, 모드 포트와 검증된 전송 목적함수가 실제 소자 설계에 필요하다."
addmodeexpansion.mode selection,mode selection,P1,8,required,소스·모드·정규화,True,missing,missing,missing,"단방향 여기, 모드 포트와 검증된 전송 목적함수가 실제 소자 설계에 필요하다."
addmodeexpansion.monitor type,monitor type,P1,8,required,소스·모드·정규화,True,missing,missing,missing,"단방향 여기, 모드 포트와 검증된 전송 목적함수가 실제 소자 설계에 필요하다."
addmodeexpansion.name,name,P1,8,required,소스·모드·정규화,True,missing,missing,missing,"단방향 여기, 모드 포트와 검증된 전송 목적함수가 실제 소자 설계에 필요하다."
addmodeexpansion.override advanced global monitor settings,override advanced global monitor settings,P1,8,required,소스·모드·정규화,True,missing,missing,missing,"단방향 여기, 모드 포트와 검증된 전송 목적함수가 실제 소자 설계에 필요하다."
addmodeexpansion.override global monitor settings,override global monitor settings,P1,8,required,소스·모드·정규화,True,missing,missing,missing,"단방향 여기, 모드 포트와 검증된 전송 목적함수가 실제 소자 설계에 필요하다."
addmodeexpansion.phi,phi,P1,8,required,소스·모드·정규화,True,missing,missing,missing,"단방향 여기, 모드 포트와 검증된 전송 목적함수가 실제 소자 설계에 필요하다."
addmodeexpansion.rotation offset,rotation offset,P1,8,required,소스·모드·정규화,True,missing,missing,missing,"단방향 여기, 모드 포트와 검증된 전송 목적함수가 실제 소자 설계에 필요하다."
addmodeexpansion.sample spacing,sample spacing,P1,8,required,소스·모드·정규화,True,missing,missing,missing,"단방향 여기, 모드 포트와 검증된 전송 목적함수가 실제 소자 설계에 필요하다."
addmodeexpansion.selected mode numbers,selected mode numbers,P1,8,required,소스·모드·정규화,True,missing,missing,missing,"단방향 여기, 모드 포트와 검증된 전송 목적함수가 실제 소자 설계에 필요하다."
addmodeexpansion.theta,theta,P1,8,required,소스·모드·정규화,True,missing,missing,missing,"단방향 여기, 모드 포트와 검증된 전송 목적함수가 실제 소자 설계에 필요하다."
addmodeexpansion.type,type,P1,8,required,소스·모드·정규화,True,missing,missing,missing,"단방향 여기, 모드 포트와 검증된 전송 목적함수가 실제 소자 설계에 필요하다."
addmodeexpansion.use relative coordinates,use relative coordinates,P1,8,required,소스·모드·정규화,True,missing,missing,missing,"단방향 여기, 모드 포트와 검증된 전송 목적함수가 실제 소자 설계에 필요하다."
addmodeexpansion.use source limits,use source limits,P1,8,required,소스·모드·정규화,True,missing,missing,missing,"단방향 여기, 모드 포트와 검증된 전송 목적함수가 실제 소자 설계에 필요하다."
addmodeexpansion.use wavelength spacing,use wavelength spacing,P1,8,required,소스·모드·정규화,True,missing,missing,missing,"단방향 여기, 모드 포트와 검증된 전송 목적함수가 실제 소자 설계에 필요하다."
addmodeexpansion.wavelength center,wavelength center,P1,8,required,소스·모드·정규화,True,missing,missing,missing,"단방향 여기, 모드 포트와 검증된 전송 목적함수가 실제 소자 설계에 필요하다."
addmodeexpansion.wavelength span,wavelength span,P1,8,required,소스·모드·정규화,True,missing,missing,missing,"단방향 여기, 모드 포트와 검증된 전송 목적함수가 실제 소자 설계에 필요하다."
addmodeexpansion.x,x,P1,8,required,소스·모드·정규화,True,missing,missing,missing,"단방향 여기, 모드 포트와 검증된 전송 목적함수가 실제 소자 설계에 필요하다."
addmodeexpansion.x max,x max,P1,8,required,소스·모드·정규화,True,missing,missing,missing,"단방향 여기, 모드 포트와 검증된 전송 목적함수가 실제 소자 설계에 필요하다."
addmodeexpansion.x min,x min,P1,8,required,소스·모드·정규화,True,missing,missing,missing,"단방향 여기, 모드 포트와 검증된 전송 목적함수가 실제 소자 설계에 필요하다."
addmodeexpansion.x span,x span,P1,8,required,소스·모드·정규화,True,missing,missing,missing,"단방향 여기, 모드 포트와 검증된 전송 목적함수가 실제 소자 설계에 필요하다."
addmodeexpansion.y,y,P1,8,required,소스·모드·정규화,True,missing,missing,missing,"단방향 여기, 모드 포트와 검증된 전송 목적함수가 실제 소자 설계에 필요하다."
addmodeexpansion.y max,y max,P1,8,required,소스·모드·정규화,True,missing,missing,missing,"단방향 여기, 모드 포트와 검증된 전송 목적함수가 실제 소자 설계에 필요하다."
addmodeexpansion.y min,y min,P1,8,required,소스·모드·정규화,True,missing,missing,missing,"단방향 여기, 모드 포트와 검증된 전송 목적함수가 실제 소자 설계에 필요하다."
addmodeexpansion.y span,y span,P1,8,required,소스·모드·정규화,True,missing,missing,missing,"단방향 여기, 모드 포트와 검증된 전송 목적함수가 실제 소자 설계에 필요하다."
addmodeexpansion.z,z,P1,8,required,소스·모드·정규화,True,missing,missing,missing,"단방향 여기, 모드 포트와 검증된 전송 목적함수가 실제 소자 설계에 필요하다."
addmodeexpansion.z max,z max,P1,8,required,소스·모드·정규화,True,missing,missing,missing,"단방향 여기, 모드 포트와 검증된 전송 목적함수가 실제 소자 설계에 필요하다."
addmodeexpansion.z min,z min,P1,8,required,소스·모드·정규화,True,missing,missing,missing,"단방향 여기, 모드 포트와 검증된 전송 목적함수가 실제 소자 설계에 필요하다."
addmodeexpansion.z span,z span,P1,8,required,소스·모드·정규화,True,missing,missing,missing,"단방향 여기, 모드 포트와 검증된 전송 목적함수가 실제 소자 설계에 필요하다."
addplane.NA,NA,P1,8,required,소스·모드·정규화,True,missing,missing,missing,"단방향 여기, 모드 포트와 검증된 전송 목적함수가 실제 소자 설계에 필요하다."
addplane.additional delay,additional delay,P1,8,required,소스·모드·정규화,True,missing,missing,missing,"단방향 여기, 모드 포트와 검증된 전송 목적함수가 실제 소자 설계에 필요하다."
addplane.amplitude,amplitude,P1,8,required,소스·모드·정규화,True,partial,partial,implemented,"단방향 여기, 모드 포트와 검증된 전송 목적함수가 실제 소자 설계에 필요하다."
addplane.angle,angle,P1,8,required,소스·모드·정규화,True,missing,missing,missing,"단방향 여기, 모드 포트와 검증된 전송 목적함수가 실제 소자 설계에 필요하다."
addplane.angle phi,angle phi,P1,8,required,소스·모드·정규화,True,missing,missing,missing,"단방향 여기, 모드 포트와 검증된 전송 목적함수가 실제 소자 설계에 필요하다."
addplane.angle theta,angle theta,P1,8,required,소스·모드·정규화,True,missing,missing,missing,"단방향 여기, 모드 포트와 검증된 전송 목적함수가 실제 소자 설계에 필요하다."
addplane.angle to wavevector conversion,angle to wavevector conversion,P1,8,required,소스·모드·정규화,True,missing,missing,missing,"단방향 여기, 모드 포트와 검증된 전송 목적함수가 실제 소자 설계에 필요하다."
addplane.bandwidth,bandwidth,P1,8,required,소스·모드·정규화,True,missing,missing,missing,"단방향 여기, 모드 포트와 검증된 전송 목적함수가 실제 소자 설계에 필요하다."
addplane.beam diameter,beam diameter,P1,8,required,소스·모드·정규화,True,missing,missing,missing,"단방향 여기, 모드 포트와 검증된 전송 목적함수가 실제 소자 설계에 필요하다."
addplane.beam parameters,beam parameters,P1,8,required,소스·모드·정규화,True,missing,missing,missing,"단방향 여기, 모드 포트와 검증된 전송 목적함수가 실제 소자 설계에 필요하다."
addplane.beam radius wz,beam radius wz,P1,8,required,소스·모드·정규화,True,missing,missing,missing,"단방향 여기, 모드 포트와 검증된 전송 목적함수가 실제 소자 설계에 필요하다."
addplane.center frequency,center frequency,P1,8,required,소스·모드·정규화,True,missing,missing,missing,"단방향 여기, 모드 포트와 검증된 전송 목적함수가 실제 소자 설계에 필요하다."
addplane.center wavelength,center wavelength,P1,8,required,소스·모드·정규화,True,missing,missing,missing,"단방향 여기, 모드 포트와 검증된 전송 목적함수가 실제 소자 설계에 필요하다."
addplane.current index,current index,P1,8,required,소스·모드·정규화,True,missing,missing,missing,"단방향 여기, 모드 포트와 검증된 전송 목적함수가 실제 소자 설계에 필요하다."
addplane.direction,direction,P1,8,required,소스·모드·정규화,False,implemented,implemented,implemented,"단방향 여기, 모드 포트와 검증된 전송 목적함수가 실제 소자 설계에 필요하다."
addplane.direction definition,direction definition,P1,8,required,소스·모드·정규화,True,missing,missing,missing,"단방향 여기, 모드 포트와 검증된 전송 목적함수가 실제 소자 설계에 필요하다."
addplane.distance from focus,distance from focus,P1,8,required,소스·모드·정규화,True,missing,missing,missing,"단방향 여기, 모드 포트와 검증된 전송 목적함수가 실제 소자 설계에 필요하다."
addplane.distance from waist,distance from waist,P1,8,required,소스·모드·정규화,True,missing,missing,missing,"단방향 여기, 모드 포트와 검증된 전송 목적함수가 실제 소자 설계에 필요하다."
addplane.divergence angle,divergence angle,P1,8,required,소스·모드·정규화,True,missing,missing,missing,"단방향 여기, 모드 포트와 검증된 전송 목적함수가 실제 소자 설계에 필요하다."
addplane.eliminate dc,eliminate dc,P1,8,required,소스·모드·정규화,True,missing,missing,missing,"단방향 여기, 모드 포트와 검증된 전송 목적함수가 실제 소자 설계에 필요하다."
addplane.eliminate discontinuities,eliminate discontinuities,P1,8,required,소스·모드·정규화,True,partial,partial,implemented,"단방향 여기, 모드 포트와 검증된 전송 목적함수가 실제 소자 설계에 필요하다."
addplane.enabled,enabled,P1,8,required,소스·모드·정규화,False,implemented,implemented,implemented,"단방향 여기, 모드 포트와 검증된 전송 목적함수가 실제 소자 설계에 필요하다."
addplane.fill lens,fill lens,P1,8,required,소스·모드·정규화,True,missing,missing,missing,"단방향 여기, 모드 포트와 검증된 전송 목적함수가 실제 소자 설계에 필요하다."
addplane.frequency,frequency,P1,8,required,소스·모드·정규화,True,partial,partial,implemented,"단방향 여기, 모드 포트와 검증된 전송 목적함수가 실제 소자 설계에 필요하다."
addplane.frequency dependent profile,frequency dependent profile,P1,8,required,소스·모드·정규화,True,missing,missing,missing,"단방향 여기, 모드 포트와 검증된 전송 목적함수가 실제 소자 설계에 필요하다."
addplane.frequency point,frequency point,P1,8,required,소스·모드·정규화,True,missing,missing,missing,"단방향 여기, 모드 포트와 검증된 전송 목적함수가 실제 소자 설계에 필요하다."
addplane.frequency span,frequency span,P1,8,required,소스·모드·정규화,True,missing,missing,missing,"단방향 여기, 모드 포트와 검증된 전송 목적함수가 실제 소자 설계에 필요하다."
addplane.frequency start,frequency start,P1,8,required,소스·모드·정규화,True,partial,partial,implemented,"단방향 여기, 모드 포트와 검증된 전송 목적함수가 실제 소자 설계에 필요하다."
addplane.frequency stop,frequency stop,P1,8,required,소스·모드·정규화,True,partial,partial,implemented,"단방향 여기, 모드 포트와 검증된 전송 목적함수가 실제 소자 설계에 필요하다."
addplane.injection axis,injection axis,P1,8,required,소스·모드·정규화,False,implemented,implemented,implemented,"단방향 여기, 모드 포트와 검증된 전송 목적함수가 실제 소자 설계에 필요하다."
addplane.kx,kx,P1,8,required,소스·모드·정규화,True,missing,missing,missing,"단방향 여기, 모드 포트와 검증된 전송 목적함수가 실제 소자 설계에 필요하다."
addplane.ky,ky,P1,8,required,소스·모드·정규화,True,missing,missing,missing,"단방향 여기, 모드 포트와 검증된 전송 목적함수가 실제 소자 설계에 필요하다."
addplane.kz,kz,P1,8,required,소스·모드·정규화,True,missing,missing,missing,"단방향 여기, 모드 포트와 검증된 전송 목적함수가 실제 소자 설계에 필요하다."
addplane.lens diameter,lens diameter,P1,8,required,소스·모드·정규화,True,missing,missing,missing,"단방향 여기, 모드 포트와 검증된 전송 목적함수가 실제 소자 설계에 필요하다."
addplane.maximum convolution time window,maximum convolution time window,P1,8,required,소스·모드·정규화,True,missing,missing,missing,"단방향 여기, 모드 포트와 검증된 전송 목적함수가 실제 소자 설계에 필요하다."
addplane.name,name,P1,8,required,소스·모드·정규화,False,implemented,implemented,implemented,"단방향 여기, 모드 포트와 검증된 전송 목적함수가 실제 소자 설계에 필요하다."
addplane.number of field profile samples,number of field profile samples,P1,8,required,소스·모드·정규화,True,missing,missing,missing,"단방향 여기, 모드 포트와 검증된 전송 목적함수가 실제 소자 설계에 필요하다."
addplane.number of plane waves,number of plane waves,P1,8,required,소스·모드·정규화,True,missing,missing,missing,"단방향 여기, 모드 포트와 검증된 전송 목적함수가 실제 소자 설계에 필요하다."
addplane.offset,offset,P1,8,required,소스·모드·정규화,True,partial,partial,implemented,"단방향 여기, 모드 포트와 검증된 전송 목적함수가 실제 소자 설계에 필요하다."
addplane.optimize for short pulse,optimize for short pulse,P1,8,required,소스·모드·정규화,True,partial,partial,implemented,"단방향 여기, 모드 포트와 검증된 전송 목적함수가 실제 소자 설계에 필요하다."
addplane.override global source settings,override global source settings,P1,8,required,소스·모드·정규화,True,partial,partial,implemented,"단방향 여기, 모드 포트와 검증된 전송 목적함수가 실제 소자 설계에 필요하다."
addplane.phase,phase,P1,8,required,소스·모드·정규화,True,partial,partial,implemented,"단방향 여기, 모드 포트와 검증된 전송 목적함수가 실제 소자 설계에 필요하다."
addplane.plane wave type,plane wave type,P1,8,required,소스·모드·정규화,True,partial,partial,implemented,"단방향 여기, 모드 포트와 검증된 전송 목적함수가 실제 소자 설계에 필요하다."
addplane.polarization angle,polarization angle,P1,8,required,소스·모드·정규화,True,missing,missing,missing,"단방향 여기, 모드 포트와 검증된 전송 목적함수가 실제 소자 설계에 필요하다."
addplane.polarization definition,polarization definition,P1,8,required,소스·모드·정규화,True,missing,missing,missing,"단방향 여기, 모드 포트와 검증된 전송 목적함수가 실제 소자 설계에 필요하다."
addplane.pulse type,pulse type,P1,8,required,소스·모드·정규화,True,partial,partial,implemented,"단방향 여기, 모드 포트와 검증된 전송 목적함수가 실제 소자 설계에 필요하다."
addplane.pulselength,pulselength,P1,8,required,소스·모드·정규화,True,partial,partial,implemented,"단방향 여기, 모드 포트와 검증된 전송 목적함수가 실제 소자 설계에 필요하다."
addplane.set frequency,set frequency,P1,8,required,소스·모드·정규화,True,partial,partial,implemented,"단방향 여기, 모드 포트와 검증된 전송 목적함수가 실제 소자 설계에 필요하다."
addplane.set maximum convolution time window,set maximum convolution time window,P1,8,required,소스·모드·정규화,True,missing,missing,missing,"단방향 여기, 모드 포트와 검증된 전송 목적함수가 실제 소자 설계에 필요하다."
addplane.set time domain,set time domain,P1,8,required,소스·모드·정규화,True,partial,partial,implemented,"단방향 여기, 모드 포트와 검증된 전송 목적함수가 실제 소자 설계에 필요하다."
addplane.set wavelength,set wavelength,P1,8,required,소스·모드·정규화,True,partial,partial,implemented,"단방향 여기, 모드 포트와 검증된 전송 목적함수가 실제 소자 설계에 필요하다."
addplane.source shape,source shape,P1,8,required,소스·모드·정규화,True,missing,missing,missing,"단방향 여기, 모드 포트와 검증된 전송 목적함수가 실제 소자 설계에 필요하다."
addplane.type,type,P1,8,required,소스·모드·정규화,True,missing,missing,missing,"단방향 여기, 모드 포트와 검증된 전송 목적함수가 실제 소자 설계에 필요하다."
addplane.use custom pupil function,use custom pupil function,P1,8,required,소스·모드·정규화,True,missing,missing,missing,"단방향 여기, 모드 포트와 검증된 전송 목적함수가 실제 소자 설계에 필요하다."
addplane.use global source settings,use global source settings,P1,8,required,소스·모드·정규화,True,partial,partial,implemented,"단방향 여기, 모드 포트와 검증된 전송 목적함수가 실제 소자 설계에 필요하다."
addplane.use relative coordinates,use relative coordinates,P1,8,required,소스·모드·정규화,True,missing,missing,missing,"단방향 여기, 모드 포트와 검증된 전송 목적함수가 실제 소자 설계에 필요하다."
addplane.use scalar approximation,use scalar approximation,P1,8,required,소스·모드·정규화,True,missing,missing,missing,"단방향 여기, 모드 포트와 검증된 전송 목적함수가 실제 소자 설계에 필요하다."
addplane.use thin lens,use thin lens,P1,8,required,소스·모드·정규화,True,missing,missing,missing,"단방향 여기, 모드 포트와 검증된 전송 목적함수가 실제 소자 설계에 필요하다."
addplane.ux,ux,P1,8,required,소스·모드·정규화,True,missing,missing,missing,"단방향 여기, 모드 포트와 검증된 전송 목적함수가 실제 소자 설계에 필요하다."
addplane.uy,uy,P1,8,required,소스·모드·정규화,True,missing,missing,missing,"단방향 여기, 모드 포트와 검증된 전송 목적함수가 실제 소자 설계에 필요하다."
addplane.uz,uz,P1,8,required,소스·모드·정규화,True,missing,missing,missing,"단방향 여기, 모드 포트와 검증된 전송 목적함수가 실제 소자 설계에 필요하다."
addplane.waist radius w0,waist radius w0,P1,8,required,소스·모드·정규화,True,missing,missing,missing,"단방향 여기, 모드 포트와 검증된 전송 목적함수가 실제 소자 설계에 필요하다."
addplane.wavelength point,wavelength point,P1,8,required,소스·모드·정규화,True,missing,missing,missing,"단방향 여기, 모드 포트와 검증된 전송 목적함수가 실제 소자 설계에 필요하다."
addplane.wavelength span,wavelength span,P1,8,required,소스·모드·정규화,True,missing,missing,missing,"단방향 여기, 모드 포트와 검증된 전송 목적함수가 실제 소자 설계에 필요하다."
addplane.wavelength start,wavelength start,P1,8,required,소스·모드·정규화,True,partial,partial,implemented,"단방향 여기, 모드 포트와 검증된 전송 목적함수가 실제 소자 설계에 필요하다."
addplane.wavelength stop,wavelength stop,P1,8,required,소스·모드·정규화,True,partial,partial,implemented,"단방향 여기, 모드 포트와 검증된 전송 목적함수가 실제 소자 설계에 필요하다."
addplane.x,x,P1,8,required,소스·모드·정규화,False,implemented,implemented,implemented,"단방향 여기, 모드 포트와 검증된 전송 목적함수가 실제 소자 설계에 필요하다."
addplane.x max,x max,P1,8,required,소스·모드·정규화,True,missing,missing,missing,"단방향 여기, 모드 포트와 검증된 전송 목적함수가 실제 소자 설계에 필요하다."
addplane.x min,x min,P1,8,required,소스·모드·정규화,True,missing,missing,missing,"단방향 여기, 모드 포트와 검증된 전송 목적함수가 실제 소자 설계에 필요하다."
addplane.x span,x span,P1,8,required,소스·모드·정규화,True,missing,missing,missing,"단방향 여기, 모드 포트와 검증된 전송 목적함수가 실제 소자 설계에 필요하다."
addplane.y,y,P1,8,required,소스·모드·정규화,False,implemented,implemented,implemented,"단방향 여기, 모드 포트와 검증된 전송 목적함수가 실제 소자 설계에 필요하다."
addplane.y max,y max,P1,8,required,소스·모드·정규화,True,missing,missing,missing,"단방향 여기, 모드 포트와 검증된 전송 목적함수가 실제 소자 설계에 필요하다."
addplane.y min,y min,P1,8,required,소스·모드·정규화,True,missing,missing,missing,"단방향 여기, 모드 포트와 검증된 전송 목적함수가 실제 소자 설계에 필요하다."
addplane.y span,y span,P1,8,required,소스·모드·정규화,True,missing,missing,missing,"단방향 여기, 모드 포트와 검증된 전송 목적함수가 실제 소자 설계에 필요하다."
addplane.z,z,P1,8,required,소스·모드·정규화,False,implemented,implemented,implemented,"단방향 여기, 모드 포트와 검증된 전송 목적함수가 실제 소자 설계에 필요하다."
addplane.z max,z max,P1,8,required,소스·모드·정규화,True,missing,missing,missing,"단방향 여기, 모드 포트와 검증된 전송 목적함수가 실제 소자 설계에 필요하다."
addplane.z min,z min,P1,8,required,소스·모드·정규화,True,missing,missing,missing,"단방향 여기, 모드 포트와 검증된 전송 목적함수가 실제 소자 설계에 필요하다."
addplane.z span,z span,P1,8,required,소스·모드·정규화,True,missing,missing,missing,"단방향 여기, 모드 포트와 검증된 전송 목적함수가 실제 소자 설계에 필요하다."
addport.amplitude,amplitude,P1,8,required,소스·모드·정규화,True,missing,missing,missing,"단방향 여기, 모드 포트와 검증된 전송 목적함수가 실제 소자 설계에 필요하다."
addport.auto update,auto update,P1,8,required,소스·모드·정규화,True,missing,missing,missing,"단방향 여기, 모드 포트와 검증된 전송 목적함수가 실제 소자 설계에 필요하다."
addport.bend location,bend location,P1,8,required,소스·모드·정규화,True,missing,missing,missing,"단방향 여기, 모드 포트와 검증된 전송 목적함수가 실제 소자 설계에 필요하다."
addport.bend location X,bend location X,P1,8,required,소스·모드·정규화,True,missing,missing,missing,"단방향 여기, 모드 포트와 검증된 전송 목적함수가 실제 소자 설계에 필요하다."
addport.bend location Y,bend location Y,P1,8,required,소스·모드·정규화,True,missing,missing,missing,"단방향 여기, 모드 포트와 검증된 전송 목적함수가 실제 소자 설계에 필요하다."
addport.bend location Z,bend location Z,P1,8,required,소스·모드·정규화,True,missing,missing,missing,"단방향 여기, 모드 포트와 검증된 전송 목적함수가 실제 소자 설계에 필요하다."
addport.bend orientation,bend orientation,P1,8,required,소스·모드·정규화,True,missing,missing,missing,"단방향 여기, 모드 포트와 검증된 전송 목적함수가 실제 소자 설계에 필요하다."
addport.bend radius,bend radius,P1,8,required,소스·모드·정규화,True,missing,missing,missing,"단방향 여기, 모드 포트와 검증된 전송 목적함수가 실제 소자 설계에 필요하다."
addport.bent waveguide,bent waveguide,P1,8,required,소스·모드·정규화,True,missing,missing,missing,"단방향 여기, 모드 포트와 검증된 전송 목적함수가 실제 소자 설계에 필요하다."
addport.calculate characteristic impedance,calculate characteristic impedance,P1,8,required,소스·모드·정규화,True,missing,missing,missing,"단방향 여기, 모드 포트와 검증된 전송 목적함수가 실제 소자 설계에 필요하다."
addport.center x,center x,P1,8,required,소스·모드·정규화,True,missing,missing,missing,"단방향 여기, 모드 포트와 검증된 전송 목적함수가 실제 소자 설계에 필요하다."
addport.center y,center y,P1,8,required,소스·모드·정규화,True,missing,missing,missing,"단방향 여기, 모드 포트와 검증된 전송 목적함수가 실제 소자 설계에 필요하다."
addport.center z,center z,P1,8,required,소스·모드·정규화,True,missing,missing,missing,"단방향 여기, 모드 포트와 검증된 전송 목적함수가 실제 소자 설계에 필요하다."
addport.direction,direction,P1,8,required,소스·모드·정규화,True,missing,missing,missing,"단방향 여기, 모드 포트와 검증된 전송 목적함수가 실제 소자 설계에 필요하다."
addport.enabled,enabled,P1,8,required,소스·모드·정규화,True,missing,missing,missing,"단방향 여기, 모드 포트와 검증된 전송 목적함수가 실제 소자 설계에 필요하다."
addport.frequency dependent profile,frequency dependent profile,P1,8,required,소스·모드·정규화,True,missing,missing,missing,"단방향 여기, 모드 포트와 검증된 전송 목적함수가 실제 소자 설계에 필요하다."
addport.injection axis,injection axis,P1,8,required,소스·모드·정규화,True,missing,missing,missing,"단방향 여기, 모드 포트와 검증된 전송 목적함수가 실제 소자 설계에 필요하다."
addport.integration shape,integration shape,P1,8,required,소스·모드·정규화,True,missing,missing,missing,"단방향 여기, 모드 포트와 검증된 전송 목적함수가 실제 소자 설계에 필요하다."
addport.maximum convolution time window,maximum convolution time window,P1,8,required,소스·모드·정규화,True,missing,missing,missing,"단방향 여기, 모드 포트와 검증된 전송 목적함수가 실제 소자 설계에 필요하다."
addport.mode selection,mode selection,P1,8,required,소스·모드·정규화,True,missing,missing,missing,"단방향 여기, 모드 포트와 검증된 전송 목적함수가 실제 소자 설계에 필요하다."
addport.name,name,P1,8,required,소스·모드·정규화,True,missing,missing,missing,"단방향 여기, 모드 포트와 검증된 전송 목적함수가 실제 소자 설계에 필요하다."
addport.number of field profile samples,number of field profile samples,P1,8,required,소스·모드·정규화,True,missing,missing,missing,"단방향 여기, 모드 포트와 검증된 전송 목적함수가 실제 소자 설계에 필요하다."
addport.phase,phase,P1,8,required,소스·모드·정규화,True,missing,missing,missing,"단방향 여기, 모드 포트와 검증된 전송 목적함수가 실제 소자 설계에 필요하다."
addport.phi,phi,P1,8,required,소스·모드·정규화,True,missing,missing,missing,"단방향 여기, 모드 포트와 검증된 전송 목적함수가 실제 소자 설계에 필요하다."
addport.radius,radius,P1,8,required,소스·모드·정규화,True,missing,missing,missing,"단방향 여기, 모드 포트와 검증된 전송 목적함수가 실제 소자 설계에 필요하다."
addport.rotation offset,rotation offset,P1,8,required,소스·모드·정규화,True,missing,missing,missing,"단방향 여기, 모드 포트와 검증된 전송 목적함수가 실제 소자 설계에 필요하다."
addport.selected mode numbers,selected mode numbers,P1,8,required,소스·모드·정규화,True,missing,missing,missing,"단방향 여기, 모드 포트와 검증된 전송 목적함수가 실제 소자 설계에 필요하다."
addport.set maximum convolution time window,set maximum convolution time window,P1,8,required,소스·모드·정규화,True,missing,missing,missing,"단방향 여기, 모드 포트와 검증된 전송 목적함수가 실제 소자 설계에 필요하다."
addport.source port,source port,P1,8,required,소스·모드·정규화,True,missing,missing,missing,"단방향 여기, 모드 포트와 검증된 전송 목적함수가 실제 소자 설계에 필요하다."
addport.source selected mode,source selected mode,P1,8,required,소스·모드·정규화,True,missing,missing,missing,"단방향 여기, 모드 포트와 검증된 전송 목적함수가 실제 소자 설계에 필요하다."
addport.theta,theta,P1,8,required,소스·모드·정규화,True,missing,missing,missing,"단방향 여기, 모드 포트와 검증된 전송 목적함수가 실제 소자 설계에 필요하다."
addport.type,type,P1,8,required,소스·모드·정규화,True,missing,missing,missing,"단방향 여기, 모드 포트와 검증된 전송 목적함수가 실제 소자 설계에 필요하다."
addport.use relative coordinates,use relative coordinates,P1,8,required,소스·모드·정규화,True,missing,missing,missing,"단방향 여기, 모드 포트와 검증된 전송 목적함수가 실제 소자 설계에 필요하다."
addport.x,x,P1,8,required,소스·모드·정규화,True,missing,missing,missing,"단방향 여기, 모드 포트와 검증된 전송 목적함수가 실제 소자 설계에 필요하다."
addport.x max,x max,P1,8,required,소스·모드·정규화,True,missing,missing,missing,"단방향 여기, 모드 포트와 검증된 전송 목적함수가 실제 소자 설계에 필요하다."
addport.x min,x min,P1,8,required,소스·모드·정규화,True,missing,missing,missing,"단방향 여기, 모드 포트와 검증된 전송 목적함수가 실제 소자 설계에 필요하다."
addport.x span,x span,P1,8,required,소스·모드·정규화,True,missing,missing,missing,"단방향 여기, 모드 포트와 검증된 전송 목적함수가 실제 소자 설계에 필요하다."
addport.x1,x1,P1,8,required,소스·모드·정규화,True,missing,missing,missing,"단방향 여기, 모드 포트와 검증된 전송 목적함수가 실제 소자 설계에 필요하다."
addport.x2,x2,P1,8,required,소스·모드·정규화,True,missing,missing,missing,"단방향 여기, 모드 포트와 검증된 전송 목적함수가 실제 소자 설계에 필요하다."
addport.y,y,P1,8,required,소스·모드·정규화,True,missing,missing,missing,"단방향 여기, 모드 포트와 검증된 전송 목적함수가 실제 소자 설계에 필요하다."
addport.y max,y max,P1,8,required,소스·모드·정규화,True,missing,missing,missing,"단방향 여기, 모드 포트와 검증된 전송 목적함수가 실제 소자 설계에 필요하다."
addport.y min,y min,P1,8,required,소스·모드·정규화,True,missing,missing,missing,"단방향 여기, 모드 포트와 검증된 전송 목적함수가 실제 소자 설계에 필요하다."
addport.y span,y span,P1,8,required,소스·모드·정규화,True,missing,missing,missing,"단방향 여기, 모드 포트와 검증된 전송 목적함수가 실제 소자 설계에 필요하다."
addport.y1,y1,P1,8,required,소스·모드·정규화,True,missing,missing,missing,"단방향 여기, 모드 포트와 검증된 전송 목적함수가 실제 소자 설계에 필요하다."
addport.y2,y2,P1,8,required,소스·모드·정규화,True,missing,missing,missing,"단방향 여기, 모드 포트와 검증된 전송 목적함수가 실제 소자 설계에 필요하다."
addport.z,z,P1,8,required,소스·모드·정규화,True,missing,missing,missing,"단방향 여기, 모드 포트와 검증된 전송 목적함수가 실제 소자 설계에 필요하다."
addport.z max,z max,P1,8,required,소스·모드·정규화,True,missing,missing,missing,"단방향 여기, 모드 포트와 검증된 전송 목적함수가 실제 소자 설계에 필요하다."
addport.z min,z min,P1,8,required,소스·모드·정규화,True,missing,missing,missing,"단방향 여기, 모드 포트와 검증된 전송 목적함수가 실제 소자 설계에 필요하다."
addport.z span,z span,P1,8,required,소스·모드·정규화,True,missing,missing,missing,"단방향 여기, 모드 포트와 검증된 전송 목적함수가 실제 소자 설계에 필요하다."
addport.z1,z1,P1,8,required,소스·모드·정규화,True,missing,missing,missing,"단방향 여기, 모드 포트와 검증된 전송 목적함수가 실제 소자 설계에 필요하다."
addport.z2,z2,P1,8,required,소스·모드·정규화,True,missing,missing,missing,"단방향 여기, 모드 포트와 검증된 전송 목적함수가 실제 소자 설계에 필요하다."
addtfsf.amplitude,amplitude,P1,8,required,소스·모드·정규화,True,partial,partial,implemented,"단방향 여기, 모드 포트와 검증된 전송 목적함수가 실제 소자 설계에 필요하다."
addtfsf.angle phi,angle phi,P1,8,required,소스·모드·정규화,True,missing,missing,missing,"단방향 여기, 모드 포트와 검증된 전송 목적함수가 실제 소자 설계에 필요하다."
addtfsf.angle theta,angle theta,P1,8,required,소스·모드·정규화,True,missing,missing,missing,"단방향 여기, 모드 포트와 검증된 전송 목적함수가 실제 소자 설계에 필요하다."
addtfsf.bandwidth,bandwidth,P1,8,required,소스·모드·정규화,True,missing,missing,missing,"단방향 여기, 모드 포트와 검증된 전송 목적함수가 실제 소자 설계에 필요하다."
addtfsf.center frequency,center frequency,P1,8,required,소스·모드·정규화,True,missing,missing,missing,"단방향 여기, 모드 포트와 검증된 전송 목적함수가 실제 소자 설계에 필요하다."
addtfsf.center wavelength,center wavelength,P1,8,required,소스·모드·정규화,True,missing,missing,missing,"단방향 여기, 모드 포트와 검증된 전송 목적함수가 실제 소자 설계에 필요하다."
addtfsf.direction,direction,P1,8,required,소스·모드·정규화,False,implemented,implemented,implemented,"단방향 여기, 모드 포트와 검증된 전송 목적함수가 실제 소자 설계에 필요하다."
addtfsf.eliminate dc,eliminate dc,P1,8,required,소스·모드·정규화,True,missing,missing,missing,"단방향 여기, 모드 포트와 검증된 전송 목적함수가 실제 소자 설계에 필요하다."
addtfsf.eliminate discontinuities,eliminate discontinuities,P1,8,required,소스·모드·정규화,True,partial,partial,implemented,"단방향 여기, 모드 포트와 검증된 전송 목적함수가 실제 소자 설계에 필요하다."
addtfsf.enabled,enabled,P1,8,required,소스·모드·정규화,False,implemented,implemented,implemented,"단방향 여기, 모드 포트와 검증된 전송 목적함수가 실제 소자 설계에 필요하다."
addtfsf.frequency,frequency,P1,8,required,소스·모드·정규화,True,partial,partial,implemented,"단방향 여기, 모드 포트와 검증된 전송 목적함수가 실제 소자 설계에 필요하다."
addtfsf.frequency span,frequency span,P1,8,required,소스·모드·정규화,True,missing,missing,missing,"단방향 여기, 모드 포트와 검증된 전송 목적함수가 실제 소자 설계에 필요하다."
addtfsf.frequency start,frequency start,P1,8,required,소스·모드·정규화,True,partial,partial,implemented,"단방향 여기, 모드 포트와 검증된 전송 목적함수가 실제 소자 설계에 필요하다."
addtfsf.frequency stop,frequency stop,P1,8,required,소스·모드·정규화,True,partial,partial,implemented,"단방향 여기, 모드 포트와 검증된 전송 목적함수가 실제 소자 설계에 필요하다."
addtfsf.injection axis,injection axis,P1,8,required,소스·모드·정규화,False,implemented,implemented,implemented,"단방향 여기, 모드 포트와 검증된 전송 목적함수가 실제 소자 설계에 필요하다."
addtfsf.name,name,P1,8,required,소스·모드·정규화,False,implemented,implemented,implemented,"단방향 여기, 모드 포트와 검증된 전송 목적함수가 실제 소자 설계에 필요하다."
addtfsf.offset,offset,P1,8,required,소스·모드·정규화,True,partial,partial,implemented,"단방향 여기, 모드 포트와 검증된 전송 목적함수가 실제 소자 설계에 필요하다."
addtfsf.optimize for short pulse,optimize for short pulse,P1,8,required,소스·모드·정규화,True,partial,partial,implemented,"단방향 여기, 모드 포트와 검증된 전송 목적함수가 실제 소자 설계에 필요하다."
addtfsf.override global source settings,override global source settings,P1,8,required,소스·모드·정규화,True,partial,partial,implemented,"단방향 여기, 모드 포트와 검증된 전송 목적함수가 실제 소자 설계에 필요하다."
addtfsf.phase,phase,P1,8,required,소스·모드·정규화,True,partial,partial,implemented,"단방향 여기, 모드 포트와 검증된 전송 목적함수가 실제 소자 설계에 필요하다."
addtfsf.polarization angle,polarization angle,P1,8,required,소스·모드·정규화,True,missing,missing,missing,"단방향 여기, 모드 포트와 검증된 전송 목적함수가 실제 소자 설계에 필요하다."
addtfsf.pulse type,pulse type,P1,8,required,소스·모드·정규화,True,partial,partial,implemented,"단방향 여기, 모드 포트와 검증된 전송 목적함수가 실제 소자 설계에 필요하다."
addtfsf.pulselength,pulselength,P1,8,required,소스·모드·정규화,True,partial,partial,implemented,"단방향 여기, 모드 포트와 검증된 전송 목적함수가 실제 소자 설계에 필요하다."
addtfsf.set frequency,set frequency,P1,8,required,소스·모드·정규화,True,partial,partial,implemented,"단방향 여기, 모드 포트와 검증된 전송 목적함수가 실제 소자 설계에 필요하다."
addtfsf.set time domain,set time domain,P1,8,required,소스·모드·정규화,True,partial,partial,implemented,"단방향 여기, 모드 포트와 검증된 전송 목적함수가 실제 소자 설계에 필요하다."
addtfsf.set wavelength,set wavelength,P1,8,required,소스·모드·정규화,True,partial,partial,implemented,"단방향 여기, 모드 포트와 검증된 전송 목적함수가 실제 소자 설계에 필요하다."
addtfsf.type,type,P1,8,required,소스·모드·정규화,True,missing,missing,missing,"단방향 여기, 모드 포트와 검증된 전송 목적함수가 실제 소자 설계에 필요하다."
addtfsf.use global source settings,use global source settings,P1,8,required,소스·모드·정규화,True,partial,partial,implemented,"단방향 여기, 모드 포트와 검증된 전송 목적함수가 실제 소자 설계에 필요하다."
addtfsf.use relative coordinates,use relative coordinates,P1,8,required,소스·모드·정규화,True,missing,missing,missing,"단방향 여기, 모드 포트와 검증된 전송 목적함수가 실제 소자 설계에 필요하다."
addtfsf.wavelength span,wavelength span,P1,8,required,소스·모드·정규화,True,missing,missing,missing,"단방향 여기, 모드 포트와 검증된 전송 목적함수가 실제 소자 설계에 필요하다."
addtfsf.wavelength start,wavelength start,P1,8,required,소스·모드·정규화,True,partial,partial,implemented,"단방향 여기, 모드 포트와 검증된 전송 목적함수가 실제 소자 설계에 필요하다."
addtfsf.wavelength stop,wavelength stop,P1,8,required,소스·모드·정규화,True,partial,partial,implemented,"단방향 여기, 모드 포트와 검증된 전송 목적함수가 실제 소자 설계에 필요하다."
addtfsf.x,x,P1,8,required,소스·모드·정규화,False,implemented,implemented,implemented,"단방향 여기, 모드 포트와 검증된 전송 목적함수가 실제 소자 설계에 필요하다."
addtfsf.x max,x max,P1,8,required,소스·모드·정규화,True,missing,missing,missing,"단방향 여기, 모드 포트와 검증된 전송 목적함수가 실제 소자 설계에 필요하다."
addtfsf.x min,x min,P1,8,required,소스·모드·정규화,True,missing,missing,missing,"단방향 여기, 모드 포트와 검증된 전송 목적함수가 실제 소자 설계에 필요하다."
addtfsf.x span,x span,P1,8,required,소스·모드·정규화,False,implemented,implemented,implemented,"단방향 여기, 모드 포트와 검증된 전송 목적함수가 실제 소자 설계에 필요하다."
addtfsf.y,y,P1,8,required,소스·모드·정규화,False,implemented,implemented,implemented,"단방향 여기, 모드 포트와 검증된 전송 목적함수가 실제 소자 설계에 필요하다."
addtfsf.y max,y max,P1,8,required,소스·모드·정규화,True,missing,missing,missing,"단방향 여기, 모드 포트와 검증된 전송 목적함수가 실제 소자 설계에 필요하다."
addtfsf.y min,y min,P1,8,required,소스·모드·정규화,True,missing,missing,missing,"단방향 여기, 모드 포트와 검증된 전송 목적함수가 실제 소자 설계에 필요하다."
addtfsf.y span,y span,P1,8,required,소스·모드·정규화,False,implemented,implemented,implemented,"단방향 여기, 모드 포트와 검증된 전송 목적함수가 실제 소자 설계에 필요하다."
addtfsf.z,z,P1,8,required,소스·모드·정규화,False,implemented,implemented,implemented,"단방향 여기, 모드 포트와 검증된 전송 목적함수가 실제 소자 설계에 필요하다."
addtfsf.z max,z max,P1,8,required,소스·모드·정규화,True,missing,missing,missing,"단방향 여기, 모드 포트와 검증된 전송 목적함수가 실제 소자 설계에 필요하다."
addtfsf.z min,z min,P1,8,required,소스·모드·정규화,True,missing,missing,missing,"단방향 여기, 모드 포트와 검증된 전송 목적함수가 실제 소자 설계에 필요하다."
addtfsf.z span,z span,P1,8,required,소스·모드·정규화,False,implemented,implemented,implemented,"단방향 여기, 모드 포트와 검증된 전송 목적함수가 실제 소자 설계에 필요하다."
analysis.normalization,면적분 flux·air reference R/T/A,P1,8,required,소스·모드·정규화,True,partial,partial,partial,"단방향 여기, 모드 포트와 검증된 전송 목적함수가 실제 소자 설계에 필요하다."
analysis.sparameters,S-parameters·mode expansion,P1,8,required,소스·모드·정규화,True,partial,partial,partial,"단방향 여기, 모드 포트와 검증된 전송 목적함수가 실제 소자 설계에 필요하다."
source.angle,임의 각도 injection,P1,8,required,소스·모드·정규화,True,missing,missing,missing,"단방향 여기, 모드 포트와 검증된 전송 목적함수가 실제 소자 설계에 필요하다."
source.calibration,물리 단위·source power calibration,P1,8,required,소스·모드·정규화,True,missing,missing,missing,"단방향 여기, 모드 포트와 검증된 전송 목적함수가 실제 소자 설계에 필요하다."
source.gaussian,Gaussian beam·waist,P1,8,required,소스·모드·정규화,True,missing,missing,missing,"단방향 여기, 모드 포트와 검증된 전송 목적함수가 실제 소자 설계에 필요하다."
source.import,공간 E/H import,P1,8,required,소스·모드·정규화,True,missing,missing,missing,"단방향 여기, 모드 포트와 검증된 전송 목적함수가 실제 소자 설계에 필요하다."
source.mode,Eigenmode source,P1,8,required,소스·모드·정규화,True,partial,partial,partial,"단방향 여기, 모드 포트와 검증된 전송 목적함수가 실제 소자 설계에 필요하다."
source.oneway,단방향 plane wave,P1,8,required,소스·모드·정규화,True,partial,partial,implemented,"단방향 여기, 모드 포트와 검증된 전송 목적함수가 실제 소자 설계에 필요하다."
source.port,Mode port,P1,8,required,소스·모드·정규화,True,partial,partial,missing,"단방향 여기, 모드 포트와 검증된 전송 목적함수가 실제 소자 설계에 필요하다."
source.tfsf,TFSF box,P1,8,required,소스·모드·정규화,True,partial,partial,implemented,"단방향 여기, 모드 포트와 검증된 전송 목적함수가 실제 소자 설계에 필요하다."
workflow.sparam_sweep,S-parameter matrix sweep,P1,8,required,소스·모드·정규화,True,missing,missing,missing,"단방향 여기, 모드 포트와 검증된 전송 목적함수가 실제 소자 설계에 필요하다."
workflow.fused_batch,단일 CUDA kernel의 tensor batch,P1,9,required,GPU tensor batch,True,implemented,implemented,missing,같은 격자의 독립 구조물을 함께 처리하고 동일 결과와 실제 cases/s 향상을 검증해야 한다.
addfdtd.down sample time,down sample time,P1,10,required,관측량·주파수 공간장,True,missing,missing,missing,전송·흡수·회절·방사와 성분 선택은 장 그림을 물리적 설계 지표로 바꾼다.
addfdtd.global monitor custom frequency samples,global monitor custom frequency samples,P1,10,required,관측량·주파수 공간장,True,partial,partial,implemented,전송·흡수·회절·방사와 성분 선택은 장 그림을 물리적 설계 지표로 바꾼다.
addfdtd.global monitor frequency center,global monitor frequency center,P1,10,required,관측량·주파수 공간장,True,missing,missing,missing,전송·흡수·회절·방사와 성분 선택은 장 그림을 물리적 설계 지표로 바꾼다.
addfdtd.global monitor frequency points,global monitor frequency points,P1,10,required,관측량·주파수 공간장,True,partial,partial,implemented,전송·흡수·회절·방사와 성분 선택은 장 그림을 물리적 설계 지표로 바꾼다.
addfdtd.global monitor frequency span,global monitor frequency span,P1,10,required,관측량·주파수 공간장,True,missing,missing,missing,전송·흡수·회절·방사와 성분 선택은 장 그림을 물리적 설계 지표로 바꾼다.
addfdtd.global monitor maximum frequency,global monitor maximum frequency,P1,10,required,관측량·주파수 공간장,True,partial,partial,implemented,전송·흡수·회절·방사와 성분 선택은 장 그림을 물리적 설계 지표로 바꾼다.
addfdtd.global monitor maximum wavelength,global monitor maximum wavelength,P1,10,required,관측량·주파수 공간장,True,partial,partial,implemented,전송·흡수·회절·방사와 성분 선택은 장 그림을 물리적 설계 지표로 바꾼다.
addfdtd.global monitor minimum frequency,global monitor minimum frequency,P1,10,required,관측량·주파수 공간장,True,partial,partial,implemented,전송·흡수·회절·방사와 성분 선택은 장 그림을 물리적 설계 지표로 바꾼다.
addfdtd.global monitor minimum wavelength,global monitor minimum wavelength,P1,10,required,관측량·주파수 공간장,True,partial,partial,implemented,전송·흡수·회절·방사와 성분 선택은 장 그림을 물리적 설계 지표로 바꾼다.
addfdtd.global monitor sample spacing,global monitor sample spacing,P1,10,required,관측량·주파수 공간장,True,partial,partial,implemented,전송·흡수·회절·방사와 성분 선택은 장 그림을 물리적 설계 지표로 바꾼다.
addfdtd.global monitor use source limits,global monitor use source limits,P1,10,required,관측량·주파수 공간장,True,missing,missing,missing,전송·흡수·회절·방사와 성분 선택은 장 그림을 물리적 설계 지표로 바꾼다.
addfdtd.global monitor use wavelength spacing,global monitor use wavelength spacing,P1,10,required,관측량·주파수 공간장,True,partial,partial,implemented,전송·흡수·회절·방사와 성분 선택은 장 그림을 물리적 설계 지표로 바꾼다.
addfdtd.global monitor wavelength center,global monitor wavelength center,P1,10,required,관측량·주파수 공간장,True,missing,missing,missing,전송·흡수·회절·방사와 성분 선택은 장 그림을 물리적 설계 지표로 바꾼다.
addfdtd.global monitor wavelength span,global monitor wavelength span,P1,10,required,관측량·주파수 공간장,True,missing,missing,missing,전송·흡수·회절·방사와 성분 선택은 장 그림을 물리적 설계 지표로 바꾼다.
addindex.Nyquist limit,Nyquist limit,P1,10,required,관측량·주파수 공간장,True,missing,missing,missing,전송·흡수·회절·방사와 성분 선택은 장 그림을 물리적 설계 지표로 바꾼다.
addindex.actual sampling,actual sampling,P1,10,required,관측량·주파수 공간장,True,missing,missing,missing,전송·흡수·회절·방사와 성분 선택은 장 그림을 물리적 설계 지표로 바꾼다.
addindex.custom frequency samples,custom frequency samples,P1,10,required,관측량·주파수 공간장,True,missing,missing,missing,전송·흡수·회절·방사와 성분 선택은 장 그림을 물리적 설계 지표로 바꾼다.
addindex.desired sampling,desired sampling,P1,10,required,관측량·주파수 공간장,True,missing,missing,missing,전송·흡수·회절·방사와 성분 선택은 장 그림을 물리적 설계 지표로 바꾼다.
addindex.down sample X,down sample X,P1,10,required,관측량·주파수 공간장,True,missing,missing,missing,전송·흡수·회절·방사와 성분 선택은 장 그림을 물리적 설계 지표로 바꾼다.
addindex.down sample Y,down sample Y,P1,10,required,관측량·주파수 공간장,True,missing,missing,missing,전송·흡수·회절·방사와 성분 선택은 장 그림을 물리적 설계 지표로 바꾼다.
addindex.down sample Z,down sample Z,P1,10,required,관측량·주파수 공간장,True,missing,missing,missing,전송·흡수·회절·방사와 성분 선택은 장 그림을 물리적 설계 지표로 바꾼다.
addindex.down sample time,down sample time,P1,10,required,관측량·주파수 공간장,True,missing,missing,missing,전송·흡수·회절·방사와 성분 선택은 장 그림을 물리적 설계 지표로 바꾼다.
addindex.enabled,enabled,P1,10,required,관측량·주파수 공간장,True,missing,missing,missing,전송·흡수·회절·방사와 성분 선택은 장 그림을 물리적 설계 지표로 바꾼다.
addindex.frequency center,frequency center,P1,10,required,관측량·주파수 공간장,True,missing,missing,missing,전송·흡수·회절·방사와 성분 선택은 장 그림을 물리적 설계 지표로 바꾼다.
addindex.frequency points,frequency points,P1,10,required,관측량·주파수 공간장,True,missing,missing,missing,전송·흡수·회절·방사와 성분 선택은 장 그림을 물리적 설계 지표로 바꾼다.
addindex.frequency span,frequency span,P1,10,required,관측량·주파수 공간장,True,missing,missing,missing,전송·흡수·회절·방사와 성분 선택은 장 그림을 물리적 설계 지표로 바꾼다.
addindex.maximum frequency,maximum frequency,P1,10,required,관측량·주파수 공간장,True,missing,missing,missing,전송·흡수·회절·방사와 성분 선택은 장 그림을 물리적 설계 지표로 바꾼다.
addindex.maximum wavelength,maximum wavelength,P1,10,required,관측량·주파수 공간장,True,missing,missing,missing,전송·흡수·회절·방사와 성분 선택은 장 그림을 물리적 설계 지표로 바꾼다.
addindex.min sampling per cycle,min sampling per cycle,P1,10,required,관측량·주파수 공간장,True,missing,missing,missing,전송·흡수·회절·방사와 성분 선택은 장 그림을 물리적 설계 지표로 바꾼다.
addindex.minimum frequency,minimum frequency,P1,10,required,관측량·주파수 공간장,True,missing,missing,missing,전송·흡수·회절·방사와 성분 선택은 장 그림을 물리적 설계 지표로 바꾼다.
addindex.minimum wavelength,minimum wavelength,P1,10,required,관측량·주파수 공간장,True,missing,missing,missing,전송·흡수·회절·방사와 성분 선택은 장 그림을 물리적 설계 지표로 바꾼다.
addindex.monitor type,monitor type,P1,10,required,관측량·주파수 공간장,True,missing,missing,missing,전송·흡수·회절·방사와 성분 선택은 장 그림을 물리적 설계 지표로 바꾼다.
addindex.name,name,P1,10,required,관측량·주파수 공간장,True,missing,missing,missing,전송·흡수·회절·방사와 성분 선택은 장 그림을 물리적 설계 지표로 바꾼다.
addindex.override advanced global monitor settings,override advanced global monitor settings,P1,10,required,관측량·주파수 공간장,True,missing,missing,missing,전송·흡수·회절·방사와 성분 선택은 장 그림을 물리적 설계 지표로 바꾼다.
addindex.override global monitor settings,override global monitor settings,P1,10,required,관측량·주파수 공간장,True,missing,missing,missing,전송·흡수·회절·방사와 성분 선택은 장 그림을 물리적 설계 지표로 바꾼다.
addindex.record conformal mesh when possible,record conformal mesh when possible,P1,10,required,관측량·주파수 공간장,True,missing,missing,missing,전송·흡수·회절·방사와 성분 선택은 장 그림을 물리적 설계 지표로 바꾼다.
addindex.record data in pml,record data in pml,P1,10,required,관측량·주파수 공간장,True,missing,missing,missing,전송·흡수·회절·방사와 성분 선택은 장 그림을 물리적 설계 지표로 바꾼다.
addindex.record surface conductivity,record surface conductivity,P1,10,required,관측량·주파수 공간장,True,missing,missing,missing,전송·흡수·회절·방사와 성분 선택은 장 그림을 물리적 설계 지표로 바꾼다.
addindex.sample spacing,sample spacing,P1,10,required,관측량·주파수 공간장,True,missing,missing,missing,전송·흡수·회절·방사와 성분 선택은 장 그림을 물리적 설계 지표로 바꾼다.
addindex.simulation type,simulation type,P1,10,required,관측량·주파수 공간장,True,missing,missing,missing,전송·흡수·회절·방사와 성분 선택은 장 그림을 물리적 설계 지표로 바꾼다.
addindex.spatial interpolation,spatial interpolation,P1,10,required,관측량·주파수 공간장,True,missing,missing,missing,전송·흡수·회절·방사와 성분 선택은 장 그림을 물리적 설계 지표로 바꾼다.
addindex.type,type,P1,10,required,관측량·주파수 공간장,True,missing,missing,missing,전송·흡수·회절·방사와 성분 선택은 장 그림을 물리적 설계 지표로 바꾼다.
addindex.use relative coordinates,use relative coordinates,P1,10,required,관측량·주파수 공간장,True,missing,missing,missing,전송·흡수·회절·방사와 성분 선택은 장 그림을 물리적 설계 지표로 바꾼다.
addindex.use source limits,use source limits,P1,10,required,관측량·주파수 공간장,True,missing,missing,missing,전송·흡수·회절·방사와 성분 선택은 장 그림을 물리적 설계 지표로 바꾼다.
addindex.use wavelength spacing,use wavelength spacing,P1,10,required,관측량·주파수 공간장,True,missing,missing,missing,전송·흡수·회절·방사와 성분 선택은 장 그림을 물리적 설계 지표로 바꾼다.
addindex.wavelength center,wavelength center,P1,10,required,관측량·주파수 공간장,True,missing,missing,missing,전송·흡수·회절·방사와 성분 선택은 장 그림을 물리적 설계 지표로 바꾼다.
addindex.wavelength span,wavelength span,P1,10,required,관측량·주파수 공간장,True,missing,missing,missing,전송·흡수·회절·방사와 성분 선택은 장 그림을 물리적 설계 지표로 바꾼다.
addindex.x,x,P1,10,required,관측량·주파수 공간장,True,missing,missing,missing,전송·흡수·회절·방사와 성분 선택은 장 그림을 물리적 설계 지표로 바꾼다.
addindex.x max,x max,P1,10,required,관측량·주파수 공간장,True,missing,missing,missing,전송·흡수·회절·방사와 성분 선택은 장 그림을 물리적 설계 지표로 바꾼다.
addindex.x min,x min,P1,10,required,관측량·주파수 공간장,True,missing,missing,missing,전송·흡수·회절·방사와 성분 선택은 장 그림을 물리적 설계 지표로 바꾼다.
addindex.x span,x span,P1,10,required,관측량·주파수 공간장,True,missing,missing,missing,전송·흡수·회절·방사와 성분 선택은 장 그림을 물리적 설계 지표로 바꾼다.
addindex.y,y,P1,10,required,관측량·주파수 공간장,True,missing,missing,missing,전송·흡수·회절·방사와 성분 선택은 장 그림을 물리적 설계 지표로 바꾼다.
addindex.y max,y max,P1,10,required,관측량·주파수 공간장,True,missing,missing,missing,전송·흡수·회절·방사와 성분 선택은 장 그림을 물리적 설계 지표로 바꾼다.
addindex.y min,y min,P1,10,required,관측량·주파수 공간장,True,missing,missing,missing,전송·흡수·회절·방사와 성분 선택은 장 그림을 물리적 설계 지표로 바꾼다.
addindex.y span,y span,P1,10,required,관측량·주파수 공간장,True,missing,missing,missing,전송·흡수·회절·방사와 성분 선택은 장 그림을 물리적 설계 지표로 바꾼다.
addindex.z,z,P1,10,required,관측량·주파수 공간장,True,missing,missing,missing,전송·흡수·회절·방사와 성분 선택은 장 그림을 물리적 설계 지표로 바꾼다.
addindex.z max,z max,P1,10,required,관측량·주파수 공간장,True,missing,missing,missing,전송·흡수·회절·방사와 성분 선택은 장 그림을 물리적 설계 지표로 바꾼다.
addindex.z min,z min,P1,10,required,관측량·주파수 공간장,True,missing,missing,missing,전송·흡수·회절·방사와 성분 선택은 장 그림을 물리적 설계 지표로 바꾼다.
addindex.z span,z span,P1,10,required,관측량·주파수 공간장,True,missing,missing,missing,전송·흡수·회절·방사와 성분 선택은 장 그림을 물리적 설계 지표로 바꾼다.
addpower.Nyquist limit,Nyquist limit,P1,10,required,관측량·주파수 공간장,True,missing,missing,missing,전송·흡수·회절·방사와 성분 선택은 장 그림을 물리적 설계 지표로 바꾼다.
addpower.actual sampling,actual sampling,P1,10,required,관측량·주파수 공간장,True,missing,missing,missing,전송·흡수·회절·방사와 성분 선택은 장 그림을 물리적 설계 지표로 바꾼다.
addpower.apodization,apodization,P1,10,required,관측량·주파수 공간장,True,partial,partial,implemented,전송·흡수·회절·방사와 성분 선택은 장 그림을 물리적 설계 지표로 바꾼다.
addpower.apodization center,apodization center,P1,10,required,관측량·주파수 공간장,True,partial,partial,implemented,전송·흡수·회절·방사와 성분 선택은 장 그림을 물리적 설계 지표로 바꾼다.
addpower.apodization freq width,apodization freq width,P1,10,required,관측량·주파수 공간장,True,missing,missing,missing,전송·흡수·회절·방사와 성분 선택은 장 그림을 물리적 설계 지표로 바꾼다.
addpower.apodization time width,apodization time width,P1,10,required,관측량·주파수 공간장,True,partial,partial,implemented,전송·흡수·회절·방사와 성분 선택은 장 그림을 물리적 설계 지표로 바꾼다.
addpower.custom frequency samples,custom frequency samples,P1,10,required,관측량·주파수 공간장,True,partial,partial,implemented,전송·흡수·회절·방사와 성분 선택은 장 그림을 물리적 설계 지표로 바꾼다.
addpower.delta,delta,P1,10,required,관측량·주파수 공간장,True,missing,missing,missing,전송·흡수·회절·방사와 성분 선택은 장 그림을 물리적 설계 지표로 바꾼다.
addpower.desired sampling,desired sampling,P1,10,required,관측량·주파수 공간장,True,missing,missing,missing,전송·흡수·회절·방사와 성분 선택은 장 그림을 물리적 설계 지표로 바꾼다.
addpower.down sample X,down sample X,P1,10,required,관측량·주파수 공간장,True,partial,partial,implemented,전송·흡수·회절·방사와 성분 선택은 장 그림을 물리적 설계 지표로 바꾼다.
addpower.down sample Y,down sample Y,P1,10,required,관측량·주파수 공간장,True,partial,partial,implemented,전송·흡수·회절·방사와 성분 선택은 장 그림을 물리적 설계 지표로 바꾼다.
addpower.down sample Z,down sample Z,P1,10,required,관측량·주파수 공간장,True,partial,partial,implemented,전송·흡수·회절·방사와 성분 선택은 장 그림을 물리적 설계 지표로 바꾼다.
addpower.down sample time,down sample time,P1,10,required,관측량·주파수 공간장,True,partial,partial,implemented,전송·흡수·회절·방사와 성분 선택은 장 그림을 물리적 설계 지표로 바꾼다.
addpower.enabled,enabled,P1,10,required,관측량·주파수 공간장,True,partial,partial,implemented,전송·흡수·회절·방사와 성분 선택은 장 그림을 물리적 설계 지표로 바꾼다.
addpower.frequency center,frequency center,P1,10,required,관측량·주파수 공간장,True,missing,missing,missing,전송·흡수·회절·방사와 성분 선택은 장 그림을 물리적 설계 지표로 바꾼다.
addpower.frequency points,frequency points,P1,10,required,관측량·주파수 공간장,True,partial,partial,implemented,전송·흡수·회절·방사와 성분 선택은 장 그림을 물리적 설계 지표로 바꾼다.
addpower.frequency span,frequency span,P1,10,required,관측량·주파수 공간장,True,missing,missing,missing,전송·흡수·회절·방사와 성분 선택은 장 그림을 물리적 설계 지표로 바꾼다.
addpower.maximum frequency,maximum frequency,P1,10,required,관측량·주파수 공간장,True,partial,partial,implemented,전송·흡수·회절·방사와 성분 선택은 장 그림을 물리적 설계 지표로 바꾼다.
addpower.maximum wavelength,maximum wavelength,P1,10,required,관측량·주파수 공간장,True,partial,partial,implemented,전송·흡수·회절·방사와 성분 선택은 장 그림을 물리적 설계 지표로 바꾼다.
addpower.min sampling per cycle,min sampling per cycle,P1,10,required,관측량·주파수 공간장,True,missing,missing,missing,전송·흡수·회절·방사와 성분 선택은 장 그림을 물리적 설계 지표로 바꾼다.
addpower.minimum frequency,minimum frequency,P1,10,required,관측량·주파수 공간장,True,partial,partial,implemented,전송·흡수·회절·방사와 성분 선택은 장 그림을 물리적 설계 지표로 바꾼다.
addpower.minimum wavelength,minimum wavelength,P1,10,required,관측량·주파수 공간장,True,partial,partial,implemented,전송·흡수·회절·방사와 성분 선택은 장 그림을 물리적 설계 지표로 바꾼다.
addpower.monitor type,monitor type,P1,10,required,관측량·주파수 공간장,True,partial,partial,implemented,전송·흡수·회절·방사와 성분 선택은 장 그림을 물리적 설계 지표로 바꾼다.
addpower.name,name,P1,10,required,관측량·주파수 공간장,True,partial,partial,implemented,전송·흡수·회절·방사와 성분 선택은 장 그림을 물리적 설계 지표로 바꾼다.
addpower.output Ex,output Ex,P1,10,required,관측량·주파수 공간장,True,partial,partial,implemented,전송·흡수·회절·방사와 성분 선택은 장 그림을 물리적 설계 지표로 바꾼다.
addpower.output Ey,output Ey,P1,10,required,관측량·주파수 공간장,True,partial,partial,implemented,전송·흡수·회절·방사와 성분 선택은 장 그림을 물리적 설계 지표로 바꾼다.
addpower.output Ez,output Ez,P1,10,required,관측량·주파수 공간장,True,partial,partial,implemented,전송·흡수·회절·방사와 성분 선택은 장 그림을 물리적 설계 지표로 바꾼다.
addpower.output Hx,output Hx,P1,10,required,관측량·주파수 공간장,True,partial,partial,implemented,전송·흡수·회절·방사와 성분 선택은 장 그림을 물리적 설계 지표로 바꾼다.
addpower.output Hy,output Hy,P1,10,required,관측량·주파수 공간장,True,partial,partial,implemented,전송·흡수·회절·방사와 성분 선택은 장 그림을 물리적 설계 지표로 바꾼다.
addpower.output Hz,output Hz,P1,10,required,관측량·주파수 공간장,True,partial,partial,implemented,전송·흡수·회절·방사와 성분 선택은 장 그림을 물리적 설계 지표로 바꾼다.
addpower.output Px,output Px,P1,10,required,관측량·주파수 공간장,True,partial,partial,implemented,전송·흡수·회절·방사와 성분 선택은 장 그림을 물리적 설계 지표로 바꾼다.
addpower.output Py,output Py,P1,10,required,관측량·주파수 공간장,True,partial,partial,implemented,전송·흡수·회절·방사와 성분 선택은 장 그림을 물리적 설계 지표로 바꾼다.
addpower.output Pz,output Pz,P1,10,required,관측량·주파수 공간장,True,partial,partial,implemented,전송·흡수·회절·방사와 성분 선택은 장 그림을 물리적 설계 지표로 바꾼다.
addpower.output power,output power,P1,10,required,관측량·주파수 공간장,True,partial,partial,implemented,전송·흡수·회절·방사와 성분 선택은 장 그림을 물리적 설계 지표로 바꾼다.
addpower.override advanced global monitor settings,override advanced global monitor settings,P1,10,required,관측량·주파수 공간장,True,missing,missing,missing,전송·흡수·회절·방사와 성분 선택은 장 그림을 물리적 설계 지표로 바꾼다.
addpower.override global monitor settings,override global monitor settings,P1,10,required,관측량·주파수 공간장,True,partial,partial,implemented,전송·흡수·회절·방사와 성분 선택은 장 그림을 물리적 설계 지표로 바꾼다.
addpower.partial spectral average,partial spectral average,P1,10,required,관측량·주파수 공간장,True,missing,missing,missing,전송·흡수·회절·방사와 성분 선택은 장 그림을 물리적 설계 지표로 바꾼다.
addpower.record data in pml,record data in pml,P1,10,required,관측량·주파수 공간장,True,missing,missing,missing,전송·흡수·회절·방사와 성분 선택은 장 그림을 물리적 설계 지표로 바꾼다.
addpower.sample spacing,sample spacing,P1,10,required,관측량·주파수 공간장,True,partial,partial,implemented,전송·흡수·회절·방사와 성분 선택은 장 그림을 물리적 설계 지표로 바꾼다.
addpower.simulation type,simulation type,P1,10,required,관측량·주파수 공간장,True,missing,missing,missing,전송·흡수·회절·방사와 성분 선택은 장 그림을 물리적 설계 지표로 바꾼다.
addpower.spatial interpolation,spatial interpolation,P1,10,required,관측량·주파수 공간장,True,partial,partial,implemented,전송·흡수·회절·방사와 성분 선택은 장 그림을 물리적 설계 지표로 바꾼다.
addpower.standard fourier transform,standard fourier transform,P1,10,required,관측량·주파수 공간장,True,missing,missing,missing,전송·흡수·회절·방사와 성분 선택은 장 그림을 물리적 설계 지표로 바꾼다.
addpower.total spectral average,total spectral average,P1,10,required,관측량·주파수 공간장,True,missing,missing,missing,전송·흡수·회절·방사와 성분 선택은 장 그림을 물리적 설계 지표로 바꾼다.
addpower.type,type,P1,10,required,관측량·주파수 공간장,True,missing,missing,missing,전송·흡수·회절·방사와 성분 선택은 장 그림을 물리적 설계 지표로 바꾼다.
addpower.use relative coordinates,use relative coordinates,P1,10,required,관측량·주파수 공간장,True,missing,missing,missing,전송·흡수·회절·방사와 성분 선택은 장 그림을 물리적 설계 지표로 바꾼다.
addpower.use source limits,use source limits,P1,10,required,관측량·주파수 공간장,True,partial,partial,implemented,전송·흡수·회절·방사와 성분 선택은 장 그림을 물리적 설계 지표로 바꾼다.
addpower.use wavelength spacing,use wavelength spacing,P1,10,required,관측량·주파수 공간장,True,partial,partial,implemented,전송·흡수·회절·방사와 성분 선택은 장 그림을 물리적 설계 지표로 바꾼다.
addpower.wavelength center,wavelength center,P1,10,required,관측량·주파수 공간장,True,missing,missing,missing,전송·흡수·회절·방사와 성분 선택은 장 그림을 물리적 설계 지표로 바꾼다.
addpower.wavelength span,wavelength span,P1,10,required,관측량·주파수 공간장,True,missing,missing,missing,전송·흡수·회절·방사와 성분 선택은 장 그림을 물리적 설계 지표로 바꾼다.
addpower.x,x,P1,10,required,관측량·주파수 공간장,True,partial,partial,implemented,전송·흡수·회절·방사와 성분 선택은 장 그림을 물리적 설계 지표로 바꾼다.
addpower.x max,x max,P1,10,required,관측량·주파수 공간장,True,missing,missing,missing,전송·흡수·회절·방사와 성분 선택은 장 그림을 물리적 설계 지표로 바꾼다.
addpower.x min,x min,P1,10,required,관측량·주파수 공간장,True,missing,missing,missing,전송·흡수·회절·방사와 성분 선택은 장 그림을 물리적 설계 지표로 바꾼다.
addpower.x span,x span,P1,10,required,관측량·주파수 공간장,True,partial,partial,implemented,전송·흡수·회절·방사와 성분 선택은 장 그림을 물리적 설계 지표로 바꾼다.
addpower.y,y,P1,10,required,관측량·주파수 공간장,True,partial,partial,implemented,전송·흡수·회절·방사와 성분 선택은 장 그림을 물리적 설계 지표로 바꾼다.
addpower.y max,y max,P1,10,required,관측량·주파수 공간장,True,missing,missing,missing,전송·흡수·회절·방사와 성분 선택은 장 그림을 물리적 설계 지표로 바꾼다.
addpower.y min,y min,P1,10,required,관측량·주파수 공간장,True,missing,missing,missing,전송·흡수·회절·방사와 성분 선택은 장 그림을 물리적 설계 지표로 바꾼다.
addpower.y span,y span,P1,10,required,관측량·주파수 공간장,True,partial,partial,implemented,전송·흡수·회절·방사와 성분 선택은 장 그림을 물리적 설계 지표로 바꾼다.
addpower.z,z,P1,10,required,관측량·주파수 공간장,True,partial,partial,implemented,전송·흡수·회절·방사와 성분 선택은 장 그림을 물리적 설계 지표로 바꾼다.
addpower.z max,z max,P1,10,required,관측량·주파수 공간장,True,missing,missing,missing,전송·흡수·회절·방사와 성분 선택은 장 그림을 물리적 설계 지표로 바꾼다.
addpower.z min,z min,P1,10,required,관측량·주파수 공간장,True,missing,missing,missing,전송·흡수·회절·방사와 성분 선택은 장 그림을 물리적 설계 지표로 바꾼다.
addpower.z span,z span,P1,10,required,관측량·주파수 공간장,True,partial,partial,implemented,전송·흡수·회절·방사와 성분 선택은 장 그림을 물리적 설계 지표로 바꾼다.
addprofile.Nyquist limit,Nyquist limit,P1,10,required,관측량·주파수 공간장,True,missing,missing,missing,전송·흡수·회절·방사와 성분 선택은 장 그림을 물리적 설계 지표로 바꾼다.
addprofile.actual sampling,actual sampling,P1,10,required,관측량·주파수 공간장,True,missing,missing,missing,전송·흡수·회절·방사와 성분 선택은 장 그림을 물리적 설계 지표로 바꾼다.
addprofile.apodization,apodization,P1,10,required,관측량·주파수 공간장,True,partial,partial,implemented,전송·흡수·회절·방사와 성분 선택은 장 그림을 물리적 설계 지표로 바꾼다.
addprofile.apodization center,apodization center,P1,10,required,관측량·주파수 공간장,True,partial,partial,implemented,전송·흡수·회절·방사와 성분 선택은 장 그림을 물리적 설계 지표로 바꾼다.
addprofile.apodization freq width,apodization freq width,P1,10,required,관측량·주파수 공간장,True,missing,missing,missing,전송·흡수·회절·방사와 성분 선택은 장 그림을 물리적 설계 지표로 바꾼다.
addprofile.apodization time width,apodization time width,P1,10,required,관측량·주파수 공간장,True,partial,partial,implemented,전송·흡수·회절·방사와 성분 선택은 장 그림을 물리적 설계 지표로 바꾼다.
addprofile.custom frequency samples,custom frequency samples,P1,10,required,관측량·주파수 공간장,True,partial,partial,implemented,전송·흡수·회절·방사와 성분 선택은 장 그림을 물리적 설계 지표로 바꾼다.
addprofile.delta,delta,P1,10,required,관측량·주파수 공간장,True,missing,missing,missing,전송·흡수·회절·방사와 성분 선택은 장 그림을 물리적 설계 지표로 바꾼다.
addprofile.desired sampling,desired sampling,P1,10,required,관측량·주파수 공간장,True,missing,missing,missing,전송·흡수·회절·방사와 성분 선택은 장 그림을 물리적 설계 지표로 바꾼다.
addprofile.down sample X,down sample X,P1,10,required,관측량·주파수 공간장,True,partial,partial,implemented,전송·흡수·회절·방사와 성분 선택은 장 그림을 물리적 설계 지표로 바꾼다.
addprofile.down sample Y,down sample Y,P1,10,required,관측량·주파수 공간장,True,partial,partial,implemented,전송·흡수·회절·방사와 성분 선택은 장 그림을 물리적 설계 지표로 바꾼다.
addprofile.down sample Z,down sample Z,P1,10,required,관측량·주파수 공간장,True,partial,partial,implemented,전송·흡수·회절·방사와 성분 선택은 장 그림을 물리적 설계 지표로 바꾼다.
addprofile.down sample time,down sample time,P1,10,required,관측량·주파수 공간장,True,partial,partial,implemented,전송·흡수·회절·방사와 성분 선택은 장 그림을 물리적 설계 지표로 바꾼다.
addprofile.enabled,enabled,P1,10,required,관측량·주파수 공간장,True,partial,partial,implemented,전송·흡수·회절·방사와 성분 선택은 장 그림을 물리적 설계 지표로 바꾼다.
addprofile.frequency center,frequency center,P1,10,required,관측량·주파수 공간장,True,missing,missing,missing,전송·흡수·회절·방사와 성분 선택은 장 그림을 물리적 설계 지표로 바꾼다.
addprofile.frequency points,frequency points,P1,10,required,관측량·주파수 공간장,True,partial,partial,implemented,전송·흡수·회절·방사와 성분 선택은 장 그림을 물리적 설계 지표로 바꾼다.
addprofile.frequency span,frequency span,P1,10,required,관측량·주파수 공간장,True,missing,missing,missing,전송·흡수·회절·방사와 성분 선택은 장 그림을 물리적 설계 지표로 바꾼다.
addprofile.maximum frequency,maximum frequency,P1,10,required,관측량·주파수 공간장,True,partial,partial,implemented,전송·흡수·회절·방사와 성분 선택은 장 그림을 물리적 설계 지표로 바꾼다.
addprofile.maximum wavelength,maximum wavelength,P1,10,required,관측량·주파수 공간장,True,partial,partial,implemented,전송·흡수·회절·방사와 성분 선택은 장 그림을 물리적 설계 지표로 바꾼다.
addprofile.min sampling per cycle,min sampling per cycle,P1,10,required,관측량·주파수 공간장,True,missing,missing,missing,전송·흡수·회절·방사와 성분 선택은 장 그림을 물리적 설계 지표로 바꾼다.
addprofile.minimum frequency,minimum frequency,P1,10,required,관측량·주파수 공간장,True,partial,partial,implemented,전송·흡수·회절·방사와 성분 선택은 장 그림을 물리적 설계 지표로 바꾼다.
addprofile.minimum wavelength,minimum wavelength,P1,10,required,관측량·주파수 공간장,True,partial,partial,implemented,전송·흡수·회절·방사와 성분 선택은 장 그림을 물리적 설계 지표로 바꾼다.
addprofile.monitor type,monitor type,P1,10,required,관측량·주파수 공간장,True,partial,partial,implemented,전송·흡수·회절·방사와 성분 선택은 장 그림을 물리적 설계 지표로 바꾼다.
addprofile.name,name,P1,10,required,관측량·주파수 공간장,True,partial,partial,implemented,전송·흡수·회절·방사와 성분 선택은 장 그림을 물리적 설계 지표로 바꾼다.
addprofile.output Ex,output Ex,P1,10,required,관측량·주파수 공간장,True,partial,partial,implemented,전송·흡수·회절·방사와 성분 선택은 장 그림을 물리적 설계 지표로 바꾼다.
addprofile.output Ey,output Ey,P1,10,required,관측량·주파수 공간장,True,partial,partial,implemented,전송·흡수·회절·방사와 성분 선택은 장 그림을 물리적 설계 지표로 바꾼다.
addprofile.output Ez,output Ez,P1,10,required,관측량·주파수 공간장,True,partial,partial,implemented,전송·흡수·회절·방사와 성분 선택은 장 그림을 물리적 설계 지표로 바꾼다.
addprofile.output Hx,output Hx,P1,10,required,관측량·주파수 공간장,True,partial,partial,implemented,전송·흡수·회절·방사와 성분 선택은 장 그림을 물리적 설계 지표로 바꾼다.
addprofile.output Hy,output Hy,P1,10,required,관측량·주파수 공간장,True,partial,partial,implemented,전송·흡수·회절·방사와 성분 선택은 장 그림을 물리적 설계 지표로 바꾼다.
addprofile.output Hz,output Hz,P1,10,required,관측량·주파수 공간장,True,partial,partial,implemented,전송·흡수·회절·방사와 성분 선택은 장 그림을 물리적 설계 지표로 바꾼다.
addprofile.output Px,output Px,P1,10,required,관측량·주파수 공간장,True,partial,partial,implemented,전송·흡수·회절·방사와 성분 선택은 장 그림을 물리적 설계 지표로 바꾼다.
addprofile.output Py,output Py,P1,10,required,관측량·주파수 공간장,True,partial,partial,implemented,전송·흡수·회절·방사와 성분 선택은 장 그림을 물리적 설계 지표로 바꾼다.
addprofile.output Pz,output Pz,P1,10,required,관측량·주파수 공간장,True,partial,partial,implemented,전송·흡수·회절·방사와 성분 선택은 장 그림을 물리적 설계 지표로 바꾼다.
addprofile.output power,output power,P1,10,required,관측량·주파수 공간장,True,partial,partial,implemented,전송·흡수·회절·방사와 성분 선택은 장 그림을 물리적 설계 지표로 바꾼다.
addprofile.override advanced global monitor settings,override advanced global monitor settings,P1,10,required,관측량·주파수 공간장,True,missing,missing,missing,전송·흡수·회절·방사와 성분 선택은 장 그림을 물리적 설계 지표로 바꾼다.
addprofile.override global monitor settings,override global monitor settings,P1,10,required,관측량·주파수 공간장,True,partial,partial,implemented,전송·흡수·회절·방사와 성분 선택은 장 그림을 물리적 설계 지표로 바꾼다.
addprofile.partial spectral average,partial spectral average,P1,10,required,관측량·주파수 공간장,True,missing,missing,missing,전송·흡수·회절·방사와 성분 선택은 장 그림을 물리적 설계 지표로 바꾼다.
addprofile.record data in pml,record data in pml,P1,10,required,관측량·주파수 공간장,True,missing,missing,missing,전송·흡수·회절·방사와 성분 선택은 장 그림을 물리적 설계 지표로 바꾼다.
addprofile.sample spacing,sample spacing,P1,10,required,관측량·주파수 공간장,True,partial,partial,implemented,전송·흡수·회절·방사와 성분 선택은 장 그림을 물리적 설계 지표로 바꾼다.
addprofile.simulation type,simulation type,P1,10,required,관측량·주파수 공간장,True,missing,missing,missing,전송·흡수·회절·방사와 성분 선택은 장 그림을 물리적 설계 지표로 바꾼다.
addprofile.spatial interpolation,spatial interpolation,P1,10,required,관측량·주파수 공간장,True,partial,partial,implemented,전송·흡수·회절·방사와 성분 선택은 장 그림을 물리적 설계 지표로 바꾼다.
addprofile.standard fourier transform,standard fourier transform,P1,10,required,관측량·주파수 공간장,True,missing,missing,missing,전송·흡수·회절·방사와 성분 선택은 장 그림을 물리적 설계 지표로 바꾼다.
addprofile.total spectral average,total spectral average,P1,10,required,관측량·주파수 공간장,True,missing,missing,missing,전송·흡수·회절·방사와 성분 선택은 장 그림을 물리적 설계 지표로 바꾼다.
addprofile.type,type,P1,10,required,관측량·주파수 공간장,True,missing,missing,missing,전송·흡수·회절·방사와 성분 선택은 장 그림을 물리적 설계 지표로 바꾼다.
addprofile.use relative coordinates,use relative coordinates,P1,10,required,관측량·주파수 공간장,True,missing,missing,missing,전송·흡수·회절·방사와 성분 선택은 장 그림을 물리적 설계 지표로 바꾼다.
addprofile.use source limits,use source limits,P1,10,required,관측량·주파수 공간장,True,partial,partial,implemented,전송·흡수·회절·방사와 성분 선택은 장 그림을 물리적 설계 지표로 바꾼다.
addprofile.use wavelength spacing,use wavelength spacing,P1,10,required,관측량·주파수 공간장,True,partial,partial,implemented,전송·흡수·회절·방사와 성분 선택은 장 그림을 물리적 설계 지표로 바꾼다.
addprofile.wavelength center,wavelength center,P1,10,required,관측량·주파수 공간장,True,missing,missing,missing,전송·흡수·회절·방사와 성분 선택은 장 그림을 물리적 설계 지표로 바꾼다.
addprofile.wavelength span,wavelength span,P1,10,required,관측량·주파수 공간장,True,missing,missing,missing,전송·흡수·회절·방사와 성분 선택은 장 그림을 물리적 설계 지표로 바꾼다.
addprofile.x,x,P1,10,required,관측량·주파수 공간장,True,partial,partial,implemented,전송·흡수·회절·방사와 성분 선택은 장 그림을 물리적 설계 지표로 바꾼다.
addprofile.x max,x max,P1,10,required,관측량·주파수 공간장,True,missing,missing,missing,전송·흡수·회절·방사와 성분 선택은 장 그림을 물리적 설계 지표로 바꾼다.
addprofile.x min,x min,P1,10,required,관측량·주파수 공간장,True,missing,missing,missing,전송·흡수·회절·방사와 성분 선택은 장 그림을 물리적 설계 지표로 바꾼다.
addprofile.x span,x span,P1,10,required,관측량·주파수 공간장,True,partial,partial,implemented,전송·흡수·회절·방사와 성분 선택은 장 그림을 물리적 설계 지표로 바꾼다.
addprofile.y,y,P1,10,required,관측량·주파수 공간장,True,partial,partial,implemented,전송·흡수·회절·방사와 성분 선택은 장 그림을 물리적 설계 지표로 바꾼다.
addprofile.y max,y max,P1,10,required,관측량·주파수 공간장,True,missing,missing,missing,전송·흡수·회절·방사와 성분 선택은 장 그림을 물리적 설계 지표로 바꾼다.
addprofile.y min,y min,P1,10,required,관측량·주파수 공간장,True,missing,missing,missing,전송·흡수·회절·방사와 성분 선택은 장 그림을 물리적 설계 지표로 바꾼다.
addprofile.y span,y span,P1,10,required,관측량·주파수 공간장,True,partial,partial,implemented,전송·흡수·회절·방사와 성분 선택은 장 그림을 물리적 설계 지표로 바꾼다.
addprofile.z,z,P1,10,required,관측량·주파수 공간장,True,partial,partial,implemented,전송·흡수·회절·방사와 성분 선택은 장 그림을 물리적 설계 지표로 바꾼다.
addprofile.z max,z max,P1,10,required,관측량·주파수 공간장,True,missing,missing,missing,전송·흡수·회절·방사와 성분 선택은 장 그림을 물리적 설계 지표로 바꾼다.
addprofile.z min,z min,P1,10,required,관측량·주파수 공간장,True,missing,missing,missing,전송·흡수·회절·방사와 성분 선택은 장 그림을 물리적 설계 지표로 바꾼다.
addprofile.z span,z span,P1,10,required,관측량·주파수 공간장,True,partial,partial,implemented,전송·흡수·회절·방사와 성분 선택은 장 그림을 물리적 설계 지표로 바꾼다.
addtime.down sample X,down sample X,P1,10,required,관측량·주파수 공간장,True,missing,missing,missing,전송·흡수·회절·방사와 성분 선택은 장 그림을 물리적 설계 지표로 바꾼다.
addtime.down sample Y,down sample Y,P1,10,required,관측량·주파수 공간장,True,missing,missing,missing,전송·흡수·회절·방사와 성분 선택은 장 그림을 물리적 설계 지표로 바꾼다.
addtime.down sample Z,down sample Z,P1,10,required,관측량·주파수 공간장,True,missing,missing,missing,전송·흡수·회절·방사와 성분 선택은 장 그림을 물리적 설계 지표로 바꾼다.
addtime.down sample time,down sample time,P1,10,required,관측량·주파수 공간장,True,missing,missing,missing,전송·흡수·회절·방사와 성분 선택은 장 그림을 물리적 설계 지표로 바꾼다.
addtime.enabled,enabled,P1,10,required,관측량·주파수 공간장,False,implemented,implemented,implemented,전송·흡수·회절·방사와 성분 선택은 장 그림을 물리적 설계 지표로 바꾼다.
addtime.min sampling per cycle,min sampling per cycle,P1,10,required,관측량·주파수 공간장,True,missing,missing,missing,전송·흡수·회절·방사와 성분 선택은 장 그림을 물리적 설계 지표로 바꾼다.
addtime.monitor type,monitor type,P1,10,required,관측량·주파수 공간장,True,partial,partial,implemented,전송·흡수·회절·방사와 성분 선택은 장 그림을 물리적 설계 지표로 바꾼다.
addtime.name,name,P1,10,required,관측량·주파수 공간장,False,implemented,implemented,implemented,전송·흡수·회절·방사와 성분 선택은 장 그림을 물리적 설계 지표로 바꾼다.
addtime.number of snapshots,number of snapshots,P1,10,required,관측량·주파수 공간장,True,missing,missing,missing,전송·흡수·회절·방사와 성분 선택은 장 그림을 물리적 설계 지표로 바꾼다.
addtime.output Ex,output Ex,P1,10,required,관측량·주파수 공간장,True,partial,partial,implemented,전송·흡수·회절·방사와 성분 선택은 장 그림을 물리적 설계 지표로 바꾼다.
addtime.output Ey,output Ey,P1,10,required,관측량·주파수 공간장,True,partial,partial,implemented,전송·흡수·회절·방사와 성분 선택은 장 그림을 물리적 설계 지표로 바꾼다.
addtime.output Ez,output Ez,P1,10,required,관측량·주파수 공간장,True,partial,partial,implemented,전송·흡수·회절·방사와 성분 선택은 장 그림을 물리적 설계 지표로 바꾼다.
addtime.output Hx,output Hx,P1,10,required,관측량·주파수 공간장,True,partial,partial,implemented,전송·흡수·회절·방사와 성분 선택은 장 그림을 물리적 설계 지표로 바꾼다.
addtime.output Hy,output Hy,P1,10,required,관측량·주파수 공간장,True,partial,partial,implemented,전송·흡수·회절·방사와 성분 선택은 장 그림을 물리적 설계 지표로 바꾼다.
addtime.output Hz,output Hz,P1,10,required,관측량·주파수 공간장,True,partial,partial,implemented,전송·흡수·회절·방사와 성분 선택은 장 그림을 물리적 설계 지표로 바꾼다.
addtime.output Px,output Px,P1,10,required,관측량·주파수 공간장,True,missing,missing,missing,전송·흡수·회절·방사와 성분 선택은 장 그림을 물리적 설계 지표로 바꾼다.
addtime.output Py,output Py,P1,10,required,관측량·주파수 공간장,True,missing,missing,missing,전송·흡수·회절·방사와 성분 선택은 장 그림을 물리적 설계 지표로 바꾼다.
addtime.output Pz,output Pz,P1,10,required,관측량·주파수 공간장,True,missing,missing,missing,전송·흡수·회절·방사와 성분 선택은 장 그림을 물리적 설계 지표로 바꾼다.
addtime.output power,output power,P1,10,required,관측량·주파수 공간장,True,missing,missing,missing,전송·흡수·회절·방사와 성분 선택은 장 그림을 물리적 설계 지표로 바꾼다.
addtime.plugin material,plugin material,P1,10,required,관측량·주파수 공간장,True,missing,missing,missing,전송·흡수·회절·방사와 성분 선택은 장 그림을 물리적 설계 지표로 바꾼다.
addtime.record data in pml,record data in pml,P1,10,required,관측량·주파수 공간장,True,missing,missing,missing,전송·흡수·회절·방사와 성분 선택은 장 그림을 물리적 설계 지표로 바꾼다.
addtime.sampling rate,sampling rate,P1,10,required,관측량·주파수 공간장,True,missing,missing,missing,전송·흡수·회절·방사와 성분 선택은 장 그림을 물리적 설계 지표로 바꾼다.
addtime.simulation type,simulation type,P1,10,required,관측량·주파수 공간장,True,missing,missing,missing,전송·흡수·회절·방사와 성분 선택은 장 그림을 물리적 설계 지표로 바꾼다.
addtime.spatial interpolation,spatial interpolation,P1,10,required,관측량·주파수 공간장,True,missing,missing,missing,전송·흡수·회절·방사와 성분 선택은 장 그림을 물리적 설계 지표로 바꾼다.
addtime.start time,start time,P1,10,required,관측량·주파수 공간장,True,missing,missing,missing,전송·흡수·회절·방사와 성분 선택은 장 그림을 물리적 설계 지표로 바꾼다.
addtime.stop method,stop method,P1,10,required,관측량·주파수 공간장,True,missing,missing,missing,전송·흡수·회절·방사와 성분 선택은 장 그림을 물리적 설계 지표로 바꾼다.
addtime.stop time,stop time,P1,10,required,관측량·주파수 공간장,True,missing,missing,missing,전송·흡수·회절·방사와 성분 선택은 장 그림을 물리적 설계 지표로 바꾼다.
addtime.type,type,P1,10,required,관측량·주파수 공간장,True,missing,missing,missing,전송·흡수·회절·방사와 성분 선택은 장 그림을 물리적 설계 지표로 바꾼다.
addtime.use relative coordinates,use relative coordinates,P1,10,required,관측량·주파수 공간장,True,missing,missing,missing,전송·흡수·회절·방사와 성분 선택은 장 그림을 물리적 설계 지표로 바꾼다.
addtime.x,x,P1,10,required,관측량·주파수 공간장,False,implemented,implemented,implemented,전송·흡수·회절·방사와 성분 선택은 장 그림을 물리적 설계 지표로 바꾼다.
addtime.x max,x max,P1,10,required,관측량·주파수 공간장,True,missing,missing,missing,전송·흡수·회절·방사와 성분 선택은 장 그림을 물리적 설계 지표로 바꾼다.
addtime.x min,x min,P1,10,required,관측량·주파수 공간장,True,missing,missing,missing,전송·흡수·회절·방사와 성분 선택은 장 그림을 물리적 설계 지표로 바꾼다.
addtime.x span,x span,P1,10,required,관측량·주파수 공간장,True,missing,missing,missing,전송·흡수·회절·방사와 성분 선택은 장 그림을 물리적 설계 지표로 바꾼다.
addtime.y,y,P1,10,required,관측량·주파수 공간장,False,implemented,implemented,implemented,전송·흡수·회절·방사와 성분 선택은 장 그림을 물리적 설계 지표로 바꾼다.
addtime.y max,y max,P1,10,required,관측량·주파수 공간장,True,missing,missing,missing,전송·흡수·회절·방사와 성분 선택은 장 그림을 물리적 설계 지표로 바꾼다.
addtime.y min,y min,P1,10,required,관측량·주파수 공간장,True,missing,missing,missing,전송·흡수·회절·방사와 성분 선택은 장 그림을 물리적 설계 지표로 바꾼다.
addtime.y span,y span,P1,10,required,관측량·주파수 공간장,True,missing,missing,missing,전송·흡수·회절·방사와 성분 선택은 장 그림을 물리적 설계 지표로 바꾼다.
addtime.z,z,P1,10,required,관측량·주파수 공간장,False,implemented,implemented,implemented,전송·흡수·회절·방사와 성분 선택은 장 그림을 물리적 설계 지표로 바꾼다.
addtime.z max,z max,P1,10,required,관측량·주파수 공간장,True,missing,missing,missing,전송·흡수·회절·방사와 성분 선택은 장 그림을 물리적 설계 지표로 바꾼다.
addtime.z min,z min,P1,10,required,관측량·주파수 공간장,True,missing,missing,missing,전송·흡수·회절·방사와 성분 선택은 장 그림을 물리적 설계 지표로 바꾼다.
addtime.z span,z span,P1,10,required,관측량·주파수 공간장,True,missing,missing,missing,전송·흡수·회절·방사와 성분 선택은 장 그림을 물리적 설계 지표로 바꾼다.
analysis.absorption,국소 흡수·charge/current,P1,10,required,관측량·주파수 공간장,True,missing,missing,missing,전송·흡수·회절·방사와 성분 선택은 장 그림을 물리적 설계 지표로 바꾼다.
analysis.cross_sections,산란·흡수 cross-section,P1,10,required,관측량·주파수 공간장,True,missing,missing,missing,전송·흡수·회절·방사와 성분 선택은 장 그림을 물리적 설계 지표로 바꾼다.
analysis.diffraction,회절 차수·grating projection,P1,10,required,관측량·주파수 공간장,True,partial,partial,partial,전송·흡수·회절·방사와 성분 선택은 장 그림을 물리적 설계 지표로 바꾼다.
analysis.directivity,Directivity·편광 분석,P1,10,required,관측량·주파수 공간장,True,missing,missing,missing,전송·흡수·회절·방사와 성분 선택은 장 그림을 물리적 설계 지표로 바꾼다.
analysis.mode_area,Mode area·volume,P1,10,required,관측량·주파수 공간장,True,missing,missing,missing,전송·흡수·회절·방사와 성분 선택은 장 그림을 물리적 설계 지표로 바꾼다.
analysis.nearfar,Near-to-far field,P1,10,required,관측량·주파수 공간장,True,partial,partial,missing,전송·흡수·회절·방사와 성분 선택은 장 그림을 물리적 설계 지표로 바꾼다.
analysis.resonance,공진 주파수·Q 분석,P1,10,required,관측량·주파수 공간장,True,missing,missing,missing,전송·흡수·회절·방사와 성분 선택은 장 그림을 물리적 설계 지표로 바꾼다.
monitor.chebyshev,Chebyshev frequency sampling,P1,10,required,관측량·주파수 공간장,False,implemented,implemented,implemented,전송·흡수·회절·방사와 성분 선택은 장 그림을 물리적 설계 지표로 바꾼다.
monitor.custom,사용자 주파수 표,P1,10,required,관측량·주파수 공간장,False,implemented,implemented,implemented,전송·흡수·회절·방사와 성분 선택은 장 그림을 물리적 설계 지표로 바꾼다.
monitor.global,Global monitor settings,P1,10,required,관측량·주파수 공간장,False,implemented,implemented,implemented,전송·흡수·회절·방사와 성분 선택은 장 그림을 물리적 설계 지표로 바꾼다.
monitor.index,공간 refractive index monitor,P1,10,required,관측량·주파수 공간장,True,missing,missing,missing,전송·흡수·회절·방사와 성분 선택은 장 그림을 물리적 설계 지표로 바꾼다.
monitor.plane,평면 DFT E/H·공간 보간,P1,10,required,관측량·주파수 공간장,True,implemented,implemented,partial,전송·흡수·회절·방사와 성분 선택은 장 그림을 물리적 설계 지표로 바꾼다.
monitor.selection,필드 성분별 record 선택,P1,10,required,관측량·주파수 공간장,False,implemented,implemented,implemented,전송·흡수·회절·방사와 성분 선택은 장 그림을 물리적 설계 지표로 바꾼다.
monitor.time_sampling,시간 downsample·sampling limit,P1,10,required,관측량·주파수 공간장,True,partial,partial,implemented,전송·흡수·회절·방사와 성분 선택은 장 그림을 물리적 설계 지표로 바꾼다.
monitor.time_space,분포 time monitor,P1,10,required,관측량·주파수 공간장,True,missing,missing,missing,전송·흡수·회절·방사와 성분 선택은 장 그림을 물리적 설계 지표로 바꾼다.
monitor.volume_dft,3D volume DFT,P1,10,required,관측량·주파수 공간장,True,missing,missing,missing,전송·흡수·회절·방사와 성분 선택은 장 그림을 물리적 설계 지표로 바꾼다.
addcircle.alpha,alpha,P1,11,required,핵심 CAD·설계 영역,True,missing,missing,missing,"다각형, 회전과 공간 재료 표현은 실제 소자와 topology 설계에 필요하다."
addcircle.detail,detail,P1,11,required,핵심 CAD·설계 영역,True,missing,missing,missing,"다각형, 회전과 공간 재료 표현은 실제 소자와 topology 설계에 필요하다."
addcircle.enabled,enabled,P1,11,required,핵심 CAD·설계 영역,False,implemented,implemented,implemented,"다각형, 회전과 공간 재료 표현은 실제 소자와 topology 설계에 필요하다."
addcircle.first axis,first axis,P1,11,required,핵심 CAD·설계 영역,False,implemented,implemented,implemented,"다각형, 회전과 공간 재료 표현은 실제 소자와 topology 설계에 필요하다."
addcircle.grid attribute name,grid attribute name,P1,11,required,핵심 CAD·설계 영역,True,missing,missing,missing,"다각형, 회전과 공간 재료 표현은 실제 소자와 topology 설계에 필요하다."
addcircle.index,index,P1,11,required,핵심 CAD·설계 영역,True,partial,partial,implemented,"다각형, 회전과 공간 재료 표현은 실제 소자와 topology 설계에 필요하다."
addcircle.index units,index units,P1,11,required,핵심 CAD·설계 영역,True,missing,missing,missing,"다각형, 회전과 공간 재료 표현은 실제 소자와 topology 설계에 필요하다."
addcircle.make ellipsoid,make ellipsoid,P1,11,required,핵심 CAD·설계 영역,False,implemented,implemented,implemented,"다각형, 회전과 공간 재료 표현은 실제 소자와 topology 설계에 필요하다."
addcircle.material,material,P1,11,required,핵심 CAD·설계 영역,False,implemented,implemented,implemented,"다각형, 회전과 공간 재료 표현은 실제 소자와 topology 설계에 필요하다."
addcircle.mesh order,mesh order,P1,11,required,핵심 CAD·설계 영역,False,implemented,implemented,implemented,"다각형, 회전과 공간 재료 표현은 실제 소자와 topology 설계에 필요하다."
addcircle.name,name,P1,11,required,핵심 CAD·설계 영역,False,implemented,implemented,implemented,"다각형, 회전과 공간 재료 표현은 실제 소자와 topology 설계에 필요하다."
addcircle.override mesh order from material database,override mesh order from material database,P1,11,required,핵심 CAD·설계 영역,True,missing,missing,missing,"다각형, 회전과 공간 재료 표현은 실제 소자와 topology 설계에 필요하다."
addcircle.radius,radius,P1,11,required,핵심 CAD·설계 영역,False,implemented,implemented,implemented,"다각형, 회전과 공간 재료 표현은 실제 소자와 topology 설계에 필요하다."
addcircle.radius 2,radius 2,P1,11,required,핵심 CAD·설계 영역,False,implemented,implemented,implemented,"다각형, 회전과 공간 재료 표현은 실제 소자와 topology 설계에 필요하다."
addcircle.rotation 1,rotation 1,P1,11,required,핵심 CAD·설계 영역,False,implemented,implemented,implemented,"다각형, 회전과 공간 재료 표현은 실제 소자와 topology 설계에 필요하다."
addcircle.rotation 2,rotation 2,P1,11,required,핵심 CAD·설계 영역,False,implemented,implemented,implemented,"다각형, 회전과 공간 재료 표현은 실제 소자와 topology 설계에 필요하다."
addcircle.rotation 3,rotation 3,P1,11,required,핵심 CAD·설계 영역,False,implemented,implemented,implemented,"다각형, 회전과 공간 재료 표현은 실제 소자와 topology 설계에 필요하다."
addcircle.second axis,second axis,P1,11,required,핵심 CAD·설계 영역,False,implemented,implemented,implemented,"다각형, 회전과 공간 재료 표현은 실제 소자와 topology 설계에 필요하다."
addcircle.set mesh order from material database,set mesh order from material database,P1,11,required,핵심 CAD·설계 영역,True,missing,missing,missing,"다각형, 회전과 공간 재료 표현은 실제 소자와 topology 설계에 필요하다."
addcircle.third axis,third axis,P1,11,required,핵심 CAD·설계 영역,False,implemented,implemented,implemented,"다각형, 회전과 공간 재료 표현은 실제 소자와 topology 설계에 필요하다."
addcircle.type,type,P1,11,required,핵심 CAD·설계 영역,True,missing,missing,missing,"다각형, 회전과 공간 재료 표현은 실제 소자와 topology 설계에 필요하다."
addcircle.use relative coordinates,use relative coordinates,P1,11,required,핵심 CAD·설계 영역,True,missing,missing,missing,"다각형, 회전과 공간 재료 표현은 실제 소자와 topology 설계에 필요하다."
addcircle.x,x,P1,11,required,핵심 CAD·설계 영역,False,implemented,implemented,implemented,"다각형, 회전과 공간 재료 표현은 실제 소자와 topology 설계에 필요하다."
addcircle.y,y,P1,11,required,핵심 CAD·설계 영역,False,implemented,implemented,implemented,"다각형, 회전과 공간 재료 표현은 실제 소자와 topology 설계에 필요하다."
addcircle.z,z,P1,11,required,핵심 CAD·설계 영역,False,implemented,implemented,implemented,"다각형, 회전과 공간 재료 표현은 실제 소자와 topology 설계에 필요하다."
addcircle.z max,z max,P1,11,required,핵심 CAD·설계 영역,True,missing,missing,missing,"다각형, 회전과 공간 재료 표현은 실제 소자와 topology 설계에 필요하다."
addcircle.z min,z min,P1,11,required,핵심 CAD·설계 영역,True,missing,missing,missing,"다각형, 회전과 공간 재료 표현은 실제 소자와 topology 설계에 필요하다."
addcircle.z span,z span,P1,11,required,핵심 CAD·설계 영역,False,implemented,implemented,implemented,"다각형, 회전과 공간 재료 표현은 실제 소자와 topology 설계에 필요하다."
addimport.alpha,alpha,P1,11,required,핵심 CAD·설계 영역,True,missing,missing,missing,"다각형, 회전과 공간 재료 표현은 실제 소자와 topology 설계에 필요하다."
addimport.binary threshold,binary threshold,P1,11,required,핵심 CAD·설계 영역,True,missing,missing,missing,"다각형, 회전과 공간 재료 표현은 실제 소자와 topology 설계에 필요하다."
addimport.data offset in yee cell,data offset in yee cell,P1,11,required,핵심 CAD·설계 영역,True,missing,missing,missing,"다각형, 회전과 공간 재료 표현은 실제 소자와 topology 설계에 필요하다."
addimport.data x points,data x points,P1,11,required,핵심 CAD·설계 영역,True,missing,missing,missing,"다각형, 회전과 공간 재료 표현은 실제 소자와 topology 설계에 필요하다."
addimport.data y points,data y points,P1,11,required,핵심 CAD·설계 영역,True,missing,missing,missing,"다각형, 회전과 공간 재료 표현은 실제 소자와 topology 설계에 필요하다."
addimport.data z points,data z points,P1,11,required,핵심 CAD·설계 영역,True,missing,missing,missing,"다각형, 회전과 공간 재료 표현은 실제 소자와 topology 설계에 필요하다."
addimport.detail,detail,P1,11,required,핵심 CAD·설계 영역,True,missing,missing,missing,"다각형, 회전과 공간 재료 표현은 실제 소자와 topology 설계에 필요하다."
addimport.dx,dx,P1,11,required,핵심 CAD·설계 영역,True,missing,missing,missing,"다각형, 회전과 공간 재료 표현은 실제 소자와 topology 설계에 필요하다."
addimport.dy,dy,P1,11,required,핵심 CAD·설계 영역,True,missing,missing,missing,"다각형, 회전과 공간 재료 표현은 실제 소자와 topology 설계에 필요하다."
addimport.dz,dz,P1,11,required,핵심 CAD·설계 영역,True,missing,missing,missing,"다각형, 회전과 공간 재료 표현은 실제 소자와 topology 설계에 필요하다."
addimport.enabled,enabled,P1,11,required,핵심 CAD·설계 영역,True,missing,missing,missing,"다각형, 회전과 공간 재료 표현은 실제 소자와 topology 설계에 필요하다."
addimport.first axis,first axis,P1,11,required,핵심 CAD·설계 영역,True,missing,missing,missing,"다각형, 회전과 공간 재료 표현은 실제 소자와 topology 설계에 필요하다."
addimport.grid attribute name,grid attribute name,P1,11,required,핵심 CAD·설계 영역,True,missing,missing,missing,"다각형, 회전과 공간 재료 표현은 실제 소자와 topology 설계에 필요하다."
addimport.hide data,hide data,P1,11,required,핵심 CAD·설계 영역,True,missing,missing,missing,"다각형, 회전과 공간 재료 표현은 실제 소자와 topology 설계에 필요하다."
addimport.import type,import type,P1,11,required,핵심 CAD·설계 영역,True,missing,missing,missing,"다각형, 회전과 공간 재료 표현은 실제 소자와 topology 설계에 필요하다."
addimport.index,index,P1,11,required,핵심 CAD·설계 영역,True,missing,missing,missing,"다각형, 회전과 공간 재료 표현은 실제 소자와 topology 설계에 필요하다."
addimport.index units,index units,P1,11,required,핵심 CAD·설계 영역,True,missing,missing,missing,"다각형, 회전과 공간 재료 표현은 실제 소자와 topology 설계에 필요하다."
addimport.lower ref height,lower ref height,P1,11,required,핵심 CAD·설계 영역,True,missing,missing,missing,"다각형, 회전과 공간 재료 표현은 실제 소자와 topology 설계에 필요하다."
addimport.material,material,P1,11,required,핵심 CAD·설계 영역,True,missing,missing,missing,"다각형, 회전과 공간 재료 표현은 실제 소자와 topology 설계에 필요하다."
addimport.mesh order,mesh order,P1,11,required,핵심 CAD·설계 영역,True,missing,missing,missing,"다각형, 회전과 공간 재료 표현은 실제 소자와 topology 설계에 필요하다."
addimport.name,name,P1,11,required,핵심 CAD·설계 영역,True,missing,missing,missing,"다각형, 회전과 공간 재료 표현은 실제 소자와 topology 설계에 필요하다."
addimport.not uniform scaling,not uniform scaling,P1,11,required,핵심 CAD·설계 영역,True,missing,missing,missing,"다각형, 회전과 공간 재료 표현은 실제 소자와 topology 설계에 필요하다."
addimport.override mesh order from material database,override mesh order from material database,P1,11,required,핵심 CAD·설계 영역,True,missing,missing,missing,"다각형, 회전과 공간 재료 표현은 실제 소자와 topology 설계에 필요하다."
addimport.ref height span,ref height span,P1,11,required,핵심 CAD·설계 영역,True,missing,missing,missing,"다각형, 회전과 공간 재료 표현은 실제 소자와 topology 설계에 필요하다."
addimport.rotation 1,rotation 1,P1,11,required,핵심 CAD·설계 영역,True,missing,missing,missing,"다각형, 회전과 공간 재료 표현은 실제 소자와 topology 설계에 필요하다."
addimport.rotation 2,rotation 2,P1,11,required,핵심 CAD·설계 영역,True,missing,missing,missing,"다각형, 회전과 공간 재료 표현은 실제 소자와 topology 설계에 필요하다."
addimport.rotation 3,rotation 3,P1,11,required,핵심 CAD·설계 영역,True,missing,missing,missing,"다각형, 회전과 공간 재료 표현은 실제 소자와 topology 설계에 필요하다."
addimport.second axis,second axis,P1,11,required,핵심 CAD·설계 영역,True,missing,missing,missing,"다각형, 회전과 공간 재료 표현은 실제 소자와 topology 설계에 필요하다."
addimport.set mesh order from material database,set mesh order from material database,P1,11,required,핵심 CAD·설계 영역,True,missing,missing,missing,"다각형, 회전과 공간 재료 표현은 실제 소자와 topology 설계에 필요하다."
addimport.third axis,third axis,P1,11,required,핵심 CAD·설계 영역,True,missing,missing,missing,"다각형, 회전과 공간 재료 표현은 실제 소자와 topology 설계에 필요하다."
addimport.threshold,threshold,P1,11,required,핵심 CAD·설계 영역,True,missing,missing,missing,"다각형, 회전과 공간 재료 표현은 실제 소자와 topology 설계에 필요하다."
addimport.type,type,P1,11,required,핵심 CAD·설계 영역,True,missing,missing,missing,"다각형, 회전과 공간 재료 표현은 실제 소자와 topology 설계에 필요하다."
addimport.uniform scaling,uniform scaling,P1,11,required,핵심 CAD·설계 영역,True,missing,missing,missing,"다각형, 회전과 공간 재료 표현은 실제 소자와 topology 설계에 필요하다."
addimport.upper ref height,upper ref height,P1,11,required,핵심 CAD·설계 영역,True,missing,missing,missing,"다각형, 회전과 공간 재료 표현은 실제 소자와 topology 설계에 필요하다."
addimport.use relative coordinates,use relative coordinates,P1,11,required,핵심 CAD·설계 영역,True,missing,missing,missing,"다각형, 회전과 공간 재료 표현은 실제 소자와 topology 설계에 필요하다."
addimport.x,x,P1,11,required,핵심 CAD·설계 영역,True,missing,missing,missing,"다각형, 회전과 공간 재료 표현은 실제 소자와 topology 설계에 필요하다."
addimport.x max,x max,P1,11,required,핵심 CAD·설계 영역,True,missing,missing,missing,"다각형, 회전과 공간 재료 표현은 실제 소자와 topology 설계에 필요하다."
addimport.x min,x min,P1,11,required,핵심 CAD·설계 영역,True,missing,missing,missing,"다각형, 회전과 공간 재료 표현은 실제 소자와 topology 설계에 필요하다."
addimport.x scale,x scale,P1,11,required,핵심 CAD·설계 영역,True,missing,missing,missing,"다각형, 회전과 공간 재료 표현은 실제 소자와 topology 설계에 필요하다."
addimport.x span,x span,P1,11,required,핵심 CAD·설계 영역,True,missing,missing,missing,"다각형, 회전과 공간 재료 표현은 실제 소자와 topology 설계에 필요하다."
addimport.y,y,P1,11,required,핵심 CAD·설계 영역,True,missing,missing,missing,"다각형, 회전과 공간 재료 표현은 실제 소자와 topology 설계에 필요하다."
addimport.y max,y max,P1,11,required,핵심 CAD·설계 영역,True,missing,missing,missing,"다각형, 회전과 공간 재료 표현은 실제 소자와 topology 설계에 필요하다."
addimport.y min,y min,P1,11,required,핵심 CAD·설계 영역,True,missing,missing,missing,"다각형, 회전과 공간 재료 표현은 실제 소자와 topology 설계에 필요하다."
addimport.y scale,y scale,P1,11,required,핵심 CAD·설계 영역,True,missing,missing,missing,"다각형, 회전과 공간 재료 표현은 실제 소자와 topology 설계에 필요하다."
addimport.y span,y span,P1,11,required,핵심 CAD·설계 영역,True,missing,missing,missing,"다각형, 회전과 공간 재료 표현은 실제 소자와 topology 설계에 필요하다."
addimport.z,z,P1,11,required,핵심 CAD·설계 영역,True,missing,missing,missing,"다각형, 회전과 공간 재료 표현은 실제 소자와 topology 설계에 필요하다."
addimport.z max,z max,P1,11,required,핵심 CAD·설계 영역,True,missing,missing,missing,"다각형, 회전과 공간 재료 표현은 실제 소자와 topology 설계에 필요하다."
addimport.z min,z min,P1,11,required,핵심 CAD·설계 영역,True,missing,missing,missing,"다각형, 회전과 공간 재료 표현은 실제 소자와 topology 설계에 필요하다."
addimport.z scale,z scale,P1,11,required,핵심 CAD·설계 영역,True,missing,missing,missing,"다각형, 회전과 공간 재료 표현은 실제 소자와 topology 설계에 필요하다."
addimport.z span,z span,P1,11,required,핵심 CAD·설계 영역,True,missing,missing,missing,"다각형, 회전과 공간 재료 표현은 실제 소자와 topology 설계에 필요하다."
addpoly.alpha,alpha,P1,11,required,핵심 CAD·설계 영역,True,missing,missing,missing,"다각형, 회전과 공간 재료 표현은 실제 소자와 topology 설계에 필요하다."
addpoly.detail,detail,P1,11,required,핵심 CAD·설계 영역,True,missing,missing,missing,"다각형, 회전과 공간 재료 표현은 실제 소자와 topology 설계에 필요하다."
addpoly.enabled,enabled,P1,11,required,핵심 CAD·설계 영역,False,implemented,implemented,implemented,"다각형, 회전과 공간 재료 표현은 실제 소자와 topology 설계에 필요하다."
addpoly.first axis,first axis,P1,11,required,핵심 CAD·설계 영역,False,implemented,implemented,implemented,"다각형, 회전과 공간 재료 표현은 실제 소자와 topology 설계에 필요하다."
addpoly.grid attribute name,grid attribute name,P1,11,required,핵심 CAD·설계 영역,True,missing,missing,missing,"다각형, 회전과 공간 재료 표현은 실제 소자와 topology 설계에 필요하다."
addpoly.index,index,P1,11,required,핵심 CAD·설계 영역,True,missing,missing,missing,"다각형, 회전과 공간 재료 표현은 실제 소자와 topology 설계에 필요하다."
addpoly.index units,index units,P1,11,required,핵심 CAD·설계 영역,True,missing,missing,missing,"다각형, 회전과 공간 재료 표현은 실제 소자와 topology 설계에 필요하다."
addpoly.material,material,P1,11,required,핵심 CAD·설계 영역,False,implemented,implemented,implemented,"다각형, 회전과 공간 재료 표현은 실제 소자와 topology 설계에 필요하다."
addpoly.mesh order,mesh order,P1,11,required,핵심 CAD·설계 영역,False,implemented,implemented,implemented,"다각형, 회전과 공간 재료 표현은 실제 소자와 topology 설계에 필요하다."
addpoly.name,name,P1,11,required,핵심 CAD·설계 영역,False,implemented,implemented,implemented,"다각형, 회전과 공간 재료 표현은 실제 소자와 topology 설계에 필요하다."
addpoly.override mesh order from material database,override mesh order from material database,P1,11,required,핵심 CAD·설계 영역,True,missing,missing,missing,"다각형, 회전과 공간 재료 표현은 실제 소자와 topology 설계에 필요하다."
addpoly.rotation 1,rotation 1,P1,11,required,핵심 CAD·설계 영역,False,implemented,implemented,implemented,"다각형, 회전과 공간 재료 표현은 실제 소자와 topology 설계에 필요하다."
addpoly.rotation 2,rotation 2,P1,11,required,핵심 CAD·설계 영역,False,implemented,implemented,implemented,"다각형, 회전과 공간 재료 표현은 실제 소자와 topology 설계에 필요하다."
addpoly.rotation 3,rotation 3,P1,11,required,핵심 CAD·설계 영역,False,implemented,implemented,implemented,"다각형, 회전과 공간 재료 표현은 실제 소자와 topology 설계에 필요하다."
addpoly.second axis,second axis,P1,11,required,핵심 CAD·설계 영역,False,implemented,implemented,implemented,"다각형, 회전과 공간 재료 표현은 실제 소자와 topology 설계에 필요하다."
addpoly.set mesh order from material database,set mesh order from material database,P1,11,required,핵심 CAD·설계 영역,True,missing,missing,missing,"다각형, 회전과 공간 재료 표현은 실제 소자와 topology 설계에 필요하다."
addpoly.third axis,third axis,P1,11,required,핵심 CAD·설계 영역,False,implemented,implemented,implemented,"다각형, 회전과 공간 재료 표현은 실제 소자와 topology 설계에 필요하다."
addpoly.type,type,P1,11,required,핵심 CAD·설계 영역,True,missing,missing,missing,"다각형, 회전과 공간 재료 표현은 실제 소자와 topology 설계에 필요하다."
addpoly.use relative coordinates,use relative coordinates,P1,11,required,핵심 CAD·설계 영역,True,missing,missing,missing,"다각형, 회전과 공간 재료 표현은 실제 소자와 topology 설계에 필요하다."
addpoly.vertices,vertices,P1,11,required,핵심 CAD·설계 영역,False,implemented,implemented,implemented,"다각형, 회전과 공간 재료 표현은 실제 소자와 topology 설계에 필요하다."
addpoly.x,x,P1,11,required,핵심 CAD·설계 영역,False,implemented,implemented,implemented,"다각형, 회전과 공간 재료 표현은 실제 소자와 topology 설계에 필요하다."
addpoly.y,y,P1,11,required,핵심 CAD·설계 영역,False,implemented,implemented,implemented,"다각형, 회전과 공간 재료 표현은 실제 소자와 topology 설계에 필요하다."
addpoly.z,z,P1,11,required,핵심 CAD·설계 영역,False,implemented,implemented,implemented,"다각형, 회전과 공간 재료 표현은 실제 소자와 topology 설계에 필요하다."
addpoly.z max,z max,P1,11,required,핵심 CAD·설계 영역,True,missing,missing,missing,"다각형, 회전과 공간 재료 표현은 실제 소자와 topology 설계에 필요하다."
addpoly.z min,z min,P1,11,required,핵심 CAD·설계 영역,True,missing,missing,missing,"다각형, 회전과 공간 재료 표현은 실제 소자와 topology 설계에 필요하다."
addpoly.z span,z span,P1,11,required,핵심 CAD·설계 영역,False,implemented,implemented,implemented,"다각형, 회전과 공간 재료 표현은 실제 소자와 topology 설계에 필요하다."
addrect.alpha,alpha,P1,11,required,핵심 CAD·설계 영역,True,missing,missing,missing,"다각형, 회전과 공간 재료 표현은 실제 소자와 topology 설계에 필요하다."
addrect.detail,detail,P1,11,required,핵심 CAD·설계 영역,True,missing,missing,missing,"다각형, 회전과 공간 재료 표현은 실제 소자와 topology 설계에 필요하다."
addrect.enabled,enabled,P1,11,required,핵심 CAD·설계 영역,False,implemented,implemented,implemented,"다각형, 회전과 공간 재료 표현은 실제 소자와 topology 설계에 필요하다."
addrect.first axis,first axis,P1,11,required,핵심 CAD·설계 영역,False,implemented,implemented,implemented,"다각형, 회전과 공간 재료 표현은 실제 소자와 topology 설계에 필요하다."
addrect.grid attribute name,grid attribute name,P1,11,required,핵심 CAD·설계 영역,True,missing,missing,missing,"다각형, 회전과 공간 재료 표현은 실제 소자와 topology 설계에 필요하다."
addrect.index,index,P1,11,required,핵심 CAD·설계 영역,True,partial,partial,implemented,"다각형, 회전과 공간 재료 표현은 실제 소자와 topology 설계에 필요하다."
addrect.index units,index units,P1,11,required,핵심 CAD·설계 영역,True,missing,missing,missing,"다각형, 회전과 공간 재료 표현은 실제 소자와 topology 설계에 필요하다."
addrect.material,material,P1,11,required,핵심 CAD·설계 영역,False,implemented,implemented,implemented,"다각형, 회전과 공간 재료 표현은 실제 소자와 topology 설계에 필요하다."
addrect.mesh order,mesh order,P1,11,required,핵심 CAD·설계 영역,False,implemented,implemented,implemented,"다각형, 회전과 공간 재료 표현은 실제 소자와 topology 설계에 필요하다."
addrect.name,name,P1,11,required,핵심 CAD·설계 영역,False,implemented,implemented,implemented,"다각형, 회전과 공간 재료 표현은 실제 소자와 topology 설계에 필요하다."
addrect.override mesh order from material database,override mesh order from material database,P1,11,required,핵심 CAD·설계 영역,True,missing,missing,missing,"다각형, 회전과 공간 재료 표현은 실제 소자와 topology 설계에 필요하다."
addrect.rotation 1,rotation 1,P1,11,required,핵심 CAD·설계 영역,False,implemented,implemented,implemented,"다각형, 회전과 공간 재료 표현은 실제 소자와 topology 설계에 필요하다."
addrect.rotation 2,rotation 2,P1,11,required,핵심 CAD·설계 영역,False,implemented,implemented,implemented,"다각형, 회전과 공간 재료 표현은 실제 소자와 topology 설계에 필요하다."
addrect.rotation 3,rotation 3,P1,11,required,핵심 CAD·설계 영역,False,implemented,implemented,implemented,"다각형, 회전과 공간 재료 표현은 실제 소자와 topology 설계에 필요하다."
addrect.second axis,second axis,P1,11,required,핵심 CAD·설계 영역,False,implemented,implemented,implemented,"다각형, 회전과 공간 재료 표현은 실제 소자와 topology 설계에 필요하다."
addrect.set mesh order from material database,set mesh order from material database,P1,11,required,핵심 CAD·설계 영역,True,missing,missing,missing,"다각형, 회전과 공간 재료 표현은 실제 소자와 topology 설계에 필요하다."
addrect.third axis,third axis,P1,11,required,핵심 CAD·설계 영역,False,implemented,implemented,implemented,"다각형, 회전과 공간 재료 표현은 실제 소자와 topology 설계에 필요하다."
addrect.type,type,P1,11,required,핵심 CAD·설계 영역,True,missing,missing,missing,"다각형, 회전과 공간 재료 표현은 실제 소자와 topology 설계에 필요하다."
addrect.use relative coordinates,use relative coordinates,P1,11,required,핵심 CAD·설계 영역,True,missing,missing,missing,"다각형, 회전과 공간 재료 표현은 실제 소자와 topology 설계에 필요하다."
addrect.x,x,P1,11,required,핵심 CAD·설계 영역,False,implemented,implemented,implemented,"다각형, 회전과 공간 재료 표현은 실제 소자와 topology 설계에 필요하다."
addrect.x max,x max,P1,11,required,핵심 CAD·설계 영역,True,missing,missing,missing,"다각형, 회전과 공간 재료 표현은 실제 소자와 topology 설계에 필요하다."
addrect.x min,x min,P1,11,required,핵심 CAD·설계 영역,True,missing,missing,missing,"다각형, 회전과 공간 재료 표현은 실제 소자와 topology 설계에 필요하다."
addrect.x span,x span,P1,11,required,핵심 CAD·설계 영역,False,implemented,implemented,implemented,"다각형, 회전과 공간 재료 표현은 실제 소자와 topology 설계에 필요하다."
addrect.y,y,P1,11,required,핵심 CAD·설계 영역,False,implemented,implemented,implemented,"다각형, 회전과 공간 재료 표현은 실제 소자와 topology 설계에 필요하다."
addrect.y max,y max,P1,11,required,핵심 CAD·설계 영역,True,missing,missing,missing,"다각형, 회전과 공간 재료 표현은 실제 소자와 topology 설계에 필요하다."
addrect.y min,y min,P1,11,required,핵심 CAD·설계 영역,True,missing,missing,missing,"다각형, 회전과 공간 재료 표현은 실제 소자와 topology 설계에 필요하다."
addrect.y span,y span,P1,11,required,핵심 CAD·설계 영역,False,implemented,implemented,implemented,"다각형, 회전과 공간 재료 표현은 실제 소자와 topology 설계에 필요하다."
addrect.z,z,P1,11,required,핵심 CAD·설계 영역,False,implemented,implemented,implemented,"다각형, 회전과 공간 재료 표현은 실제 소자와 topology 설계에 필요하다."
addrect.z max,z max,P1,11,required,핵심 CAD·설계 영역,True,missing,missing,missing,"다각형, 회전과 공간 재료 표현은 실제 소자와 topology 설계에 필요하다."
addrect.z min,z min,P1,11,required,핵심 CAD·설계 영역,True,missing,missing,missing,"다각형, 회전과 공간 재료 표현은 실제 소자와 topology 설계에 필요하다."
addrect.z span,z span,P1,11,required,핵심 CAD·설계 영역,False,implemented,implemented,implemented,"다각형, 회전과 공간 재료 표현은 실제 소자와 topology 설계에 필요하다."
addsphere.alpha,alpha,P1,11,required,핵심 CAD·설계 영역,True,missing,missing,missing,"다각형, 회전과 공간 재료 표현은 실제 소자와 topology 설계에 필요하다."
addsphere.detail,detail,P1,11,required,핵심 CAD·설계 영역,True,missing,missing,missing,"다각형, 회전과 공간 재료 표현은 실제 소자와 topology 설계에 필요하다."
addsphere.enabled,enabled,P1,11,required,핵심 CAD·설계 영역,False,implemented,implemented,implemented,"다각형, 회전과 공간 재료 표현은 실제 소자와 topology 설계에 필요하다."
addsphere.first axis,first axis,P1,11,required,핵심 CAD·설계 영역,False,implemented,implemented,implemented,"다각형, 회전과 공간 재료 표현은 실제 소자와 topology 설계에 필요하다."
addsphere.grid attribute name,grid attribute name,P1,11,required,핵심 CAD·설계 영역,True,missing,missing,missing,"다각형, 회전과 공간 재료 표현은 실제 소자와 topology 설계에 필요하다."
addsphere.index,index,P1,11,required,핵심 CAD·설계 영역,True,partial,partial,implemented,"다각형, 회전과 공간 재료 표현은 실제 소자와 topology 설계에 필요하다."
addsphere.index units,index units,P1,11,required,핵심 CAD·설계 영역,True,missing,missing,missing,"다각형, 회전과 공간 재료 표현은 실제 소자와 topology 설계에 필요하다."
addsphere.make ellipsoid,make ellipsoid,P1,11,required,핵심 CAD·설계 영역,False,implemented,implemented,implemented,"다각형, 회전과 공간 재료 표현은 실제 소자와 topology 설계에 필요하다."
addsphere.material,material,P1,11,required,핵심 CAD·설계 영역,False,implemented,implemented,implemented,"다각형, 회전과 공간 재료 표현은 실제 소자와 topology 설계에 필요하다."
addsphere.mesh order,mesh order,P1,11,required,핵심 CAD·설계 영역,False,implemented,implemented,implemented,"다각형, 회전과 공간 재료 표현은 실제 소자와 topology 설계에 필요하다."
addsphere.name,name,P1,11,required,핵심 CAD·설계 영역,False,implemented,implemented,implemented,"다각형, 회전과 공간 재료 표현은 실제 소자와 topology 설계에 필요하다."
addsphere.override mesh order from material database,override mesh order from material database,P1,11,required,핵심 CAD·설계 영역,True,missing,missing,missing,"다각형, 회전과 공간 재료 표현은 실제 소자와 topology 설계에 필요하다."
addsphere.radius,radius,P1,11,required,핵심 CAD·설계 영역,False,implemented,implemented,implemented,"다각형, 회전과 공간 재료 표현은 실제 소자와 topology 설계에 필요하다."
addsphere.radius 2,radius 2,P1,11,required,핵심 CAD·설계 영역,False,implemented,implemented,implemented,"다각형, 회전과 공간 재료 표현은 실제 소자와 topology 설계에 필요하다."
addsphere.radius 3,radius 3,P1,11,required,핵심 CAD·설계 영역,False,implemented,implemented,implemented,"다각형, 회전과 공간 재료 표현은 실제 소자와 topology 설계에 필요하다."
addsphere.rotation 1,rotation 1,P1,11,required,핵심 CAD·설계 영역,False,implemented,implemented,implemented,"다각형, 회전과 공간 재료 표현은 실제 소자와 topology 설계에 필요하다."
addsphere.rotation 2,rotation 2,P1,11,required,핵심 CAD·설계 영역,False,implemented,implemented,implemented,"다각형, 회전과 공간 재료 표현은 실제 소자와 topology 설계에 필요하다."
addsphere.rotation 3,rotation 3,P1,11,required,핵심 CAD·설계 영역,False,implemented,implemented,implemented,"다각형, 회전과 공간 재료 표현은 실제 소자와 topology 설계에 필요하다."
addsphere.second axis,second axis,P1,11,required,핵심 CAD·설계 영역,False,implemented,implemented,implemented,"다각형, 회전과 공간 재료 표현은 실제 소자와 topology 설계에 필요하다."
addsphere.set mesh order from material database,set mesh order from material database,P1,11,required,핵심 CAD·설계 영역,True,missing,missing,missing,"다각형, 회전과 공간 재료 표현은 실제 소자와 topology 설계에 필요하다."
addsphere.third axis,third axis,P1,11,required,핵심 CAD·설계 영역,False,implemented,implemented,implemented,"다각형, 회전과 공간 재료 표현은 실제 소자와 topology 설계에 필요하다."
addsphere.type,type,P1,11,required,핵심 CAD·설계 영역,True,missing,missing,missing,"다각형, 회전과 공간 재료 표현은 실제 소자와 topology 설계에 필요하다."
addsphere.use relative coordinates,use relative coordinates,P1,11,required,핵심 CAD·설계 영역,True,missing,missing,missing,"다각형, 회전과 공간 재료 표현은 실제 소자와 topology 설계에 필요하다."
addsphere.x,x,P1,11,required,핵심 CAD·설계 영역,False,implemented,implemented,implemented,"다각형, 회전과 공간 재료 표현은 실제 소자와 topology 설계에 필요하다."
addsphere.y,y,P1,11,required,핵심 CAD·설계 영역,False,implemented,implemented,implemented,"다각형, 회전과 공간 재료 표현은 실제 소자와 topology 설계에 필요하다."
addsphere.z,z,P1,11,required,핵심 CAD·설계 영역,False,implemented,implemented,implemented,"다각형, 회전과 공간 재료 표현은 실제 소자와 topology 설계에 필요하다."
addtriangle.alpha,alpha,P1,11,required,핵심 CAD·설계 영역,True,missing,missing,missing,"다각형, 회전과 공간 재료 표현은 실제 소자와 topology 설계에 필요하다."
addtriangle.detail,detail,P1,11,required,핵심 CAD·설계 영역,True,missing,missing,missing,"다각형, 회전과 공간 재료 표현은 실제 소자와 topology 설계에 필요하다."
addtriangle.enabled,enabled,P1,11,required,핵심 CAD·설계 영역,True,missing,missing,missing,"다각형, 회전과 공간 재료 표현은 실제 소자와 topology 설계에 필요하다."
addtriangle.first axis,first axis,P1,11,required,핵심 CAD·설계 영역,True,missing,missing,missing,"다각형, 회전과 공간 재료 표현은 실제 소자와 topology 설계에 필요하다."
addtriangle.grid attribute name,grid attribute name,P1,11,required,핵심 CAD·설계 영역,True,missing,missing,missing,"다각형, 회전과 공간 재료 표현은 실제 소자와 topology 설계에 필요하다."
addtriangle.index,index,P1,11,required,핵심 CAD·설계 영역,True,missing,missing,missing,"다각형, 회전과 공간 재료 표현은 실제 소자와 topology 설계에 필요하다."
addtriangle.index units,index units,P1,11,required,핵심 CAD·설계 영역,True,missing,missing,missing,"다각형, 회전과 공간 재료 표현은 실제 소자와 topology 설계에 필요하다."
addtriangle.material,material,P1,11,required,핵심 CAD·설계 영역,True,missing,missing,missing,"다각형, 회전과 공간 재료 표현은 실제 소자와 topology 설계에 필요하다."
addtriangle.mesh order,mesh order,P1,11,required,핵심 CAD·설계 영역,True,missing,missing,missing,"다각형, 회전과 공간 재료 표현은 실제 소자와 topology 설계에 필요하다."
addtriangle.name,name,P1,11,required,핵심 CAD·설계 영역,True,missing,missing,missing,"다각형, 회전과 공간 재료 표현은 실제 소자와 topology 설계에 필요하다."
addtriangle.override mesh order from material database,override mesh order from material database,P1,11,required,핵심 CAD·설계 영역,True,missing,missing,missing,"다각형, 회전과 공간 재료 표현은 실제 소자와 topology 설계에 필요하다."
addtriangle.rotation 1,rotation 1,P1,11,required,핵심 CAD·설계 영역,True,missing,missing,missing,"다각형, 회전과 공간 재료 표현은 실제 소자와 topology 설계에 필요하다."
addtriangle.rotation 2,rotation 2,P1,11,required,핵심 CAD·설계 영역,True,missing,missing,missing,"다각형, 회전과 공간 재료 표현은 실제 소자와 topology 설계에 필요하다."
addtriangle.rotation 3,rotation 3,P1,11,required,핵심 CAD·설계 영역,True,missing,missing,missing,"다각형, 회전과 공간 재료 표현은 실제 소자와 topology 설계에 필요하다."
addtriangle.second axis,second axis,P1,11,required,핵심 CAD·설계 영역,True,missing,missing,missing,"다각형, 회전과 공간 재료 표현은 실제 소자와 topology 설계에 필요하다."
addtriangle.set mesh order from material database,set mesh order from material database,P1,11,required,핵심 CAD·설계 영역,True,missing,missing,missing,"다각형, 회전과 공간 재료 표현은 실제 소자와 topology 설계에 필요하다."
addtriangle.third axis,third axis,P1,11,required,핵심 CAD·설계 영역,True,missing,missing,missing,"다각형, 회전과 공간 재료 표현은 실제 소자와 topology 설계에 필요하다."
addtriangle.type,type,P1,11,required,핵심 CAD·설계 영역,True,missing,missing,missing,"다각형, 회전과 공간 재료 표현은 실제 소자와 topology 설계에 필요하다."
addtriangle.use relative coordinates,use relative coordinates,P1,11,required,핵심 CAD·설계 영역,True,missing,missing,missing,"다각형, 회전과 공간 재료 표현은 실제 소자와 topology 설계에 필요하다."
addtriangle.vertices,vertices,P1,11,required,핵심 CAD·설계 영역,True,missing,missing,missing,"다각형, 회전과 공간 재료 표현은 실제 소자와 topology 설계에 필요하다."
addtriangle.x,x,P1,11,required,핵심 CAD·설계 영역,True,missing,missing,missing,"다각형, 회전과 공간 재료 표현은 실제 소자와 topology 설계에 필요하다."
addtriangle.y,y,P1,11,required,핵심 CAD·설계 영역,True,missing,missing,missing,"다각형, 회전과 공간 재료 표현은 실제 소자와 topology 설계에 필요하다."
addtriangle.z,z,P1,11,required,핵심 CAD·설계 영역,True,missing,missing,missing,"다각형, 회전과 공간 재료 표현은 실제 소자와 topology 설계에 필요하다."
addtriangle.z max,z max,P1,11,required,핵심 CAD·설계 영역,True,missing,missing,missing,"다각형, 회전과 공간 재료 표현은 실제 소자와 topology 설계에 필요하다."
addtriangle.z min,z min,P1,11,required,핵심 CAD·설계 영역,True,missing,missing,missing,"다각형, 회전과 공간 재료 표현은 실제 소자와 topology 설계에 필요하다."
addtriangle.z span,z span,P1,11,required,핵심 CAD·설계 영역,True,missing,missing,missing,"다각형, 회전과 공간 재료 표현은 실제 소자와 topology 설계에 필요하다."
cad.arrays,배열·패턴,P1,11,required,핵심 CAD·설계 영역,True,missing,missing,missing,"다각형, 회전과 공간 재료 표현은 실제 소자와 topology 설계에 필요하다."
cad.ellipse,타원·타원체,P1,11,required,핵심 CAD·설계 영역,False,implemented,implemented,implemented,"다각형, 회전과 공간 재료 표현은 실제 소자와 topology 설계에 필요하다."
cad.gds,GDSII,P1,11,required,핵심 CAD·설계 영역,True,partial,partial,implemented,"다각형, 회전과 공간 재료 표현은 실제 소자와 topology 설계에 필요하다."
cad.image_geometry,이미지·binary geometry import,P1,11,required,핵심 CAD·설계 영역,True,missing,missing,missing,"다각형, 회전과 공간 재료 표현은 실제 소자와 topology 설계에 필요하다."
cad.polygon,다각형 extrusion,P1,11,required,핵심 CAD·설계 영역,False,implemented,implemented,implemented,"다각형, 회전과 공간 재료 표현은 실제 소자와 topology 설계에 필요하다."
cad.rotation3,3축 Euler 회전,P1,11,required,핵심 CAD·설계 영역,False,implemented,implemented,implemented,"다각형, 회전과 공간 재료 표현은 실제 소자와 topology 설계에 필요하다."
cad.spatial_index,공간 n/k import,P1,11,required,핵심 CAD·설계 영역,True,missing,missing,missing,"다각형, 회전과 공간 재료 표현은 실제 소자와 topology 설계에 필요하다."
cad.triangle,삼각형,P1,11,required,핵심 CAD·설계 영역,False,implemented,implemented,implemented,"다각형, 회전과 공간 재료 표현은 실제 소자와 topology 설계에 필요하다."
addanalysisgroup.analysis script,analysis script,P2,12,required,사용성·자동화,True,missing,missing,missing,"결과 탐색, GUI sweep, 그룹과 checkpoint는 연구 생산성을 높인다."
addanalysisgroup.enabled,enabled,P2,12,required,사용성·자동화,True,missing,missing,missing,"결과 탐색, GUI sweep, 그룹과 checkpoint는 연구 생산성을 높인다."
addanalysisgroup.name,name,P2,12,required,사용성·자동화,True,missing,missing,missing,"결과 탐색, GUI sweep, 그룹과 checkpoint는 연구 생산성을 높인다."
addanalysisgroup.setup script,setup script,P2,12,required,사용성·자동화,True,missing,missing,missing,"결과 탐색, GUI sweep, 그룹과 checkpoint는 연구 생산성을 높인다."
addanalysisgroup.type,type,P2,12,required,사용성·자동화,True,missing,missing,missing,"결과 탐색, GUI sweep, 그룹과 checkpoint는 연구 생산성을 높인다."
addanalysisgroup.use relative coordinates,use relative coordinates,P2,12,required,사용성·자동화,True,missing,missing,missing,"결과 탐색, GUI sweep, 그룹과 checkpoint는 연구 생산성을 높인다."
addanalysisgroup.x,x,P2,12,required,사용성·자동화,True,missing,missing,missing,"결과 탐색, GUI sweep, 그룹과 checkpoint는 연구 생산성을 높인다."
addanalysisgroup.y,y,P2,12,required,사용성·자동화,True,missing,missing,missing,"결과 탐색, GUI sweep, 그룹과 checkpoint는 연구 생산성을 높인다."
addanalysisgroup.z,z,P2,12,required,사용성·자동화,True,missing,missing,missing,"결과 탐색, GUI sweep, 그룹과 checkpoint는 연구 생산성을 높인다."
addfdtd.allow symmetry on all boundaries,allow symmetry on all boundaries,P2,12,required,사용성·자동화,True,missing,missing,missing,"결과 탐색, GUI sweep, 그룹과 checkpoint는 연구 생산성을 높인다."
addfdtd.always use complex fields,always use complex fields,P2,12,required,사용성·자동화,True,missing,missing,missing,"결과 탐색, GUI sweep, 그룹과 checkpoint는 연구 생산성을 높인다."
addfdtd.auto scale pml parameters,auto scale pml parameters,P2,12,required,사용성·자동화,True,missing,missing,missing,"결과 탐색, GUI sweep, 그룹과 checkpoint는 연구 생산성을 높인다."
addfdtd.background material,background material,P2,12,required,사용성·자동화,True,missing,missing,missing,"결과 탐색, GUI sweep, 그룹과 checkpoint는 연구 생산성을 높인다."
addfdtd.bfast alpha,bfast alpha,P2,12,required,사용성·자동화,True,missing,missing,missing,"결과 탐색, GUI sweep, 그룹과 checkpoint는 연구 생산성을 높인다."
addfdtd.bfast dt multiplier,bfast dt multiplier,P2,12,required,사용성·자동화,True,missing,missing,missing,"결과 탐색, GUI sweep, 그룹과 checkpoint는 연구 생산성을 높인다."
addfdtd.checkpoint at shutoff,checkpoint at shutoff,P2,12,required,사용성·자동화,True,missing,missing,missing,"결과 탐색, GUI sweep, 그룹과 checkpoint는 연구 생산성을 높인다."
addfdtd.checkpoint during simulation,checkpoint during simulation,P2,12,required,사용성·자동화,True,missing,missing,missing,"결과 탐색, GUI sweep, 그룹과 checkpoint는 연구 생산성을 높인다."
addfdtd.checkpoint period,checkpoint period,P2,12,required,사용성·자동화,True,missing,missing,missing,"결과 탐색, GUI sweep, 그룹과 checkpoint는 연구 생산성을 높인다."
addfdtd.dimension,dimension,P2,12,required,사용성·자동화,False,implemented,implemented,implemented,"결과 탐색, GUI sweep, 그룹과 checkpoint는 연구 생산성을 높인다."
addfdtd.direction,direction,P2,12,required,사용성·자동화,True,missing,missing,missing,"결과 탐색, GUI sweep, 그룹과 checkpoint는 연구 생산성을 높인다."
addfdtd.dt,dt,P2,12,required,사용성·자동화,False,implemented,implemented,implemented,"결과 탐색, GUI sweep, 그룹과 checkpoint는 연구 생산성을 높인다."
addfdtd.enabled,enabled,P2,12,required,사용성·자동화,True,missing,missing,missing,"결과 탐색, GUI sweep, 그룹과 checkpoint는 연구 생산성을 높인다."
addfdtd.extend structure through pml,extend structure through pml,P2,12,required,사용성·자동화,True,missing,missing,missing,"결과 탐색, GUI sweep, 그룹과 checkpoint는 연구 생산성을 높인다."
addfdtd.index,index,P2,12,required,사용성·자동화,False,implemented,implemented,implemented,"결과 탐색, GUI sweep, 그룹과 checkpoint는 연구 생산성을 높인다."
addfdtd.injection axis,injection axis,P2,12,required,사용성·자동화,True,missing,missing,missing,"결과 탐색, GUI sweep, 그룹과 checkpoint는 연구 생산성을 높인다."
addfdtd.kx,kx,P2,12,required,사용성·자동화,True,partial,partial,implemented,"결과 탐색, GUI sweep, 그룹과 checkpoint는 연구 생산성을 높인다."
addfdtd.ky,ky,P2,12,required,사용성·자동화,True,partial,partial,implemented,"결과 탐색, GUI sweep, 그룹과 checkpoint는 연구 생산성을 높인다."
addfdtd.kz,kz,P2,12,required,사용성·자동화,True,partial,partial,implemented,"결과 탐색, GUI sweep, 그룹과 checkpoint는 연구 생산성을 높인다."
addfdtd.max source time signal length,max source time signal length,P2,12,required,사용성·자동화,True,missing,missing,missing,"결과 탐색, GUI sweep, 그룹과 checkpoint는 연구 생산성을 높인다."
addfdtd.name,name,P2,12,required,사용성·자동화,True,missing,missing,missing,"결과 탐색, GUI sweep, 그룹과 checkpoint는 연구 생산성을 높인다."
addfdtd.nx,nx,P2,12,required,사용성·자동화,True,missing,missing,missing,"결과 탐색, GUI sweep, 그룹과 checkpoint는 연구 생산성을 높인다."
addfdtd.ny,ny,P2,12,required,사용성·자동화,True,missing,missing,missing,"결과 탐색, GUI sweep, 그룹과 checkpoint는 연구 생산성을 높인다."
addfdtd.nz,nz,P2,12,required,사용성·자동화,True,missing,missing,missing,"결과 탐색, GUI sweep, 그룹과 checkpoint는 연구 생산성을 높인다."
addfdtd.param1,param1,P2,12,required,사용성·자동화,True,missing,missing,missing,"결과 탐색, GUI sweep, 그룹과 checkpoint는 연구 생산성을 높인다."
addfdtd.param2,param2,P2,12,required,사용성·자동화,True,missing,missing,missing,"결과 탐색, GUI sweep, 그룹과 checkpoint는 연구 생산성을 높인다."
addfdtd.pml alpha,pml alpha,P2,12,required,사용성·자동화,True,partial,partial,implemented,"결과 탐색, GUI sweep, 그룹과 checkpoint는 연구 생산성을 높인다."
addfdtd.pml alpha polynomial,pml alpha polynomial,P2,12,required,사용성·자동화,True,partial,partial,implemented,"결과 탐색, GUI sweep, 그룹과 checkpoint는 연구 생산성을 높인다."
addfdtd.pml kappa,pml kappa,P2,12,required,사용성·자동화,True,partial,partial,implemented,"결과 탐색, GUI sweep, 그룹과 checkpoint는 연구 생산성을 높인다."
addfdtd.pml layers,pml layers,P2,12,required,사용성·자동화,True,partial,partial,implemented,"결과 탐색, GUI sweep, 그룹과 checkpoint는 연구 생산성을 높인다."
addfdtd.pml max layers,pml max layers,P2,12,required,사용성·자동화,True,missing,missing,missing,"결과 탐색, GUI sweep, 그룹과 checkpoint는 연구 생산성을 높인다."
addfdtd.pml min layers,pml min layers,P2,12,required,사용성·자동화,True,missing,missing,missing,"결과 탐색, GUI sweep, 그룹과 checkpoint는 연구 생산성을 높인다."
addfdtd.pml polynomial,pml polynomial,P2,12,required,사용성·자동화,True,partial,partial,implemented,"결과 탐색, GUI sweep, 그룹과 checkpoint는 연구 생산성을 높인다."
addfdtd.pml profile,pml profile,P2,12,required,사용성·자동화,True,missing,missing,missing,"결과 탐색, GUI sweep, 그룹과 checkpoint는 연구 생산성을 높인다."
addfdtd.pml sigma,pml sigma,P2,12,required,사용성·자동화,True,partial,partial,implemented,"결과 탐색, GUI sweep, 그룹과 checkpoint는 연구 생산성을 높인다."
addfdtd.pml type,pml type,P2,12,required,사용성·자동화,True,missing,missing,missing,"결과 탐색, GUI sweep, 그룹과 checkpoint는 연구 생산성을 높인다."
addfdtd.same settings on all boundaries,same settings on all boundaries,P2,12,required,사용성·자동화,True,missing,missing,missing,"결과 탐색, GUI sweep, 그룹과 checkpoint는 연구 생산성을 높인다."
addfdtd.set simulation bandwidth,set simulation bandwidth,P2,12,required,사용성·자동화,True,missing,missing,missing,"결과 탐색, GUI sweep, 그룹과 checkpoint는 연구 생산성을 높인다."
addfdtd.simulation frequency max,simulation frequency max,P2,12,required,사용성·자동화,True,missing,missing,missing,"결과 탐색, GUI sweep, 그룹과 checkpoint는 연구 생산성을 높인다."
addfdtd.simulation frequency min,simulation frequency min,P2,12,required,사용성·자동화,True,missing,missing,missing,"결과 탐색, GUI sweep, 그룹과 checkpoint는 연구 생산성을 높인다."
addfdtd.simulation temperature,simulation temperature,P2,12,required,사용성·자동화,True,missing,missing,missing,"결과 탐색, GUI sweep, 그룹과 checkpoint는 연구 생산성을 높인다."
addfdtd.simulation wavelength max,simulation wavelength max,P2,12,required,사용성·자동화,True,missing,missing,missing,"결과 탐색, GUI sweep, 그룹과 checkpoint는 연구 생산성을 높인다."
addfdtd.simulation wavelength min,simulation wavelength min,P2,12,required,사용성·자동화,True,missing,missing,missing,"결과 탐색, GUI sweep, 그룹과 checkpoint는 연구 생산성을 높인다."
addfdtd.snap pec to yee cell boundary,snap pec to yee cell boundary,P2,12,required,사용성·자동화,True,missing,missing,missing,"결과 탐색, GUI sweep, 그룹과 checkpoint는 연구 생산성을 높인다."
addfdtd.source index,source index,P2,12,required,사용성·자동화,True,missing,missing,missing,"결과 탐색, GUI sweep, 그룹과 checkpoint는 연구 생산성을 높인다."
addfdtd.type,type,P2,12,required,사용성·자동화,True,missing,missing,missing,"결과 탐색, GUI sweep, 그룹과 checkpoint는 연구 생산성을 높인다."
addfdtd.use bfast fdtd,use bfast fdtd,P2,12,required,사용성·자동화,True,missing,missing,missing,"결과 탐색, GUI sweep, 그룹과 checkpoint는 연구 생산성을 높인다."
addfdtd.use relative coordinates,use relative coordinates,P2,12,required,사용성·자동화,True,missing,missing,missing,"결과 탐색, GUI sweep, 그룹과 checkpoint는 연구 생산성을 높인다."
addfdtd.x,x,P2,12,required,사용성·자동화,True,missing,missing,missing,"결과 탐색, GUI sweep, 그룹과 checkpoint는 연구 생산성을 높인다."
addfdtd.x max,x max,P2,12,required,사용성·자동화,True,missing,missing,missing,"결과 탐색, GUI sweep, 그룹과 checkpoint는 연구 생산성을 높인다."
addfdtd.x max bc,x max bc,P2,12,required,사용성·자동화,True,partial,partial,implemented,"결과 탐색, GUI sweep, 그룹과 checkpoint는 연구 생산성을 높인다."
addfdtd.x min,x min,P2,12,required,사용성·자동화,True,missing,missing,missing,"결과 탐색, GUI sweep, 그룹과 checkpoint는 연구 생산성을 높인다."
addfdtd.x min bc,x min bc,P2,12,required,사용성·자동화,True,partial,partial,implemented,"결과 탐색, GUI sweep, 그룹과 checkpoint는 연구 생산성을 높인다."
addfdtd.x span,x span,P2,12,required,사용성·자동화,False,implemented,implemented,implemented,"결과 탐색, GUI sweep, 그룹과 checkpoint는 연구 생산성을 높인다."
addfdtd.y,y,P2,12,required,사용성·자동화,True,missing,missing,missing,"결과 탐색, GUI sweep, 그룹과 checkpoint는 연구 생산성을 높인다."
addfdtd.y max,y max,P2,12,required,사용성·자동화,True,missing,missing,missing,"결과 탐색, GUI sweep, 그룹과 checkpoint는 연구 생산성을 높인다."
addfdtd.y max bc,y max bc,P2,12,required,사용성·자동화,True,partial,partial,implemented,"결과 탐색, GUI sweep, 그룹과 checkpoint는 연구 생산성을 높인다."
addfdtd.y min,y min,P2,12,required,사용성·자동화,True,missing,missing,missing,"결과 탐색, GUI sweep, 그룹과 checkpoint는 연구 생산성을 높인다."
addfdtd.y min bc,y min bc,P2,12,required,사용성·자동화,True,partial,partial,implemented,"결과 탐색, GUI sweep, 그룹과 checkpoint는 연구 생산성을 높인다."
addfdtd.y span,y span,P2,12,required,사용성·자동화,False,implemented,implemented,implemented,"결과 탐색, GUI sweep, 그룹과 checkpoint는 연구 생산성을 높인다."
addfdtd.z,z,P2,12,required,사용성·자동화,True,missing,missing,missing,"결과 탐색, GUI sweep, 그룹과 checkpoint는 연구 생산성을 높인다."
addfdtd.z max,z max,P2,12,required,사용성·자동화,True,missing,missing,missing,"결과 탐색, GUI sweep, 그룹과 checkpoint는 연구 생산성을 높인다."
addfdtd.z max bc,z max bc,P2,12,required,사용성·자동화,True,partial,partial,implemented,"결과 탐색, GUI sweep, 그룹과 checkpoint는 연구 생산성을 높인다."
addfdtd.z min,z min,P2,12,required,사용성·자동화,True,missing,missing,missing,"결과 탐색, GUI sweep, 그룹과 checkpoint는 연구 생산성을 높인다."
addfdtd.z min bc,z min bc,P2,12,required,사용성·자동화,True,partial,partial,implemented,"결과 탐색, GUI sweep, 그룹과 checkpoint는 연구 생산성을 높인다."
addfdtd.z span,z span,P2,12,required,사용성·자동화,False,implemented,implemented,implemented,"결과 탐색, GUI sweep, 그룹과 checkpoint는 연구 생산성을 높인다."
addgroup.enabled,enabled,P2,12,required,사용성·자동화,True,missing,missing,missing,"결과 탐색, GUI sweep, 그룹과 checkpoint는 연구 생산성을 높인다."
addgroup.name,name,P2,12,required,사용성·자동화,True,missing,missing,missing,"결과 탐색, GUI sweep, 그룹과 checkpoint는 연구 생산성을 높인다."
addgroup.type,type,P2,12,required,사용성·자동화,True,missing,missing,missing,"결과 탐색, GUI sweep, 그룹과 checkpoint는 연구 생산성을 높인다."
addgroup.use relative coordinates,use relative coordinates,P2,12,required,사용성·자동화,True,missing,missing,missing,"결과 탐색, GUI sweep, 그룹과 checkpoint는 연구 생산성을 높인다."
addgroup.x,x,P2,12,required,사용성·자동화,True,missing,missing,missing,"결과 탐색, GUI sweep, 그룹과 checkpoint는 연구 생산성을 높인다."
addgroup.y,y,P2,12,required,사용성·자동화,True,missing,missing,missing,"결과 탐색, GUI sweep, 그룹과 checkpoint는 연구 생산성을 높인다."
addgroup.z,z,P2,12,required,사용성·자동화,True,missing,missing,missing,"결과 탐색, GUI sweep, 그룹과 checkpoint는 연구 생산성을 높인다."
addmovie.TE field component,TE field component,P2,12,required,사용성·자동화,True,missing,missing,missing,"결과 탐색, GUI sweep, 그룹과 checkpoint는 연구 생산성을 높인다."
addmovie.TM field component,TM field component,P2,12,required,사용성·자동화,True,missing,missing,missing,"결과 탐색, GUI sweep, 그룹과 checkpoint는 연구 생산성을 높인다."
addmovie.down sample X,down sample X,P2,12,required,사용성·자동화,True,missing,missing,missing,"결과 탐색, GUI sweep, 그룹과 checkpoint는 연구 생산성을 높인다."
addmovie.down sample Y,down sample Y,P2,12,required,사용성·자동화,True,missing,missing,missing,"결과 탐색, GUI sweep, 그룹과 checkpoint는 연구 생산성을 높인다."
addmovie.down sample Z,down sample Z,P2,12,required,사용성·자동화,True,missing,missing,missing,"결과 탐색, GUI sweep, 그룹과 checkpoint는 연구 생산성을 높인다."
addmovie.down sample time,down sample time,P2,12,required,사용성·자동화,True,missing,missing,missing,"결과 탐색, GUI sweep, 그룹과 checkpoint는 연구 생산성을 높인다."
addmovie.draw structure outline,draw structure outline,P2,12,required,사용성·자동화,True,missing,missing,missing,"결과 탐색, GUI sweep, 그룹과 checkpoint는 연구 생산성을 높인다."
addmovie.enabled,enabled,P2,12,required,사용성·자동화,True,missing,missing,missing,"결과 탐색, GUI sweep, 그룹과 checkpoint는 연구 생산성을 높인다."
addmovie.field component,field component,P2,12,required,사용성·자동화,True,missing,missing,missing,"결과 탐색, GUI sweep, 그룹과 checkpoint는 연구 생산성을 높인다."
addmovie.frame rate,frame rate,P2,12,required,사용성·자동화,True,missing,missing,missing,"결과 탐색, GUI sweep, 그룹과 checkpoint는 연구 생산성을 높인다."
addmovie.horizontal resolution,horizontal resolution,P2,12,required,사용성·자동화,True,missing,missing,missing,"결과 탐색, GUI sweep, 그룹과 checkpoint는 연구 생산성을 높인다."
addmovie.lock aspect ratio,lock aspect ratio,P2,12,required,사용성·자동화,True,missing,missing,missing,"결과 탐색, GUI sweep, 그룹과 checkpoint는 연구 생산성을 높인다."
addmovie.min sampling per cycle,min sampling per cycle,P2,12,required,사용성·자동화,True,missing,missing,missing,"결과 탐색, GUI sweep, 그룹과 checkpoint는 연구 생산성을 높인다."
addmovie.monitor type,monitor type,P2,12,required,사용성·자동화,True,missing,missing,missing,"결과 탐색, GUI sweep, 그룹과 checkpoint는 연구 생산성을 높인다."
addmovie.name,name,P2,12,required,사용성·자동화,True,missing,missing,missing,"결과 탐색, GUI sweep, 그룹과 checkpoint는 연구 생산성을 높인다."
addmovie.record data in pml,record data in pml,P2,12,required,사용성·자동화,True,missing,missing,missing,"결과 탐색, GUI sweep, 그룹과 checkpoint는 연구 생산성을 높인다."
addmovie.sampling rate,sampling rate,P2,12,required,사용성·자동화,True,missing,missing,missing,"결과 탐색, GUI sweep, 그룹과 checkpoint는 연구 생산성을 높인다."
addmovie.scale,scale,P2,12,required,사용성·자동화,True,missing,missing,missing,"결과 탐색, GUI sweep, 그룹과 checkpoint는 연구 생산성을 높인다."
addmovie.simulation type,simulation type,P2,12,required,사용성·자동화,True,missing,missing,missing,"결과 탐색, GUI sweep, 그룹과 checkpoint는 연구 생산성을 높인다."
addmovie.spatial interpolation,spatial interpolation,P2,12,required,사용성·자동화,True,missing,missing,missing,"결과 탐색, GUI sweep, 그룹과 checkpoint는 연구 생산성을 높인다."
addmovie.type,type,P2,12,required,사용성·자동화,True,missing,missing,missing,"결과 탐색, GUI sweep, 그룹과 checkpoint는 연구 생산성을 높인다."
addmovie.use relative coordinates,use relative coordinates,P2,12,required,사용성·자동화,True,missing,missing,missing,"결과 탐색, GUI sweep, 그룹과 checkpoint는 연구 생산성을 높인다."
addmovie.vertical resolution,vertical resolution,P2,12,required,사용성·자동화,True,missing,missing,missing,"결과 탐색, GUI sweep, 그룹과 checkpoint는 연구 생산성을 높인다."
addmovie.x,x,P2,12,required,사용성·자동화,True,missing,missing,missing,"결과 탐색, GUI sweep, 그룹과 checkpoint는 연구 생산성을 높인다."
addmovie.x max,x max,P2,12,required,사용성·자동화,True,missing,missing,missing,"결과 탐색, GUI sweep, 그룹과 checkpoint는 연구 생산성을 높인다."
addmovie.x min,x min,P2,12,required,사용성·자동화,True,missing,missing,missing,"결과 탐색, GUI sweep, 그룹과 checkpoint는 연구 생산성을 높인다."
addmovie.x span,x span,P2,12,required,사용성·자동화,True,missing,missing,missing,"결과 탐색, GUI sweep, 그룹과 checkpoint는 연구 생산성을 높인다."
addmovie.y,y,P2,12,required,사용성·자동화,True,missing,missing,missing,"결과 탐색, GUI sweep, 그룹과 checkpoint는 연구 생산성을 높인다."
addmovie.y max,y max,P2,12,required,사용성·자동화,True,missing,missing,missing,"결과 탐색, GUI sweep, 그룹과 checkpoint는 연구 생산성을 높인다."
addmovie.y min,y min,P2,12,required,사용성·자동화,True,missing,missing,missing,"결과 탐색, GUI sweep, 그룹과 checkpoint는 연구 생산성을 높인다."
addmovie.y span,y span,P2,12,required,사용성·자동화,True,missing,missing,missing,"결과 탐색, GUI sweep, 그룹과 checkpoint는 연구 생산성을 높인다."
addmovie.z,z,P2,12,required,사용성·자동화,True,missing,missing,missing,"결과 탐색, GUI sweep, 그룹과 checkpoint는 연구 생산성을 높인다."
addmovie.z max,z max,P2,12,required,사용성·자동화,True,missing,missing,missing,"결과 탐색, GUI sweep, 그룹과 checkpoint는 연구 생산성을 높인다."
addmovie.z min,z min,P2,12,required,사용성·자동화,True,missing,missing,missing,"결과 탐색, GUI sweep, 그룹과 checkpoint는 연구 생산성을 높인다."
addmovie.z span,z span,P2,12,required,사용성·자동화,True,missing,missing,missing,"결과 탐색, GUI sweep, 그룹과 checkpoint는 연구 생산성을 높인다."
addstructuregroup.enabled,enabled,P2,12,required,사용성·자동화,True,missing,missing,missing,"결과 탐색, GUI sweep, 그룹과 checkpoint는 연구 생산성을 높인다."
addstructuregroup.first axis,first axis,P2,12,required,사용성·자동화,True,missing,missing,missing,"결과 탐색, GUI sweep, 그룹과 checkpoint는 연구 생산성을 높인다."
addstructuregroup.name,name,P2,12,required,사용성·자동화,True,missing,missing,missing,"결과 탐색, GUI sweep, 그룹과 checkpoint는 연구 생산성을 높인다."
addstructuregroup.rotation 1,rotation 1,P2,12,required,사용성·자동화,True,missing,missing,missing,"결과 탐색, GUI sweep, 그룹과 checkpoint는 연구 생산성을 높인다."
addstructuregroup.rotation 2,rotation 2,P2,12,required,사용성·자동화,True,missing,missing,missing,"결과 탐색, GUI sweep, 그룹과 checkpoint는 연구 생산성을 높인다."
addstructuregroup.rotation 3,rotation 3,P2,12,required,사용성·자동화,True,missing,missing,missing,"결과 탐색, GUI sweep, 그룹과 checkpoint는 연구 생산성을 높인다."
addstructuregroup.script,script,P2,12,required,사용성·자동화,True,missing,missing,missing,"결과 탐색, GUI sweep, 그룹과 checkpoint는 연구 생산성을 높인다."
addstructuregroup.second axis,second axis,P2,12,required,사용성·자동화,True,missing,missing,missing,"결과 탐색, GUI sweep, 그룹과 checkpoint는 연구 생산성을 높인다."
addstructuregroup.third axis,third axis,P2,12,required,사용성·자동화,True,missing,missing,missing,"결과 탐색, GUI sweep, 그룹과 checkpoint는 연구 생산성을 높인다."
addstructuregroup.type,type,P2,12,required,사용성·자동화,True,missing,missing,missing,"결과 탐색, GUI sweep, 그룹과 checkpoint는 연구 생산성을 높인다."
addstructuregroup.use relative coordinates,use relative coordinates,P2,12,required,사용성·자동화,True,missing,missing,missing,"결과 탐색, GUI sweep, 그룹과 checkpoint는 연구 생산성을 높인다."
addstructuregroup.x,x,P2,12,required,사용성·자동화,True,missing,missing,missing,"결과 탐색, GUI sweep, 그룹과 checkpoint는 연구 생산성을 높인다."
addstructuregroup.y,y,P2,12,required,사용성·자동화,True,missing,missing,missing,"결과 탐색, GUI sweep, 그룹과 checkpoint는 연구 생산성을 높인다."
addstructuregroup.z,z,P2,12,required,사용성·자동화,True,missing,missing,missing,"결과 탐색, GUI sweep, 그룹과 checkpoint는 연구 생산성을 높인다."
cad.assembly,Assembly·component,P2,12,required,사용성·자동화,True,missing,missing,missing,"결과 탐색, GUI sweep, 그룹과 checkpoint는 연구 생산성을 높인다."
cad.group_script,구조 생성 script·user properties,P2,12,required,사용성·자동화,True,missing,missing,missing,"결과 탐색, GUI sweep, 그룹과 checkpoint는 연구 생산성을 높인다."
cad.groups,계층 structure group,P2,12,required,사용성·자동화,True,missing,missing,missing,"결과 탐색, GUI sweep, 그룹과 checkpoint는 연구 생산성을 높인다."
monitor.averaging,부분·전체 spectral averaging,P2,12,required,사용성·자동화,True,missing,missing,missing,"결과 탐색, GUI sweep, 그룹과 checkpoint는 연구 생산성을 높인다."
monitor.movie,독립 movie monitor,P2,12,required,사용성·자동화,True,missing,missing,missing,"결과 탐색, GUI sweep, 그룹과 checkpoint는 연구 생산성을 높인다."
workflow.checkpoint,Checkpoint·restart,P2,12,required,사용성·자동화,True,partial,partial,missing,"결과 탐색, GUI sweep, 그룹과 checkpoint는 연구 생산성을 높인다."
workflow.datasets,Rectilinear/unstructured dataset API,P2,12,required,사용성·자동화,True,missing,missing,missing,"결과 탐색, GUI sweep, 그룹과 checkpoint는 연구 생산성을 높인다."
workflow.monte_carlo,Monte Carlo·yield,P2,12,required,사용성·자동화,True,missing,missing,missing,"결과 탐색, GUI sweep, 그룹과 checkpoint는 연구 생산성을 높인다."
workflow.nested_sweep,Nested sweep,P2,12,required,사용성·자동화,True,implemented,implemented,missing,"결과 탐색, GUI sweep, 그룹과 checkpoint는 연구 생산성을 높인다."
workflow.optimization,Optimization,P2,12,required,사용성·자동화,True,partial,partial,partial,"결과 탐색, GUI sweep, 그룹과 checkpoint는 연구 생산성을 높인다."
workflow.sweep,Parameter sweep,P2,12,required,사용성·자동화,True,implemented,implemented,missing,"결과 탐색, GUI sweep, 그룹과 checkpoint는 연구 생산성을 높인다."
workflow.ui_tabs,모든 property tab·results browser,P2,12,required,사용성·자동화,True,missing,missing,missing,"결과 탐색, GUI sweep, 그룹과 checkpoint는 연구 생산성을 높인다."
analysis.impulse,Impulse response convolution,P2,13,conditional,특수 물성·실험 조건,True,missing,missing,missing,비선형·자기·열·전하·박막 모델은 대상 연구가 요구할 때 추가한다.
boundary.bfast,BFAST,P2,13,conditional,특수 물성·실험 조건,True,missing,missing,missing,비선형·자기·열·전하·박막 모델은 대상 연구가 요구할 때 추가한다.
material.Conductive.Permittivity,Permittivity,P2,13,conditional,특수 물성·실험 조건,True,missing,missing,missing,비선형·자기·열·전하·박막 모델은 대상 연구가 요구할 때 추가한다.
material.Conductive.Refractive Index,Refractive Index,P2,13,conditional,특수 물성·실험 조건,True,missing,missing,missing,비선형·자기·열·전하·박막 모델은 대상 연구가 요구할 때 추가한다.
material.Conductive.anisotropy,anisotropy,P2,13,conditional,특수 물성·실험 조건,True,missing,missing,missing,비선형·자기·열·전하·박막 모델은 대상 연구가 요구할 때 추가한다.
material.Conductive.color,color,P2,13,conditional,특수 물성·실험 조건,True,missing,missing,missing,비선형·자기·열·전하·박막 모델은 대상 연구가 요구할 때 추가한다.
material.Conductive.conductivity,conductivity,P2,13,conditional,특수 물성·실험 조건,True,missing,missing,missing,비선형·자기·열·전하·박막 모델은 대상 연구가 요구할 때 추가한다.
material.Conductive.mesh order,mesh order,P2,13,conditional,특수 물성·실험 조건,True,missing,missing,missing,비선형·자기·열·전하·박막 모델은 대상 연구가 요구할 때 추가한다.
material.Conductive.name,name,P2,13,conditional,특수 물성·실험 조건,True,missing,missing,missing,비선형·자기·열·전하·박막 모델은 대상 연구가 요구할 때 추가한다.
material.Conductive.type,type,P2,13,conditional,특수 물성·실험 조건,True,missing,missing,missing,비선형·자기·열·전하·박막 모델은 대상 연구가 요구할 때 추가한다.
material.Debye.Debye collision,Debye collision,P2,13,conditional,특수 물성·실험 조건,True,missing,missing,missing,비선형·자기·열·전하·박막 모델은 대상 연구가 요구할 때 추가한다.
material.Debye.Debye permittivity,Debye permittivity,P2,13,conditional,특수 물성·실험 조건,True,missing,missing,missing,비선형·자기·열·전하·박막 모델은 대상 연구가 요구할 때 추가한다.
material.Debye.Permittivity,Permittivity,P2,13,conditional,특수 물성·실험 조건,True,missing,missing,missing,비선형·자기·열·전하·박막 모델은 대상 연구가 요구할 때 추가한다.
material.Debye.Refractive Index,Refractive Index,P2,13,conditional,특수 물성·실험 조건,True,missing,missing,missing,비선형·자기·열·전하·박막 모델은 대상 연구가 요구할 때 추가한다.
material.Debye.anisotropy,anisotropy,P2,13,conditional,특수 물성·실험 조건,True,missing,missing,missing,비선형·자기·열·전하·박막 모델은 대상 연구가 요구할 때 추가한다.
material.Debye.color,color,P2,13,conditional,특수 물성·실험 조건,True,missing,missing,missing,비선형·자기·열·전하·박막 모델은 대상 연구가 요구할 때 추가한다.
material.Debye.mesh order,mesh order,P2,13,conditional,특수 물성·실험 조건,True,missing,missing,missing,비선형·자기·열·전하·박막 모델은 대상 연구가 요구할 때 추가한다.
material.Debye.name,name,P2,13,conditional,특수 물성·실험 조건,True,missing,missing,missing,비선형·자기·열·전하·박막 모델은 대상 연구가 요구할 때 추가한다.
material.Debye.type,type,P2,13,conditional,특수 물성·실험 조건,True,missing,missing,missing,비선형·자기·열·전하·박막 모델은 대상 연구가 요구할 때 추가한다.
material.PEC.anisotropy,anisotropy,P2,13,conditional,특수 물성·실험 조건,True,missing,missing,missing,비선형·자기·열·전하·박막 모델은 대상 연구가 요구할 때 추가한다.
material.PEC.color,color,P2,13,conditional,특수 물성·실험 조건,True,missing,missing,missing,비선형·자기·열·전하·박막 모델은 대상 연구가 요구할 때 추가한다.
material.PEC.mesh order,mesh order,P2,13,conditional,특수 물성·실험 조건,True,missing,missing,missing,비선형·자기·열·전하·박막 모델은 대상 연구가 요구할 때 추가한다.
material.PEC.name,name,P2,13,conditional,특수 물성·실험 조건,True,missing,missing,missing,비선형·자기·열·전하·박막 모델은 대상 연구가 요구할 때 추가한다.
material.PEC.type,type,P2,13,conditional,특수 물성·실험 조건,True,missing,missing,missing,비선형·자기·열·전하·박막 모델은 대상 연구가 요구할 때 추가한다.
material.conductive,전기 전도도,P2,13,conditional,특수 물성·실험 조건,True,missing,missing,missing,비선형·자기·열·전하·박막 모델은 대상 연구가 요구할 때 추가한다.
material.debye,Debye,P2,13,conditional,특수 물성·실험 조건,True,missing,missing,missing,비선형·자기·열·전하·박막 모델은 대상 연구가 요구할 때 추가한다.
material.gain,Gain·active material,P2,13,conditional,특수 물성·실험 조건,True,missing,missing,missing,비선형·자기·열·전하·박막 모델은 대상 연구가 요구할 때 추가한다.
material.graphene,2D conductivity·graphene,P2,13,conditional,특수 물성·실험 조건,True,missing,missing,missing,비선형·자기·열·전하·박막 모델은 대상 연구가 요구할 때 추가한다.
material.magnetic,자기 permeability,P2,13,conditional,특수 물성·실험 조건,True,missing,missing,missing,비선형·자기·열·전하·박막 모델은 대상 연구가 요구할 때 추가한다.
material.nonlinear,χ²·χ³·Kerr,P2,13,conditional,특수 물성·실험 조건,True,missing,missing,missing,비선형·자기·열·전하·박막 모델은 대상 연구가 요구할 때 추가한다.
material.pec,이상 PEC 재료,P2,13,conditional,특수 물성·실험 조건,True,missing,missing,missing,비선형·자기·열·전하·박막 모델은 대상 연구가 요구할 때 추가한다.
material.plugin,사용자 material plugin,P2,13,conditional,특수 물성·실험 조건,True,missing,missing,missing,비선형·자기·열·전하·박막 모델은 대상 연구가 요구할 때 추가한다.
material.raman,Raman,P2,13,conditional,특수 물성·실험 조건,True,missing,missing,missing,비선형·자기·열·전하·박막 모델은 대상 연구가 요구할 때 추가한다.
material.temperature,온도·전하 의존 재료,P2,13,conditional,특수 물성·실험 조건,True,missing,missing,missing,비선형·자기·열·전하·박막 모델은 대상 연구가 요구할 때 추가한다.
monitor.pml,PML 내부 record,P2,13,conditional,특수 물성·실험 조건,True,missing,missing,missing,비선형·자기·열·전하·박막 모델은 대상 연구가 요구할 때 추가한다.
source.dc,Eliminate DC,P2,13,conditional,특수 물성·실험 조건,True,missing,missing,missing,비선형·자기·열·전하·박막 모델은 대상 연구가 요구할 때 추가한다.
source.incoherence,공간·시간 비간섭 ensemble,P2,13,conditional,특수 물성·실험 조건,True,missing,missing,missing,비선형·자기·열·전하·박막 모델은 대상 연구가 요구할 때 추가한다.
source.magnetic,자기 dipole,P2,13,conditional,특수 물성·실험 조건,False,implemented,implemented,implemented,비선형·자기·열·전하·박막 모델은 대상 연구가 요구할 때 추가한다.
source.pupil,Pupil·multifrequency beam,P2,13,conditional,특수 물성·실험 조건,True,missing,missing,missing,비선형·자기·열·전하·박막 모델은 대상 연구가 요구할 때 추가한다.
source.vector,임의 벡터 dipole,P2,13,conditional,특수 물성·실험 조건,False,implemented,implemented,implemented,비선형·자기·열·전하·박막 모델은 대상 연구가 요구할 때 추가한다.
addfdtd.set process grid,set process grid,P1,14,required,단일 문제 multi-GPU·클러스터,True,missing,missing,missing,FDTDX 동등성 목표에 따라 단일 도메인 분할·halo transpose와 실제 여러 GPU의 정확도·성능 검증이 필요하다.
workflow.distributed,분산 job·resource 설정,P1,14,required,단일 문제 multi-GPU·클러스터,True,missing,missing,missing,FDTDX 동등성 목표에 따라 단일 도메인 분할·halo transpose와 실제 여러 GPU의 정확도·성능 검증이 필요하다.
workflow.multi_gpu,다중 GPU·MPI,P1,14,required,단일 문제 multi-GPU·클러스터,True,partial,partial,missing,FDTDX 동등성 목표에 따라 단일 도메인 분할·halo transpose와 실제 여러 GPU의 정확도·성능 검증이 필요하다.
add2dpoly.alpha,alpha,P2,15,conditional,특수 CAD·제조 포맷,True,missing,missing,missing,곡면·STL·공정 builder는 구체적인 사용 사례와 형상 검증이 있을 때 추가한다.
add2dpoly.detail,detail,P2,15,conditional,특수 CAD·제조 포맷,True,missing,missing,missing,곡면·STL·공정 builder는 구체적인 사용 사례와 형상 검증이 있을 때 추가한다.
add2dpoly.enabled,enabled,P2,15,conditional,특수 CAD·제조 포맷,True,missing,missing,missing,곡면·STL·공정 builder는 구체적인 사용 사례와 형상 검증이 있을 때 추가한다.
add2dpoly.first axis,first axis,P2,15,conditional,특수 CAD·제조 포맷,True,missing,missing,missing,곡면·STL·공정 builder는 구체적인 사용 사례와 형상 검증이 있을 때 추가한다.
add2dpoly.grid attribute name,grid attribute name,P2,15,conditional,특수 CAD·제조 포맷,True,missing,missing,missing,곡면·STL·공정 builder는 구체적인 사용 사례와 형상 검증이 있을 때 추가한다.
add2dpoly.index,index,P2,15,conditional,특수 CAD·제조 포맷,True,missing,missing,missing,곡면·STL·공정 builder는 구체적인 사용 사례와 형상 검증이 있을 때 추가한다.
add2dpoly.index units,index units,P2,15,conditional,특수 CAD·제조 포맷,True,missing,missing,missing,곡면·STL·공정 builder는 구체적인 사용 사례와 형상 검증이 있을 때 추가한다.
add2dpoly.material,material,P2,15,conditional,특수 CAD·제조 포맷,True,missing,missing,missing,곡면·STL·공정 builder는 구체적인 사용 사례와 형상 검증이 있을 때 추가한다.
add2dpoly.mesh order,mesh order,P2,15,conditional,특수 CAD·제조 포맷,True,missing,missing,missing,곡면·STL·공정 builder는 구체적인 사용 사례와 형상 검증이 있을 때 추가한다.
add2dpoly.name,name,P2,15,conditional,특수 CAD·제조 포맷,True,missing,missing,missing,곡면·STL·공정 builder는 구체적인 사용 사례와 형상 검증이 있을 때 추가한다.
add2dpoly.override mesh order from material database,override mesh order from material database,P2,15,conditional,특수 CAD·제조 포맷,True,missing,missing,missing,곡면·STL·공정 builder는 구체적인 사용 사례와 형상 검증이 있을 때 추가한다.
add2dpoly.rotation 1,rotation 1,P2,15,conditional,특수 CAD·제조 포맷,True,missing,missing,missing,곡면·STL·공정 builder는 구체적인 사용 사례와 형상 검증이 있을 때 추가한다.
add2dpoly.rotation 2,rotation 2,P2,15,conditional,특수 CAD·제조 포맷,True,missing,missing,missing,곡면·STL·공정 builder는 구체적인 사용 사례와 형상 검증이 있을 때 추가한다.
add2dpoly.rotation 3,rotation 3,P2,15,conditional,특수 CAD·제조 포맷,True,missing,missing,missing,곡면·STL·공정 builder는 구체적인 사용 사례와 형상 검증이 있을 때 추가한다.
add2dpoly.second axis,second axis,P2,15,conditional,특수 CAD·제조 포맷,True,missing,missing,missing,곡면·STL·공정 builder는 구체적인 사용 사례와 형상 검증이 있을 때 추가한다.
add2dpoly.set mesh order from material database,set mesh order from material database,P2,15,conditional,특수 CAD·제조 포맷,True,missing,missing,missing,곡면·STL·공정 builder는 구체적인 사용 사례와 형상 검증이 있을 때 추가한다.
add2dpoly.surface normal,surface normal,P2,15,conditional,특수 CAD·제조 포맷,True,missing,missing,missing,곡면·STL·공정 builder는 구체적인 사용 사례와 형상 검증이 있을 때 추가한다.
add2dpoly.third axis,third axis,P2,15,conditional,특수 CAD·제조 포맷,True,missing,missing,missing,곡면·STL·공정 builder는 구체적인 사용 사례와 형상 검증이 있을 때 추가한다.
add2dpoly.type,type,P2,15,conditional,특수 CAD·제조 포맷,True,missing,missing,missing,곡면·STL·공정 builder는 구체적인 사용 사례와 형상 검증이 있을 때 추가한다.
add2dpoly.use relative coordinates,use relative coordinates,P2,15,conditional,특수 CAD·제조 포맷,True,missing,missing,missing,곡면·STL·공정 builder는 구체적인 사용 사례와 형상 검증이 있을 때 추가한다.
add2dpoly.vertices,vertices,P2,15,conditional,특수 CAD·제조 포맷,True,missing,missing,missing,곡면·STL·공정 builder는 구체적인 사용 사례와 형상 검증이 있을 때 추가한다.
add2dpoly.x,x,P2,15,conditional,특수 CAD·제조 포맷,True,missing,missing,missing,곡면·STL·공정 builder는 구체적인 사용 사례와 형상 검증이 있을 때 추가한다.
add2dpoly.y,y,P2,15,conditional,특수 CAD·제조 포맷,True,missing,missing,missing,곡면·STL·공정 builder는 구체적인 사용 사례와 형상 검증이 있을 때 추가한다.
add2dpoly.z,z,P2,15,conditional,특수 CAD·제조 포맷,True,missing,missing,missing,곡면·STL·공정 builder는 구체적인 사용 사례와 형상 검증이 있을 때 추가한다.
add2drect.alpha,alpha,P2,15,conditional,특수 CAD·제조 포맷,True,missing,missing,missing,곡면·STL·공정 builder는 구체적인 사용 사례와 형상 검증이 있을 때 추가한다.
add2drect.c,c,P2,15,conditional,특수 CAD·제조 포맷,True,missing,missing,missing,곡면·STL·공정 builder는 구체적인 사용 사례와 형상 검증이 있을 때 추가한다.
add2drect.c enabled,c enabled,P2,15,conditional,특수 CAD·제조 포맷,True,missing,missing,missing,곡면·STL·공정 builder는 구체적인 사용 사례와 형상 검증이 있을 때 추가한다.
add2drect.current flow direction,current flow direction,P2,15,conditional,특수 CAD·제조 포맷,True,missing,missing,missing,곡면·STL·공정 builder는 구체적인 사용 사례와 형상 검증이 있을 때 추가한다.
add2drect.detail,detail,P2,15,conditional,특수 CAD·제조 포맷,True,missing,missing,missing,곡면·STL·공정 builder는 구체적인 사용 사례와 형상 검증이 있을 때 추가한다.
add2drect.enabled,enabled,P2,15,conditional,특수 CAD·제조 포맷,True,missing,missing,missing,곡면·STL·공정 builder는 구체적인 사용 사례와 형상 검증이 있을 때 추가한다.
add2drect.first axis,first axis,P2,15,conditional,특수 CAD·제조 포맷,True,missing,missing,missing,곡면·STL·공정 builder는 구체적인 사용 사례와 형상 검증이 있을 때 추가한다.
add2drect.grid attribute name,grid attribute name,P2,15,conditional,특수 CAD·제조 포맷,True,missing,missing,missing,곡면·STL·공정 builder는 구체적인 사용 사례와 형상 검증이 있을 때 추가한다.
add2drect.index,index,P2,15,conditional,특수 CAD·제조 포맷,True,missing,missing,missing,곡면·STL·공정 builder는 구체적인 사용 사례와 형상 검증이 있을 때 추가한다.
add2drect.index units,index units,P2,15,conditional,특수 CAD·제조 포맷,True,missing,missing,missing,곡면·STL·공정 builder는 구체적인 사용 사례와 형상 검증이 있을 때 추가한다.
add2drect.l,l,P2,15,conditional,특수 CAD·제조 포맷,True,missing,missing,missing,곡면·STL·공정 builder는 구체적인 사용 사례와 형상 검증이 있을 때 추가한다.
add2drect.l enabled,l enabled,P2,15,conditional,특수 CAD·제조 포맷,True,missing,missing,missing,곡면·STL·공정 builder는 구체적인 사용 사례와 형상 검증이 있을 때 추가한다.
add2drect.material,material,P2,15,conditional,특수 CAD·제조 포맷,True,missing,missing,missing,곡면·STL·공정 builder는 구체적인 사용 사례와 형상 검증이 있을 때 추가한다.
add2drect.mesh order,mesh order,P2,15,conditional,특수 CAD·제조 포맷,True,missing,missing,missing,곡면·STL·공정 builder는 구체적인 사용 사례와 형상 검증이 있을 때 추가한다.
add2drect.name,name,P2,15,conditional,특수 CAD·제조 포맷,True,missing,missing,missing,곡면·STL·공정 builder는 구체적인 사용 사례와 형상 검증이 있을 때 추가한다.
add2drect.override mesh order from material database,override mesh order from material database,P2,15,conditional,특수 CAD·제조 포맷,True,missing,missing,missing,곡면·STL·공정 builder는 구체적인 사용 사례와 형상 검증이 있을 때 추가한다.
add2drect.r,r,P2,15,conditional,특수 CAD·제조 포맷,True,missing,missing,missing,곡면·STL·공정 builder는 구체적인 사용 사례와 형상 검증이 있을 때 추가한다.
add2drect.r enabled,r enabled,P2,15,conditional,특수 CAD·제조 포맷,True,missing,missing,missing,곡면·STL·공정 builder는 구체적인 사용 사례와 형상 검증이 있을 때 추가한다.
add2drect.rotation 1,rotation 1,P2,15,conditional,특수 CAD·제조 포맷,True,missing,missing,missing,곡면·STL·공정 builder는 구체적인 사용 사례와 형상 검증이 있을 때 추가한다.
add2drect.rotation 2,rotation 2,P2,15,conditional,특수 CAD·제조 포맷,True,missing,missing,missing,곡면·STL·공정 builder는 구체적인 사용 사례와 형상 검증이 있을 때 추가한다.
add2drect.rotation 3,rotation 3,P2,15,conditional,특수 CAD·제조 포맷,True,missing,missing,missing,곡면·STL·공정 builder는 구체적인 사용 사례와 형상 검증이 있을 때 추가한다.
add2drect.second axis,second axis,P2,15,conditional,특수 CAD·제조 포맷,True,missing,missing,missing,곡면·STL·공정 builder는 구체적인 사용 사례와 형상 검증이 있을 때 추가한다.
add2drect.set mesh order from material database,set mesh order from material database,P2,15,conditional,특수 CAD·제조 포맷,True,missing,missing,missing,곡면·STL·공정 builder는 구체적인 사용 사례와 형상 검증이 있을 때 추가한다.
add2drect.surface normal,surface normal,P2,15,conditional,특수 CAD·제조 포맷,True,missing,missing,missing,곡면·STL·공정 builder는 구체적인 사용 사례와 형상 검증이 있을 때 추가한다.
add2drect.third axis,third axis,P2,15,conditional,특수 CAD·제조 포맷,True,missing,missing,missing,곡면·STL·공정 builder는 구체적인 사용 사례와 형상 검증이 있을 때 추가한다.
add2drect.type,type,P2,15,conditional,특수 CAD·제조 포맷,True,missing,missing,missing,곡면·STL·공정 builder는 구체적인 사용 사례와 형상 검증이 있을 때 추가한다.
add2drect.use relative coordinates,use relative coordinates,P2,15,conditional,특수 CAD·제조 포맷,True,missing,missing,missing,곡면·STL·공정 builder는 구체적인 사용 사례와 형상 검증이 있을 때 추가한다.
add2drect.vertices,vertices,P2,15,conditional,특수 CAD·제조 포맷,True,missing,missing,missing,곡면·STL·공정 builder는 구체적인 사용 사례와 형상 검증이 있을 때 추가한다.
add2drect.x,x,P2,15,conditional,특수 CAD·제조 포맷,True,missing,missing,missing,곡면·STL·공정 builder는 구체적인 사용 사례와 형상 검증이 있을 때 추가한다.
add2drect.x max,x max,P2,15,conditional,특수 CAD·제조 포맷,True,missing,missing,missing,곡면·STL·공정 builder는 구체적인 사용 사례와 형상 검증이 있을 때 추가한다.
add2drect.x min,x min,P2,15,conditional,특수 CAD·제조 포맷,True,missing,missing,missing,곡면·STL·공정 builder는 구체적인 사용 사례와 형상 검증이 있을 때 추가한다.
add2drect.x span,x span,P2,15,conditional,특수 CAD·제조 포맷,True,missing,missing,missing,곡면·STL·공정 builder는 구체적인 사용 사례와 형상 검증이 있을 때 추가한다.
add2drect.y,y,P2,15,conditional,특수 CAD·제조 포맷,True,missing,missing,missing,곡면·STL·공정 builder는 구체적인 사용 사례와 형상 검증이 있을 때 추가한다.
add2drect.y max,y max,P2,15,conditional,특수 CAD·제조 포맷,True,missing,missing,missing,곡면·STL·공정 builder는 구체적인 사용 사례와 형상 검증이 있을 때 추가한다.
add2drect.y min,y min,P2,15,conditional,특수 CAD·제조 포맷,True,missing,missing,missing,곡면·STL·공정 builder는 구체적인 사용 사례와 형상 검증이 있을 때 추가한다.
add2drect.y span,y span,P2,15,conditional,특수 CAD·제조 포맷,True,missing,missing,missing,곡면·STL·공정 builder는 구체적인 사용 사례와 형상 검증이 있을 때 추가한다.
add2drect.z,z,P2,15,conditional,특수 CAD·제조 포맷,True,missing,missing,missing,곡면·STL·공정 builder는 구체적인 사용 사례와 형상 검증이 있을 때 추가한다.
add2drect.z max,z max,P2,15,conditional,특수 CAD·제조 포맷,True,missing,missing,missing,곡면·STL·공정 builder는 구체적인 사용 사례와 형상 검증이 있을 때 추가한다.
add2drect.z min,z min,P2,15,conditional,특수 CAD·제조 포맷,True,missing,missing,missing,곡면·STL·공정 builder는 구체적인 사용 사례와 형상 검증이 있을 때 추가한다.
add2drect.z span,z span,P2,15,conditional,특수 CAD·제조 포맷,True,missing,missing,missing,곡면·STL·공정 builder는 구체적인 사용 사례와 형상 검증이 있을 때 추가한다.
addcustom.alpha,alpha,P2,15,conditional,특수 CAD·제조 포맷,True,missing,missing,missing,곡면·STL·공정 builder는 구체적인 사용 사례와 형상 검증이 있을 때 추가한다.
addcustom.create 3D object by,create 3D object by,P2,15,conditional,특수 CAD·제조 포맷,True,missing,missing,missing,곡면·STL·공정 builder는 구체적인 사용 사례와 형상 검증이 있을 때 추가한다.
addcustom.detail,detail,P2,15,conditional,특수 CAD·제조 포맷,True,missing,missing,missing,곡면·STL·공정 builder는 구체적인 사용 사례와 형상 검증이 있을 때 추가한다.
addcustom.enabled,enabled,P2,15,conditional,특수 CAD·제조 포맷,True,missing,missing,missing,곡면·STL·공정 builder는 구체적인 사용 사례와 형상 검증이 있을 때 추가한다.
addcustom.equation 1,equation 1,P2,15,conditional,특수 CAD·제조 포맷,True,missing,missing,missing,곡면·STL·공정 builder는 구체적인 사용 사례와 형상 검증이 있을 때 추가한다.
addcustom.equation 2,equation 2,P2,15,conditional,특수 CAD·제조 포맷,True,missing,missing,missing,곡면·STL·공정 builder는 구체적인 사용 사례와 형상 검증이 있을 때 추가한다.
addcustom.equation units,equation units,P2,15,conditional,특수 CAD·제조 포맷,True,missing,missing,missing,곡면·STL·공정 builder는 구체적인 사용 사례와 형상 검증이 있을 때 추가한다.
addcustom.first axis,first axis,P2,15,conditional,특수 CAD·제조 포맷,True,missing,missing,missing,곡면·STL·공정 builder는 구체적인 사용 사례와 형상 검증이 있을 때 추가한다.
addcustom.grid attribute name,grid attribute name,P2,15,conditional,특수 CAD·제조 포맷,True,missing,missing,missing,곡면·STL·공정 builder는 구체적인 사용 사례와 형상 검증이 있을 때 추가한다.
addcustom.index,index,P2,15,conditional,특수 CAD·제조 포맷,True,missing,missing,missing,곡면·STL·공정 builder는 구체적인 사용 사례와 형상 검증이 있을 때 추가한다.
addcustom.index units,index units,P2,15,conditional,특수 CAD·제조 포맷,True,missing,missing,missing,곡면·STL·공정 builder는 구체적인 사용 사례와 형상 검증이 있을 때 추가한다.
addcustom.make nonsymmetric,make nonsymmetric,P2,15,conditional,특수 CAD·제조 포맷,True,missing,missing,missing,곡면·STL·공정 builder는 구체적인 사용 사례와 형상 검증이 있을 때 추가한다.
addcustom.make symmetric,make symmetric,P2,15,conditional,특수 CAD·제조 포맷,True,missing,missing,missing,곡면·STL·공정 builder는 구체적인 사용 사례와 형상 검증이 있을 때 추가한다.
addcustom.material,material,P2,15,conditional,특수 CAD·제조 포맷,True,missing,missing,missing,곡면·STL·공정 builder는 구체적인 사용 사례와 형상 검증이 있을 때 추가한다.
addcustom.mesh order,mesh order,P2,15,conditional,특수 CAD·제조 포맷,True,missing,missing,missing,곡면·STL·공정 builder는 구체적인 사용 사례와 형상 검증이 있을 때 추가한다.
addcustom.name,name,P2,15,conditional,특수 CAD·제조 포맷,True,missing,missing,missing,곡면·STL·공정 builder는 구체적인 사용 사례와 형상 검증이 있을 때 추가한다.
addcustom.override mesh order from material database,override mesh order from material database,P2,15,conditional,특수 CAD·제조 포맷,True,missing,missing,missing,곡면·STL·공정 builder는 구체적인 사용 사례와 형상 검증이 있을 때 추가한다.
addcustom.rotation 1,rotation 1,P2,15,conditional,특수 CAD·제조 포맷,True,missing,missing,missing,곡면·STL·공정 builder는 구체적인 사용 사례와 형상 검증이 있을 때 추가한다.
addcustom.rotation 2,rotation 2,P2,15,conditional,특수 CAD·제조 포맷,True,missing,missing,missing,곡면·STL·공정 builder는 구체적인 사용 사례와 형상 검증이 있을 때 추가한다.
addcustom.rotation 3,rotation 3,P2,15,conditional,특수 CAD·제조 포맷,True,missing,missing,missing,곡면·STL·공정 builder는 구체적인 사용 사례와 형상 검증이 있을 때 추가한다.
addcustom.second axis,second axis,P2,15,conditional,특수 CAD·제조 포맷,True,missing,missing,missing,곡면·STL·공정 builder는 구체적인 사용 사례와 형상 검증이 있을 때 추가한다.
addcustom.set mesh order from material database,set mesh order from material database,P2,15,conditional,특수 CAD·제조 포맷,True,missing,missing,missing,곡면·STL·공정 builder는 구체적인 사용 사례와 형상 검증이 있을 때 추가한다.
addcustom.third axis,third axis,P2,15,conditional,특수 CAD·제조 포맷,True,missing,missing,missing,곡면·STL·공정 builder는 구체적인 사용 사례와 형상 검증이 있을 때 추가한다.
addcustom.type,type,P2,15,conditional,특수 CAD·제조 포맷,True,missing,missing,missing,곡면·STL·공정 builder는 구체적인 사용 사례와 형상 검증이 있을 때 추가한다.
addcustom.use relative coordinates,use relative coordinates,P2,15,conditional,특수 CAD·제조 포맷,True,missing,missing,missing,곡면·STL·공정 builder는 구체적인 사용 사례와 형상 검증이 있을 때 추가한다.
addcustom.x,x,P2,15,conditional,특수 CAD·제조 포맷,True,missing,missing,missing,곡면·STL·공정 builder는 구체적인 사용 사례와 형상 검증이 있을 때 추가한다.
addcustom.x max,x max,P2,15,conditional,특수 CAD·제조 포맷,True,missing,missing,missing,곡면·STL·공정 builder는 구체적인 사용 사례와 형상 검증이 있을 때 추가한다.
addcustom.x min,x min,P2,15,conditional,특수 CAD·제조 포맷,True,missing,missing,missing,곡면·STL·공정 builder는 구체적인 사용 사례와 형상 검증이 있을 때 추가한다.
addcustom.x span,x span,P2,15,conditional,특수 CAD·제조 포맷,True,missing,missing,missing,곡면·STL·공정 builder는 구체적인 사용 사례와 형상 검증이 있을 때 추가한다.
addcustom.y,y,P2,15,conditional,특수 CAD·제조 포맷,True,missing,missing,missing,곡면·STL·공정 builder는 구체적인 사용 사례와 형상 검증이 있을 때 추가한다.
addcustom.y max,y max,P2,15,conditional,특수 CAD·제조 포맷,True,missing,missing,missing,곡면·STL·공정 builder는 구체적인 사용 사례와 형상 검증이 있을 때 추가한다.
addcustom.y min,y min,P2,15,conditional,특수 CAD·제조 포맷,True,missing,missing,missing,곡면·STL·공정 builder는 구체적인 사용 사례와 형상 검증이 있을 때 추가한다.
addcustom.y span,y span,P2,15,conditional,특수 CAD·제조 포맷,True,missing,missing,missing,곡면·STL·공정 builder는 구체적인 사용 사례와 형상 검증이 있을 때 추가한다.
addcustom.z,z,P2,15,conditional,특수 CAD·제조 포맷,True,missing,missing,missing,곡면·STL·공정 builder는 구체적인 사용 사례와 형상 검증이 있을 때 추가한다.
addcustom.z max,z max,P2,15,conditional,특수 CAD·제조 포맷,True,missing,missing,missing,곡면·STL·공정 builder는 구체적인 사용 사례와 형상 검증이 있을 때 추가한다.
addcustom.z min,z min,P2,15,conditional,특수 CAD·제조 포맷,True,missing,missing,missing,곡면·STL·공정 builder는 구체적인 사용 사례와 형상 검증이 있을 때 추가한다.
addcustom.z span,z span,P2,15,conditional,특수 CAD·제조 포맷,True,missing,missing,missing,곡면·STL·공정 builder는 구체적인 사용 사례와 형상 검증이 있을 때 추가한다.
addlayerbuilder.base mesh order,base mesh order,P2,15,conditional,특수 CAD·제조 포맷,True,missing,missing,missing,곡면·STL·공정 builder는 구체적인 사용 사례와 형상 검증이 있을 때 추가한다.
addlayerbuilder.electrical material revision,electrical material revision,P2,15,conditional,특수 CAD·제조 포맷,True,missing,missing,missing,곡면·STL·공정 builder는 구체적인 사용 사례와 형상 검증이 있을 때 추가한다.
addlayerbuilder.enabled,enabled,P2,15,conditional,특수 CAD·제조 포맷,True,missing,missing,missing,곡면·STL·공정 builder는 구체적인 사용 사례와 형상 검증이 있을 때 추가한다.
addlayerbuilder.gds cell,gds cell,P2,15,conditional,특수 CAD·제조 포맷,True,missing,missing,missing,곡면·STL·공정 builder는 구체적인 사용 사례와 형상 검증이 있을 때 추가한다.
addlayerbuilder.gds center x,gds center x,P2,15,conditional,특수 CAD·제조 포맷,True,missing,missing,missing,곡면·STL·공정 builder는 구체적인 사용 사례와 형상 검증이 있을 때 추가한다.
addlayerbuilder.gds center y,gds center y,P2,15,conditional,특수 CAD·제조 포맷,True,missing,missing,missing,곡면·STL·공정 builder는 구체적인 사용 사례와 형상 검증이 있을 때 추가한다.
addlayerbuilder.gds position reference,gds position reference,P2,15,conditional,특수 CAD·제조 포맷,True,missing,missing,missing,곡면·STL·공정 builder는 구체적인 사용 사례와 형상 검증이 있을 때 추가한다.
addlayerbuilder.gds sidewall angle position reference,gds sidewall angle position reference,P2,15,conditional,특수 CAD·제조 포맷,True,missing,missing,missing,곡면·STL·공정 builder는 구체적인 사용 사례와 형상 검증이 있을 때 추가한다.
addlayerbuilder.geometry,geometry,P2,15,conditional,특수 CAD·제조 포맷,True,missing,missing,missing,곡면·STL·공정 builder는 구체적인 사용 사례와 형상 검증이 있을 때 추가한다.
addlayerbuilder.name,name,P2,15,conditional,특수 CAD·제조 포맷,True,missing,missing,missing,곡면·STL·공정 builder는 구체적인 사용 사례와 형상 검증이 있을 때 추가한다.
addlayerbuilder.optical material revision,optical material revision,P2,15,conditional,특수 CAD·제조 포맷,True,missing,missing,missing,곡면·STL·공정 builder는 구체적인 사용 사례와 형상 검증이 있을 때 추가한다.
addlayerbuilder.process name,process name,P2,15,conditional,특수 CAD·제조 포맷,True,missing,missing,missing,곡면·STL·공정 builder는 구체적인 사용 사례와 형상 검증이 있을 때 추가한다.
addlayerbuilder.process revision,process revision,P2,15,conditional,특수 CAD·제조 포맷,True,missing,missing,missing,곡면·STL·공정 builder는 구체적인 사용 사례와 형상 검증이 있을 때 추가한다.
addlayerbuilder.suppress sidewall angles,suppress sidewall angles,P2,15,conditional,특수 CAD·제조 포맷,True,missing,missing,missing,곡면·STL·공정 builder는 구체적인 사용 사례와 형상 검증이 있을 때 추가한다.
addlayerbuilder.thermal material revision,thermal material revision,P2,15,conditional,특수 CAD·제조 포맷,True,missing,missing,missing,곡면·STL·공정 builder는 구체적인 사용 사례와 형상 검증이 있을 때 추가한다.
addlayerbuilder.type,type,P2,15,conditional,특수 CAD·제조 포맷,True,missing,missing,missing,곡면·STL·공정 builder는 구체적인 사용 사례와 형상 검증이 있을 때 추가한다.
addlayerbuilder.x,x,P2,15,conditional,특수 CAD·제조 포맷,True,missing,missing,missing,곡면·STL·공정 builder는 구체적인 사용 사례와 형상 검증이 있을 때 추가한다.
addlayerbuilder.x span,x span,P2,15,conditional,특수 CAD·제조 포맷,True,missing,missing,missing,곡면·STL·공정 builder는 구체적인 사용 사례와 형상 검증이 있을 때 추가한다.
addlayerbuilder.y,y,P2,15,conditional,특수 CAD·제조 포맷,True,missing,missing,missing,곡면·STL·공정 builder는 구체적인 사용 사례와 형상 검증이 있을 때 추가한다.
addlayerbuilder.y span,y span,P2,15,conditional,특수 CAD·제조 포맷,True,missing,missing,missing,곡면·STL·공정 builder는 구체적인 사용 사례와 형상 검증이 있을 때 추가한다.
addlayerbuilder.z,z,P2,15,conditional,특수 CAD·제조 포맷,True,missing,missing,missing,곡면·STL·공정 builder는 구체적인 사용 사례와 형상 검증이 있을 때 추가한다.
addplanarsolid.alpha,alpha,P2,15,conditional,특수 CAD·제조 포맷,True,missing,missing,missing,곡면·STL·공정 builder는 구체적인 사용 사례와 형상 검증이 있을 때 추가한다.
addplanarsolid.detail,detail,P2,15,conditional,특수 CAD·제조 포맷,True,missing,missing,missing,곡면·STL·공정 builder는 구체적인 사용 사례와 형상 검증이 있을 때 추가한다.
addplanarsolid.enabled,enabled,P2,15,conditional,특수 CAD·제조 포맷,True,missing,missing,missing,곡면·STL·공정 builder는 구체적인 사용 사례와 형상 검증이 있을 때 추가한다.
addplanarsolid.facets,facets,P2,15,conditional,특수 CAD·제조 포맷,True,missing,missing,missing,곡면·STL·공정 builder는 구체적인 사용 사례와 형상 검증이 있을 때 추가한다.
addplanarsolid.first axis,first axis,P2,15,conditional,특수 CAD·제조 포맷,True,missing,missing,missing,곡면·STL·공정 builder는 구체적인 사용 사례와 형상 검증이 있을 때 추가한다.
addplanarsolid.grid attribute name,grid attribute name,P2,15,conditional,특수 CAD·제조 포맷,True,missing,missing,missing,곡면·STL·공정 builder는 구체적인 사용 사례와 형상 검증이 있을 때 추가한다.
addplanarsolid.index,index,P2,15,conditional,특수 CAD·제조 포맷,True,missing,missing,missing,곡면·STL·공정 builder는 구체적인 사용 사례와 형상 검증이 있을 때 추가한다.
addplanarsolid.index units,index units,P2,15,conditional,특수 CAD·제조 포맷,True,missing,missing,missing,곡면·STL·공정 builder는 구체적인 사용 사례와 형상 검증이 있을 때 추가한다.
addplanarsolid.material,material,P2,15,conditional,특수 CAD·제조 포맷,True,missing,missing,missing,곡면·STL·공정 builder는 구체적인 사용 사례와 형상 검증이 있을 때 추가한다.
addplanarsolid.mesh order,mesh order,P2,15,conditional,특수 CAD·제조 포맷,True,missing,missing,missing,곡면·STL·공정 builder는 구체적인 사용 사례와 형상 검증이 있을 때 추가한다.
addplanarsolid.name,name,P2,15,conditional,특수 CAD·제조 포맷,True,missing,missing,missing,곡면·STL·공정 builder는 구체적인 사용 사례와 형상 검증이 있을 때 추가한다.
addplanarsolid.override mesh order from material database,override mesh order from material database,P2,15,conditional,특수 CAD·제조 포맷,True,missing,missing,missing,곡면·STL·공정 builder는 구체적인 사용 사례와 형상 검증이 있을 때 추가한다.
addplanarsolid.rotation 1,rotation 1,P2,15,conditional,특수 CAD·제조 포맷,True,missing,missing,missing,곡면·STL·공정 builder는 구체적인 사용 사례와 형상 검증이 있을 때 추가한다.
addplanarsolid.rotation 2,rotation 2,P2,15,conditional,특수 CAD·제조 포맷,True,missing,missing,missing,곡면·STL·공정 builder는 구체적인 사용 사례와 형상 검증이 있을 때 추가한다.
addplanarsolid.rotation 3,rotation 3,P2,15,conditional,특수 CAD·제조 포맷,True,missing,missing,missing,곡면·STL·공정 builder는 구체적인 사용 사례와 형상 검증이 있을 때 추가한다.
addplanarsolid.second axis,second axis,P2,15,conditional,특수 CAD·제조 포맷,True,missing,missing,missing,곡면·STL·공정 builder는 구체적인 사용 사례와 형상 검증이 있을 때 추가한다.
addplanarsolid.set mesh order from material database,set mesh order from material database,P2,15,conditional,특수 CAD·제조 포맷,True,missing,missing,missing,곡면·STL·공정 builder는 구체적인 사용 사례와 형상 검증이 있을 때 추가한다.
addplanarsolid.third axis,third axis,P2,15,conditional,특수 CAD·제조 포맷,True,missing,missing,missing,곡면·STL·공정 builder는 구체적인 사용 사례와 형상 검증이 있을 때 추가한다.
addplanarsolid.type,type,P2,15,conditional,특수 CAD·제조 포맷,True,missing,missing,missing,곡면·STL·공정 builder는 구체적인 사용 사례와 형상 검증이 있을 때 추가한다.
addplanarsolid.use relative coordinates,use relative coordinates,P2,15,conditional,특수 CAD·제조 포맷,True,missing,missing,missing,곡면·STL·공정 builder는 구체적인 사용 사례와 형상 검증이 있을 때 추가한다.
addplanarsolid.vertices,vertices,P2,15,conditional,특수 CAD·제조 포맷,True,missing,missing,missing,곡면·STL·공정 builder는 구체적인 사용 사례와 형상 검증이 있을 때 추가한다.
addplanarsolid.x,x,P2,15,conditional,특수 CAD·제조 포맷,True,missing,missing,missing,곡면·STL·공정 builder는 구체적인 사용 사례와 형상 검증이 있을 때 추가한다.
addplanarsolid.y,y,P2,15,conditional,특수 CAD·제조 포맷,True,missing,missing,missing,곡면·STL·공정 builder는 구체적인 사용 사례와 형상 검증이 있을 때 추가한다.
addplanarsolid.z,z,P2,15,conditional,특수 CAD·제조 포맷,True,missing,missing,missing,곡면·STL·공정 builder는 구체적인 사용 사례와 형상 검증이 있을 때 추가한다.
addpyramid.alpha,alpha,P2,15,conditional,특수 CAD·제조 포맷,True,missing,missing,missing,곡면·STL·공정 builder는 구체적인 사용 사례와 형상 검증이 있을 때 추가한다.
addpyramid.detail,detail,P2,15,conditional,특수 CAD·제조 포맷,True,missing,missing,missing,곡면·STL·공정 builder는 구체적인 사용 사례와 형상 검증이 있을 때 추가한다.
addpyramid.enabled,enabled,P2,15,conditional,특수 CAD·제조 포맷,True,missing,missing,missing,곡면·STL·공정 builder는 구체적인 사용 사례와 형상 검증이 있을 때 추가한다.
addpyramid.first axis,first axis,P2,15,conditional,특수 CAD·제조 포맷,True,missing,missing,missing,곡면·STL·공정 builder는 구체적인 사용 사례와 형상 검증이 있을 때 추가한다.
addpyramid.grid attribute name,grid attribute name,P2,15,conditional,특수 CAD·제조 포맷,True,missing,missing,missing,곡면·STL·공정 builder는 구체적인 사용 사례와 형상 검증이 있을 때 추가한다.
addpyramid.index,index,P2,15,conditional,특수 CAD·제조 포맷,True,missing,missing,missing,곡면·STL·공정 builder는 구체적인 사용 사례와 형상 검증이 있을 때 추가한다.
addpyramid.index units,index units,P2,15,conditional,특수 CAD·제조 포맷,True,missing,missing,missing,곡면·STL·공정 builder는 구체적인 사용 사례와 형상 검증이 있을 때 추가한다.
addpyramid.material,material,P2,15,conditional,특수 CAD·제조 포맷,True,missing,missing,missing,곡면·STL·공정 builder는 구체적인 사용 사례와 형상 검증이 있을 때 추가한다.
addpyramid.mesh order,mesh order,P2,15,conditional,특수 CAD·제조 포맷,True,missing,missing,missing,곡면·STL·공정 builder는 구체적인 사용 사례와 형상 검증이 있을 때 추가한다.
addpyramid.name,name,P2,15,conditional,특수 CAD·제조 포맷,True,missing,missing,missing,곡면·STL·공정 builder는 구체적인 사용 사례와 형상 검증이 있을 때 추가한다.
addpyramid.override mesh order from material database,override mesh order from material database,P2,15,conditional,특수 CAD·제조 포맷,True,missing,missing,missing,곡면·STL·공정 builder는 구체적인 사용 사례와 형상 검증이 있을 때 추가한다.
addpyramid.rotation 1,rotation 1,P2,15,conditional,특수 CAD·제조 포맷,True,missing,missing,missing,곡면·STL·공정 builder는 구체적인 사용 사례와 형상 검증이 있을 때 추가한다.
addpyramid.rotation 2,rotation 2,P2,15,conditional,특수 CAD·제조 포맷,True,missing,missing,missing,곡면·STL·공정 builder는 구체적인 사용 사례와 형상 검증이 있을 때 추가한다.
addpyramid.rotation 3,rotation 3,P2,15,conditional,특수 CAD·제조 포맷,True,missing,missing,missing,곡면·STL·공정 builder는 구체적인 사용 사례와 형상 검증이 있을 때 추가한다.
addpyramid.second axis,second axis,P2,15,conditional,특수 CAD·제조 포맷,True,missing,missing,missing,곡면·STL·공정 builder는 구체적인 사용 사례와 형상 검증이 있을 때 추가한다.
addpyramid.set mesh order from material database,set mesh order from material database,P2,15,conditional,특수 CAD·제조 포맷,True,missing,missing,missing,곡면·STL·공정 builder는 구체적인 사용 사례와 형상 검증이 있을 때 추가한다.
addpyramid.third axis,third axis,P2,15,conditional,특수 CAD·제조 포맷,True,missing,missing,missing,곡면·STL·공정 builder는 구체적인 사용 사례와 형상 검증이 있을 때 추가한다.
addpyramid.type,type,P2,15,conditional,특수 CAD·제조 포맷,True,missing,missing,missing,곡면·STL·공정 builder는 구체적인 사용 사례와 형상 검증이 있을 때 추가한다.
addpyramid.use relative coordinates,use relative coordinates,P2,15,conditional,특수 CAD·제조 포맷,True,missing,missing,missing,곡면·STL·공정 builder는 구체적인 사용 사례와 형상 검증이 있을 때 추가한다.
addpyramid.x,x,P2,15,conditional,특수 CAD·제조 포맷,True,missing,missing,missing,곡면·STL·공정 builder는 구체적인 사용 사례와 형상 검증이 있을 때 추가한다.
addpyramid.x span bottom,x span bottom,P2,15,conditional,특수 CAD·제조 포맷,True,missing,missing,missing,곡면·STL·공정 builder는 구체적인 사용 사례와 형상 검증이 있을 때 추가한다.
addpyramid.x span top,x span top,P2,15,conditional,특수 CAD·제조 포맷,True,missing,missing,missing,곡면·STL·공정 builder는 구체적인 사용 사례와 형상 검증이 있을 때 추가한다.
addpyramid.y,y,P2,15,conditional,특수 CAD·제조 포맷,True,missing,missing,missing,곡면·STL·공정 builder는 구체적인 사용 사례와 형상 검증이 있을 때 추가한다.
addpyramid.y span bottom,y span bottom,P2,15,conditional,특수 CAD·제조 포맷,True,missing,missing,missing,곡면·STL·공정 builder는 구체적인 사용 사례와 형상 검증이 있을 때 추가한다.
addpyramid.y span top,y span top,P2,15,conditional,특수 CAD·제조 포맷,True,missing,missing,missing,곡면·STL·공정 builder는 구체적인 사용 사례와 형상 검증이 있을 때 추가한다.
addpyramid.z,z,P2,15,conditional,특수 CAD·제조 포맷,True,missing,missing,missing,곡면·STL·공정 builder는 구체적인 사용 사례와 형상 검증이 있을 때 추가한다.
addpyramid.z max,z max,P2,15,conditional,특수 CAD·제조 포맷,True,missing,missing,missing,곡면·STL·공정 builder는 구체적인 사용 사례와 형상 검증이 있을 때 추가한다.
addpyramid.z min,z min,P2,15,conditional,특수 CAD·제조 포맷,True,missing,missing,missing,곡면·STL·공정 builder는 구체적인 사용 사례와 형상 검증이 있을 때 추가한다.
addpyramid.z span,z span,P2,15,conditional,특수 CAD·제조 포맷,True,missing,missing,missing,곡면·STL·공정 builder는 구체적인 사용 사례와 형상 검증이 있을 때 추가한다.
addring.alpha,alpha,P2,15,conditional,특수 CAD·제조 포맷,True,missing,missing,missing,곡면·STL·공정 builder는 구체적인 사용 사례와 형상 검증이 있을 때 추가한다.
addring.detail,detail,P2,15,conditional,특수 CAD·제조 포맷,True,missing,missing,missing,곡면·STL·공정 builder는 구체적인 사용 사례와 형상 검증이 있을 때 추가한다.
addring.enabled,enabled,P2,15,conditional,특수 CAD·제조 포맷,False,implemented,implemented,implemented,곡면·STL·공정 builder는 구체적인 사용 사례와 형상 검증이 있을 때 추가한다.
addring.first axis,first axis,P2,15,conditional,특수 CAD·제조 포맷,False,implemented,implemented,implemented,곡면·STL·공정 builder는 구체적인 사용 사례와 형상 검증이 있을 때 추가한다.
addring.grid attribute name,grid attribute name,P2,15,conditional,특수 CAD·제조 포맷,True,missing,missing,missing,곡면·STL·공정 builder는 구체적인 사용 사례와 형상 검증이 있을 때 추가한다.
addring.index,index,P2,15,conditional,특수 CAD·제조 포맷,True,partial,partial,implemented,곡면·STL·공정 builder는 구체적인 사용 사례와 형상 검증이 있을 때 추가한다.
addring.index units,index units,P2,15,conditional,특수 CAD·제조 포맷,True,missing,missing,missing,곡면·STL·공정 builder는 구체적인 사용 사례와 형상 검증이 있을 때 추가한다.
addring.inner radius,inner radius,P2,15,conditional,특수 CAD·제조 포맷,False,implemented,implemented,implemented,곡면·STL·공정 builder는 구체적인 사용 사례와 형상 검증이 있을 때 추가한다.
addring.inner radius 2,inner radius 2,P2,15,conditional,특수 CAD·제조 포맷,False,implemented,implemented,implemented,곡면·STL·공정 builder는 구체적인 사용 사례와 형상 검증이 있을 때 추가한다.
addring.make ellipsoid,make ellipsoid,P2,15,conditional,특수 CAD·제조 포맷,False,implemented,implemented,implemented,곡면·STL·공정 builder는 구체적인 사용 사례와 형상 검증이 있을 때 추가한다.
addring.material,material,P2,15,conditional,특수 CAD·제조 포맷,False,implemented,implemented,implemented,곡면·STL·공정 builder는 구체적인 사용 사례와 형상 검증이 있을 때 추가한다.
addring.mesh order,mesh order,P2,15,conditional,특수 CAD·제조 포맷,False,implemented,implemented,implemented,곡면·STL·공정 builder는 구체적인 사용 사례와 형상 검증이 있을 때 추가한다.
addring.name,name,P2,15,conditional,특수 CAD·제조 포맷,False,implemented,implemented,implemented,곡면·STL·공정 builder는 구체적인 사용 사례와 형상 검증이 있을 때 추가한다.
addring.outer radius,outer radius,P2,15,conditional,특수 CAD·제조 포맷,False,implemented,implemented,implemented,곡면·STL·공정 builder는 구체적인 사용 사례와 형상 검증이 있을 때 추가한다.
addring.outer radius 2,outer radius 2,P2,15,conditional,특수 CAD·제조 포맷,False,implemented,implemented,implemented,곡면·STL·공정 builder는 구체적인 사용 사례와 형상 검증이 있을 때 추가한다.
addring.override mesh order from material database,override mesh order from material database,P2,15,conditional,특수 CAD·제조 포맷,True,missing,missing,missing,곡면·STL·공정 builder는 구체적인 사용 사례와 형상 검증이 있을 때 추가한다.
addring.rotation 1,rotation 1,P2,15,conditional,특수 CAD·제조 포맷,False,implemented,implemented,implemented,곡면·STL·공정 builder는 구체적인 사용 사례와 형상 검증이 있을 때 추가한다.
addring.rotation 2,rotation 2,P2,15,conditional,특수 CAD·제조 포맷,False,implemented,implemented,implemented,곡면·STL·공정 builder는 구체적인 사용 사례와 형상 검증이 있을 때 추가한다.
addring.rotation 3,rotation 3,P2,15,conditional,특수 CAD·제조 포맷,False,implemented,implemented,implemented,곡면·STL·공정 builder는 구체적인 사용 사례와 형상 검증이 있을 때 추가한다.
addring.second axis,second axis,P2,15,conditional,특수 CAD·제조 포맷,False,implemented,implemented,implemented,곡면·STL·공정 builder는 구체적인 사용 사례와 형상 검증이 있을 때 추가한다.
addring.set mesh order from material database,set mesh order from material database,P2,15,conditional,특수 CAD·제조 포맷,True,missing,missing,missing,곡면·STL·공정 builder는 구체적인 사용 사례와 형상 검증이 있을 때 추가한다.
addring.theta start,theta start,P2,15,conditional,특수 CAD·제조 포맷,False,implemented,implemented,implemented,곡면·STL·공정 builder는 구체적인 사용 사례와 형상 검증이 있을 때 추가한다.
addring.theta stop,theta stop,P2,15,conditional,특수 CAD·제조 포맷,False,implemented,implemented,implemented,곡면·STL·공정 builder는 구체적인 사용 사례와 형상 검증이 있을 때 추가한다.
addring.third axis,third axis,P2,15,conditional,특수 CAD·제조 포맷,False,implemented,implemented,implemented,곡면·STL·공정 builder는 구체적인 사용 사례와 형상 검증이 있을 때 추가한다.
addring.type,type,P2,15,conditional,특수 CAD·제조 포맷,True,missing,missing,missing,곡면·STL·공정 builder는 구체적인 사용 사례와 형상 검증이 있을 때 추가한다.
addring.use relative coordinates,use relative coordinates,P2,15,conditional,특수 CAD·제조 포맷,True,missing,missing,missing,곡면·STL·공정 builder는 구체적인 사용 사례와 형상 검증이 있을 때 추가한다.
addring.x,x,P2,15,conditional,특수 CAD·제조 포맷,False,implemented,implemented,implemented,곡면·STL·공정 builder는 구체적인 사용 사례와 형상 검증이 있을 때 추가한다.
addring.y,y,P2,15,conditional,특수 CAD·제조 포맷,False,implemented,implemented,implemented,곡면·STL·공정 builder는 구체적인 사용 사례와 형상 검증이 있을 때 추가한다.
addring.z,z,P2,15,conditional,특수 CAD·제조 포맷,False,implemented,implemented,implemented,곡면·STL·공정 builder는 구체적인 사용 사례와 형상 검증이 있을 때 추가한다.
addring.z max,z max,P2,15,conditional,특수 CAD·제조 포맷,True,missing,missing,missing,곡면·STL·공정 builder는 구체적인 사용 사례와 형상 검증이 있을 때 추가한다.
addring.z min,z min,P2,15,conditional,특수 CAD·제조 포맷,True,missing,missing,missing,곡면·STL·공정 builder는 구체적인 사용 사례와 형상 검증이 있을 때 추가한다.
addring.z span,z span,P2,15,conditional,특수 CAD·제조 포맷,False,implemented,implemented,implemented,곡면·STL·공정 builder는 구체적인 사용 사례와 형상 검증이 있을 때 추가한다.
addsurface.alpha,alpha,P2,15,conditional,특수 CAD·제조 포맷,True,missing,missing,missing,곡면·STL·공정 builder는 구체적인 사용 사례와 형상 검증이 있을 때 추가한다.
addsurface.coefficients,coefficients,P2,15,conditional,특수 CAD·제조 포맷,True,missing,missing,missing,곡면·STL·공정 builder는 구체적인 사용 사례와 형상 검증이 있을 때 추가한다.
addsurface.conic,conic,P2,15,conditional,특수 CAD·제조 포맷,True,missing,missing,missing,곡면·STL·공정 builder는 구체적인 사용 사례와 형상 검증이 있을 때 추가한다.
addsurface.conic constant,conic constant,P2,15,conditional,특수 CAD·제조 포맷,True,missing,missing,missing,곡면·STL·공정 builder는 구체적인 사용 사례와 형상 검증이 있을 때 추가한다.
addsurface.custom,custom,P2,15,conditional,특수 CAD·제조 포맷,True,missing,missing,missing,곡면·STL·공정 builder는 구체적인 사용 사례와 형상 검증이 있을 때 추가한다.
addsurface.detail,detail,P2,15,conditional,특수 CAD·제조 포맷,True,missing,missing,missing,곡면·STL·공정 builder는 구체적인 사용 사례와 형상 검증이 있을 때 추가한다.
addsurface.enabled,enabled,P2,15,conditional,특수 CAD·제조 포맷,True,missing,missing,missing,곡면·STL·공정 builder는 구체적인 사용 사례와 형상 검증이 있을 때 추가한다.
addsurface.equation,equation,P2,15,conditional,특수 CAD·제조 포맷,True,missing,missing,missing,곡면·STL·공정 builder는 구체적인 사용 사례와 형상 검증이 있을 때 추가한다.
addsurface.first axis,first axis,P2,15,conditional,특수 CAD·제조 포맷,True,missing,missing,missing,곡면·STL·공정 builder는 구체적인 사용 사례와 형상 검증이 있을 때 추가한다.
addsurface.grid attribute name,grid attribute name,P2,15,conditional,특수 CAD·제조 포맷,True,missing,missing,missing,곡면·STL·공정 builder는 구체적인 사용 사례와 형상 검증이 있을 때 추가한다.
addsurface.index,index,P2,15,conditional,특수 CAD·제조 포맷,True,missing,missing,missing,곡면·STL·공정 builder는 구체적인 사용 사례와 형상 검증이 있을 때 추가한다.
addsurface.index units,index units,P2,15,conditional,특수 CAD·제조 포맷,True,missing,missing,missing,곡면·STL·공정 builder는 구체적인 사용 사례와 형상 검증이 있을 때 추가한다.
addsurface.material,material,P2,15,conditional,특수 CAD·제조 포맷,True,missing,missing,missing,곡면·STL·공정 builder는 구체적인 사용 사례와 형상 검증이 있을 때 추가한다.
addsurface.material position,material position,P2,15,conditional,특수 CAD·제조 포맷,True,missing,missing,missing,곡면·STL·공정 builder는 구체적인 사용 사례와 형상 검증이 있을 때 추가한다.
addsurface.mesh order,mesh order,P2,15,conditional,특수 CAD·제조 포맷,True,missing,missing,missing,곡면·STL·공정 builder는 구체적인 사용 사례와 형상 검증이 있을 때 추가한다.
addsurface.name,name,P2,15,conditional,특수 CAD·제조 포맷,True,missing,missing,missing,곡면·STL·공정 builder는 구체적인 사용 사례와 형상 검증이 있을 때 추가한다.
addsurface.orientation,orientation,P2,15,conditional,특수 CAD·제조 포맷,True,missing,missing,missing,곡면·STL·공정 builder는 구체적인 사용 사례와 형상 검증이 있을 때 추가한다.
addsurface.override mesh order from material database,override mesh order from material database,P2,15,conditional,특수 CAD·제조 포맷,True,missing,missing,missing,곡면·STL·공정 builder는 구체적인 사용 사례와 형상 검증이 있을 때 추가한다.
addsurface.polynomial,polynomial,P2,15,conditional,특수 CAD·제조 포맷,True,missing,missing,missing,곡면·STL·공정 builder는 구체적인 사용 사례와 형상 검증이 있을 때 추가한다.
addsurface.radius of curvature,radius of curvature,P2,15,conditional,특수 CAD·제조 포맷,True,missing,missing,missing,곡면·STL·공정 builder는 구체적인 사용 사례와 형상 검증이 있을 때 추가한다.
addsurface.rotation 1,rotation 1,P2,15,conditional,특수 CAD·제조 포맷,True,missing,missing,missing,곡면·STL·공정 builder는 구체적인 사용 사례와 형상 검증이 있을 때 추가한다.
addsurface.rotation 2,rotation 2,P2,15,conditional,특수 CAD·제조 포맷,True,missing,missing,missing,곡면·STL·공정 builder는 구체적인 사용 사례와 형상 검증이 있을 때 추가한다.
addsurface.rotation 3,rotation 3,P2,15,conditional,특수 CAD·제조 포맷,True,missing,missing,missing,곡면·STL·공정 builder는 구체적인 사용 사례와 형상 검증이 있을 때 추가한다.
addsurface.second axis,second axis,P2,15,conditional,특수 CAD·제조 포맷,True,missing,missing,missing,곡면·STL·공정 builder는 구체적인 사용 사례와 형상 검증이 있을 때 추가한다.
addsurface.set mesh order from material database,set mesh order from material database,P2,15,conditional,특수 CAD·제조 포맷,True,missing,missing,missing,곡면·STL·공정 builder는 구체적인 사용 사례와 형상 검증이 있을 때 추가한다.
addsurface.set undefined terms to,set undefined terms to,P2,15,conditional,특수 CAD·제조 포맷,True,missing,missing,missing,곡면·STL·공정 builder는 구체적인 사용 사례와 형상 검증이 있을 때 추가한다.
addsurface.surface units,surface units,P2,15,conditional,특수 CAD·제조 포맷,True,missing,missing,missing,곡면·STL·공정 builder는 구체적인 사용 사례와 형상 검증이 있을 때 추가한다.
addsurface.third axis,third axis,P2,15,conditional,특수 CAD·제조 포맷,True,missing,missing,missing,곡면·STL·공정 builder는 구체적인 사용 사례와 형상 검증이 있을 때 추가한다.
addsurface.type,type,P2,15,conditional,특수 CAD·제조 포맷,True,missing,missing,missing,곡면·STL·공정 builder는 구체적인 사용 사례와 형상 검증이 있을 때 추가한다.
addsurface.u0,u0,P2,15,conditional,특수 CAD·제조 포맷,True,missing,missing,missing,곡면·STL·공정 builder는 구체적인 사용 사례와 형상 검증이 있을 때 추가한다.
addsurface.use relative coordinates,use relative coordinates,P2,15,conditional,특수 CAD·제조 포맷,True,missing,missing,missing,곡면·STL·공정 builder는 구체적인 사용 사례와 형상 검증이 있을 때 추가한다.
addsurface.v0,v0,P2,15,conditional,특수 CAD·제조 포맷,True,missing,missing,missing,곡면·STL·공정 builder는 구체적인 사용 사례와 형상 검증이 있을 때 추가한다.
addsurface.x,x,P2,15,conditional,특수 CAD·제조 포맷,True,missing,missing,missing,곡면·STL·공정 builder는 구체적인 사용 사례와 형상 검증이 있을 때 추가한다.
addsurface.x max,x max,P2,15,conditional,특수 CAD·제조 포맷,True,missing,missing,missing,곡면·STL·공정 builder는 구체적인 사용 사례와 형상 검증이 있을 때 추가한다.
addsurface.x min,x min,P2,15,conditional,특수 CAD·제조 포맷,True,missing,missing,missing,곡면·STL·공정 builder는 구체적인 사용 사례와 형상 검증이 있을 때 추가한다.
addsurface.x span,x span,P2,15,conditional,특수 CAD·제조 포맷,True,missing,missing,missing,곡면·STL·공정 builder는 구체적인 사용 사례와 형상 검증이 있을 때 추가한다.
addsurface.y,y,P2,15,conditional,특수 CAD·제조 포맷,True,missing,missing,missing,곡면·STL·공정 builder는 구체적인 사용 사례와 형상 검증이 있을 때 추가한다.
addsurface.y max,y max,P2,15,conditional,특수 CAD·제조 포맷,True,missing,missing,missing,곡면·STL·공정 builder는 구체적인 사용 사례와 형상 검증이 있을 때 추가한다.
addsurface.y min,y min,P2,15,conditional,특수 CAD·제조 포맷,True,missing,missing,missing,곡면·STL·공정 builder는 구체적인 사용 사례와 형상 검증이 있을 때 추가한다.
addsurface.y span,y span,P2,15,conditional,특수 CAD·제조 포맷,True,missing,missing,missing,곡면·STL·공정 builder는 구체적인 사용 사례와 형상 검증이 있을 때 추가한다.
addsurface.z,z,P2,15,conditional,특수 CAD·제조 포맷,True,missing,missing,missing,곡면·STL·공정 builder는 구체적인 사용 사례와 형상 검증이 있을 때 추가한다.
addsurface.z max,z max,P2,15,conditional,특수 CAD·제조 포맷,True,missing,missing,missing,곡면·STL·공정 builder는 구체적인 사용 사례와 형상 검증이 있을 때 추가한다.
addsurface.z min,z min,P2,15,conditional,특수 CAD·제조 포맷,True,missing,missing,missing,곡면·STL·공정 builder는 구체적인 사용 사례와 형상 검증이 있을 때 추가한다.
addsurface.z span,z span,P2,15,conditional,특수 CAD·제조 포맷,True,missing,missing,missing,곡면·STL·공정 builder는 구체적인 사용 사례와 형상 검증이 있을 때 추가한다.
addsurface.zero plane,zero plane,P2,15,conditional,특수 CAD·제조 포맷,True,missing,missing,missing,곡면·STL·공정 builder는 구체적인 사용 사례와 형상 검증이 있을 때 추가한다.
addwaveguide.alpha,alpha,P2,15,conditional,특수 CAD·제조 포맷,True,missing,missing,missing,곡면·STL·공정 builder는 구체적인 사용 사례와 형상 검증이 있을 때 추가한다.
addwaveguide.base angle,base angle,P2,15,conditional,특수 CAD·제조 포맷,True,missing,missing,missing,곡면·STL·공정 builder는 구체적인 사용 사례와 형상 검증이 있을 때 추가한다.
addwaveguide.base height,base height,P2,15,conditional,특수 CAD·제조 포맷,True,missing,missing,missing,곡면·STL·공정 builder는 구체적인 사용 사례와 형상 검증이 있을 때 추가한다.
addwaveguide.base width,base width,P2,15,conditional,특수 CAD·제조 포맷,True,missing,missing,missing,곡면·STL·공정 builder는 구체적인 사용 사례와 형상 검증이 있을 때 추가한다.
addwaveguide.detail,detail,P2,15,conditional,특수 CAD·제조 포맷,True,missing,missing,missing,곡면·STL·공정 builder는 구체적인 사용 사례와 형상 검증이 있을 때 추가한다.
addwaveguide.enabled,enabled,P2,15,conditional,특수 CAD·제조 포맷,True,missing,missing,missing,곡면·STL·공정 builder는 구체적인 사용 사례와 형상 검증이 있을 때 추가한다.
addwaveguide.first axis,first axis,P2,15,conditional,특수 CAD·제조 포맷,True,missing,missing,missing,곡면·STL·공정 builder는 구체적인 사용 사례와 형상 검증이 있을 때 추가한다.
addwaveguide.grid attribute name,grid attribute name,P2,15,conditional,특수 CAD·제조 포맷,True,missing,missing,missing,곡면·STL·공정 builder는 구체적인 사용 사례와 형상 검증이 있을 때 추가한다.
addwaveguide.index,index,P2,15,conditional,특수 CAD·제조 포맷,True,missing,missing,missing,곡면·STL·공정 builder는 구체적인 사용 사례와 형상 검증이 있을 때 추가한다.
addwaveguide.index units,index units,P2,15,conditional,특수 CAD·제조 포맷,True,missing,missing,missing,곡면·STL·공정 builder는 구체적인 사용 사례와 형상 검증이 있을 때 추가한다.
addwaveguide.material,material,P2,15,conditional,특수 CAD·제조 포맷,True,missing,missing,missing,곡면·STL·공정 builder는 구체적인 사용 사례와 형상 검증이 있을 때 추가한다.
addwaveguide.mesh deflection,mesh deflection,P2,15,conditional,특수 CAD·제조 포맷,True,missing,missing,missing,곡면·STL·공정 builder는 구체적인 사용 사례와 형상 검증이 있을 때 추가한다.
addwaveguide.mesh order,mesh order,P2,15,conditional,특수 CAD·제조 포맷,True,missing,missing,missing,곡면·STL·공정 builder는 구체적인 사용 사례와 형상 검증이 있을 때 추가한다.
addwaveguide.name,name,P2,15,conditional,특수 CAD·제조 포맷,True,missing,missing,missing,곡면·STL·공정 builder는 구체적인 사용 사례와 형상 검증이 있을 때 추가한다.
addwaveguide.override mesh order from material database,override mesh order from material database,P2,15,conditional,특수 CAD·제조 포맷,True,missing,missing,missing,곡면·STL·공정 builder는 구체적인 사용 사례와 형상 검증이 있을 때 추가한다.
addwaveguide.poles,poles,P2,15,conditional,특수 CAD·제조 포맷,True,missing,missing,missing,곡면·STL·공정 builder는 구체적인 사용 사례와 형상 검증이 있을 때 추가한다.
addwaveguide.rotation 1,rotation 1,P2,15,conditional,특수 CAD·제조 포맷,True,missing,missing,missing,곡면·STL·공정 builder는 구체적인 사용 사례와 형상 검증이 있을 때 추가한다.
addwaveguide.rotation 2,rotation 2,P2,15,conditional,특수 CAD·제조 포맷,True,missing,missing,missing,곡면·STL·공정 builder는 구체적인 사용 사례와 형상 검증이 있을 때 추가한다.
addwaveguide.rotation 3,rotation 3,P2,15,conditional,특수 CAD·제조 포맷,True,missing,missing,missing,곡면·STL·공정 builder는 구체적인 사용 사례와 형상 검증이 있을 때 추가한다.
addwaveguide.second axis,second axis,P2,15,conditional,특수 CAD·제조 포맷,True,missing,missing,missing,곡면·STL·공정 builder는 구체적인 사용 사례와 형상 검증이 있을 때 추가한다.
addwaveguide.set mesh order from material database,set mesh order from material database,P2,15,conditional,특수 CAD·제조 포맷,True,missing,missing,missing,곡면·STL·공정 builder는 구체적인 사용 사례와 형상 검증이 있을 때 추가한다.
addwaveguide.third axis,third axis,P2,15,conditional,특수 CAD·제조 포맷,True,missing,missing,missing,곡면·STL·공정 builder는 구체적인 사용 사례와 형상 검증이 있을 때 추가한다.
addwaveguide.type,type,P2,15,conditional,특수 CAD·제조 포맷,True,missing,missing,missing,곡면·STL·공정 builder는 구체적인 사용 사례와 형상 검증이 있을 때 추가한다.
addwaveguide.use relative coordinates,use relative coordinates,P2,15,conditional,특수 CAD·제조 포맷,True,missing,missing,missing,곡면·STL·공정 builder는 구체적인 사용 사례와 형상 검증이 있을 때 추가한다.
addwaveguide.x,x,P2,15,conditional,특수 CAD·제조 포맷,True,missing,missing,missing,곡면·STL·공정 builder는 구체적인 사용 사례와 형상 검증이 있을 때 추가한다.
addwaveguide.y,y,P2,15,conditional,특수 CAD·제조 포맷,True,missing,missing,missing,곡면·STL·공정 builder는 구체적인 사용 사례와 형상 검증이 있을 때 추가한다.
addwaveguide.z,z,P2,15,conditional,특수 CAD·제조 포맷,True,missing,missing,missing,곡면·STL·공정 builder는 구체적인 사용 사례와 형상 검증이 있을 때 추가한다.
cad.arc,부분 링·호,P2,15,conditional,특수 CAD·제조 포맷,False,implemented,implemented,implemented,곡면·STL·공정 builder는 구체적인 사용 사례와 형상 검증이 있을 때 추가한다.
cad.layer_builder,Layer builder,P2,15,conditional,특수 CAD·제조 포맷,True,missing,missing,missing,곡면·STL·공정 builder는 구체적인 사용 사례와 형상 검증이 있을 때 추가한다.
cad.path,곡선 waveguide path,P2,15,conditional,특수 CAD·제조 포맷,True,missing,missing,missing,곡면·STL·공정 builder는 구체적인 사용 사례와 형상 검증이 있을 때 추가한다.
cad.pyramid,피라미드·테이퍼,P2,15,conditional,특수 CAD·제조 포맷,True,missing,missing,missing,곡면·STL·공정 builder는 구체적인 사용 사례와 형상 검증이 있을 때 추가한다.
cad.roughness,표면 roughness,P2,15,conditional,특수 CAD·제조 포맷,True,missing,missing,missing,곡면·STL·공정 builder는 구체적인 사용 사례와 형상 검증이 있을 때 추가한다.
cad.sheet_geometry,2D sheet 구조,P2,15,conditional,특수 CAD·제조 포맷,True,missing,missing,missing,곡면·STL·공정 builder는 구체적인 사용 사례와 형상 검증이 있을 때 추가한다.
cad.solid,Planar solid,P2,15,conditional,특수 CAD·제조 포맷,True,missing,missing,missing,곡면·STL·공정 builder는 구체적인 사용 사례와 형상 검증이 있을 때 추가한다.
cad.stl,STL,P2,15,conditional,특수 CAD·제조 포맷,True,missing,missing,missing,곡면·STL·공정 builder는 구체적인 사용 사례와 형상 검증이 있을 때 추가한다.
cad.surface,표면·custom equation,P2,15,conditional,특수 CAD·제조 포맷,True,missing,missing,missing,곡면·STL·공정 builder는 구체적인 사용 사례와 형상 검증이 있을 때 추가한다.
mesh.subgrid,동적 adaptation·subgrid,P2,15,conditional,특수 CAD·제조 포맷,True,missing,missing,missing,곡면·STL·공정 builder는 구체적인 사용 사례와 형상 검증이 있을 때 추가한다.
workflow.fsp_results,FSP 결과·history 보존,P2,16,conditional,FSP 추가 호환,True,missing,missing,missing,기존 연구 프로젝트 이전에 필요한 형식부터 검증한다. 모든 과거 버전·내부 결과 형식의 완전 재현은 필수 구현에 앞서 진행하지 않는다.
workflow.fsp_versions,다른 FSP 버전,P2,16,conditional,FSP 추가 호환,True,missing,missing,missing,기존 연구 프로젝트 이전에 필요한 형식부터 검증한다. 모든 과거 버전·내부 결과 형식의 완전 재현은 필수 구현에 앞서 진행하지 않는다.
workflow.fsp_write,독립 FSP 전체 저장,P2,16,conditional,FSP 추가 호환,True,partial,partial,partial,기존 연구 프로젝트 이전에 필요한 형식부터 검증한다. 모든 과거 버전·내부 결과 형식의 완전 재현은 필수 구현에 앞서 진행하지 않는다.
addfdtd.express mode,express mode,P3,17,omit,제품별 내부 구현의 복제,True,missing,missing,missing,전용 스크립트 언어 전체와 제품 고유 내부 알고리즘의 동일 구현은 필요하지 않다. 필요한 FSP 작업 이전은 별도로 유지한다.
addfdtd.mesh accuracy,mesh accuracy,P3,17,omit,제품별 내부 구현의 복제,True,missing,missing,missing,전용 스크립트 언어 전체와 제품 고유 내부 알고리즘의 동일 구현은 필요하지 않다. 필요한 FSP 작업 이전은 별도로 유지한다.
addfdtd.use legacy conformal interface detection,use legacy conformal interface detection,P3,17,omit,제품별 내부 구현의 복제,True,missing,missing,missing,전용 스크립트 언어 전체와 제품 고유 내부 알고리즘의 동일 구현은 필요하지 않다. 필요한 FSP 작업 이전은 별도로 유지한다.
boundary.vendor_pml,Vendor PML profile·autoscale,P3,17,omit,제품별 내부 구현의 복제,True,missing,missing,missing,전용 스크립트 언어 전체와 제품 고유 내부 알고리즘의 동일 구현은 필요하지 않다. 필요한 FSP 작업 이전은 별도로 유지한다.
material.library,상용 재료 DB의 동일 복제,P3,17,omit,제품별 내부 구현의 복제,True,missing,missing,missing,전용 스크립트 언어 전체와 제품 고유 내부 알고리즘의 동일 구현은 필요하지 않다. 필요한 FSP 작업 이전은 별도로 유지한다.
mesh.auto_accuracy,재료·파장 기반 mesh accuracy 1–8,P3,17,omit,제품별 내부 구현의 복제,True,missing,missing,missing,전용 스크립트 언어 전체와 제품 고유 내부 알고리즘의 동일 구현은 필요하지 않다. 필요한 FSP 작업 이전은 별도로 유지한다.
mesh.conformal,Conformal CMT 변형,P3,17,omit,제품별 내부 구현의 복제,True,missing,missing,missing,전용 스크립트 언어 전체와 제품 고유 내부 알고리즘의 동일 구현은 필요하지 않다. 필요한 FSP 작업 이전은 별도로 유지한다.
workflow.library,Object/analysis library,P3,17,omit,제품별 내부 구현의 복제,True,missing,missing,missing,전용 스크립트 언어 전체와 제품 고유 내부 알고리즘의 동일 구현은 필요하지 않다. 필요한 FSP 작업 이전은 별도로 유지한다.
workflow.script,전체 LSF·script workspace,P3,17,omit,제품별 내부 구현의 복제,True,missing,missing,missing,전용 스크립트 언어 전체와 제품 고유 내부 알고리즘의 동일 구현은 필요하지 않다. 필요한 FSP 작업 이전은 별도로 유지한다.
add2dpoly.color opacity,color opacity,P3,18,omit,세부 표시 옵션의 일대일 복제,True,missing,missing,missing,계산과 결과 해석에 영향 없는 표시 속성은 동일하게 복제할 필요가 없다.
add2dpoly.override color opacity from material database,override color opacity from material database,P3,18,omit,세부 표시 옵션의 일대일 복제,True,missing,missing,missing,계산과 결과 해석에 영향 없는 표시 속성은 동일하게 복제할 필요가 없다.
add2dpoly.render type,render type,P3,18,omit,세부 표시 옵션의 일대일 복제,True,missing,missing,missing,계산과 결과 해석에 영향 없는 표시 속성은 동일하게 복제할 필요가 없다.
add2dpoly.set color opacity from material database,set color opacity from material database,P3,18,omit,세부 표시 옵션의 일대일 복제,True,missing,missing,missing,계산과 결과 해석에 영향 없는 표시 속성은 동일하게 복제할 필요가 없다.
add2drect.color opacity,color opacity,P3,18,omit,세부 표시 옵션의 일대일 복제,True,missing,missing,missing,계산과 결과 해석에 영향 없는 표시 속성은 동일하게 복제할 필요가 없다.
add2drect.override color opacity from material database,override color opacity from material database,P3,18,omit,세부 표시 옵션의 일대일 복제,True,missing,missing,missing,계산과 결과 해석에 영향 없는 표시 속성은 동일하게 복제할 필요가 없다.
add2drect.render type,render type,P3,18,omit,세부 표시 옵션의 일대일 복제,True,missing,missing,missing,계산과 결과 해석에 영향 없는 표시 속성은 동일하게 복제할 필요가 없다.
add2drect.set color opacity from material database,set color opacity from material database,P3,18,omit,세부 표시 옵션의 일대일 복제,True,missing,missing,missing,계산과 결과 해석에 영향 없는 표시 속성은 동일하게 복제할 필요가 없다.
addcircle.color opacity,color opacity,P3,18,omit,세부 표시 옵션의 일대일 복제,True,missing,missing,missing,계산과 결과 해석에 영향 없는 표시 속성은 동일하게 복제할 필요가 없다.
addcircle.override color opacity from material database,override color opacity from material database,P3,18,omit,세부 표시 옵션의 일대일 복제,True,missing,missing,missing,계산과 결과 해석에 영향 없는 표시 속성은 동일하게 복제할 필요가 없다.
addcircle.render type,render type,P3,18,omit,세부 표시 옵션의 일대일 복제,True,missing,missing,missing,계산과 결과 해석에 영향 없는 표시 속성은 동일하게 복제할 필요가 없다.
addcircle.set color opacity from material database,set color opacity from material database,P3,18,omit,세부 표시 옵션의 일대일 복제,True,missing,missing,missing,계산과 결과 해석에 영향 없는 표시 속성은 동일하게 복제할 필요가 없다.
addcustom.color opacity,color opacity,P3,18,omit,세부 표시 옵션의 일대일 복제,True,missing,missing,missing,계산과 결과 해석에 영향 없는 표시 속성은 동일하게 복제할 필요가 없다.
addcustom.override color opacity from material database,override color opacity from material database,P3,18,omit,세부 표시 옵션의 일대일 복제,True,missing,missing,missing,계산과 결과 해석에 영향 없는 표시 속성은 동일하게 복제할 필요가 없다.
addcustom.render type,render type,P3,18,omit,세부 표시 옵션의 일대일 복제,True,missing,missing,missing,계산과 결과 해석에 영향 없는 표시 속성은 동일하게 복제할 필요가 없다.
addcustom.set color opacity from material database,set color opacity from material database,P3,18,omit,세부 표시 옵션의 일대일 복제,True,missing,missing,missing,계산과 결과 해석에 영향 없는 표시 속성은 동일하게 복제할 필요가 없다.
addimport.color opacity,color opacity,P3,18,omit,세부 표시 옵션의 일대일 복제,True,missing,missing,missing,계산과 결과 해석에 영향 없는 표시 속성은 동일하게 복제할 필요가 없다.
addimport.override color opacity from material database,override color opacity from material database,P3,18,omit,세부 표시 옵션의 일대일 복제,True,missing,missing,missing,계산과 결과 해석에 영향 없는 표시 속성은 동일하게 복제할 필요가 없다.
addimport.render type,render type,P3,18,omit,세부 표시 옵션의 일대일 복제,True,missing,missing,missing,계산과 결과 해석에 영향 없는 표시 속성은 동일하게 복제할 필요가 없다.
addimport.set color opacity from material database,set color opacity from material database,P3,18,omit,세부 표시 옵션의 일대일 복제,True,missing,missing,missing,계산과 결과 해석에 영향 없는 표시 속성은 동일하게 복제할 필요가 없다.
addplanarsolid.color opacity,color opacity,P3,18,omit,세부 표시 옵션의 일대일 복제,True,missing,missing,missing,계산과 결과 해석에 영향 없는 표시 속성은 동일하게 복제할 필요가 없다.
addplanarsolid.override color opacity from material database,override color opacity from material database,P3,18,omit,세부 표시 옵션의 일대일 복제,True,missing,missing,missing,계산과 결과 해석에 영향 없는 표시 속성은 동일하게 복제할 필요가 없다.
addplanarsolid.render type,render type,P3,18,omit,세부 표시 옵션의 일대일 복제,True,missing,missing,missing,계산과 결과 해석에 영향 없는 표시 속성은 동일하게 복제할 필요가 없다.
addplanarsolid.set color opacity from material database,set color opacity from material database,P3,18,omit,세부 표시 옵션의 일대일 복제,True,missing,missing,missing,계산과 결과 해석에 영향 없는 표시 속성은 동일하게 복제할 필요가 없다.
addpoly.color opacity,color opacity,P3,18,omit,세부 표시 옵션의 일대일 복제,True,missing,missing,missing,계산과 결과 해석에 영향 없는 표시 속성은 동일하게 복제할 필요가 없다.
addpoly.override color opacity from material database,override color opacity from material database,P3,18,omit,세부 표시 옵션의 일대일 복제,True,missing,missing,missing,계산과 결과 해석에 영향 없는 표시 속성은 동일하게 복제할 필요가 없다.
addpoly.render type,render type,P3,18,omit,세부 표시 옵션의 일대일 복제,True,missing,missing,missing,계산과 결과 해석에 영향 없는 표시 속성은 동일하게 복제할 필요가 없다.
addpoly.set color opacity from material database,set color opacity from material database,P3,18,omit,세부 표시 옵션의 일대일 복제,True,missing,missing,missing,계산과 결과 해석에 영향 없는 표시 속성은 동일하게 복제할 필요가 없다.
addpyramid.color opacity,color opacity,P3,18,omit,세부 표시 옵션의 일대일 복제,True,missing,missing,missing,계산과 결과 해석에 영향 없는 표시 속성은 동일하게 복제할 필요가 없다.
addpyramid.override color opacity from material database,override color opacity from material database,P3,18,omit,세부 표시 옵션의 일대일 복제,True,missing,missing,missing,계산과 결과 해석에 영향 없는 표시 속성은 동일하게 복제할 필요가 없다.
addpyramid.render type,render type,P3,18,omit,세부 표시 옵션의 일대일 복제,True,missing,missing,missing,계산과 결과 해석에 영향 없는 표시 속성은 동일하게 복제할 필요가 없다.
addpyramid.set color opacity from material database,set color opacity from material database,P3,18,omit,세부 표시 옵션의 일대일 복제,True,missing,missing,missing,계산과 결과 해석에 영향 없는 표시 속성은 동일하게 복제할 필요가 없다.
addrect.color opacity,color opacity,P3,18,omit,세부 표시 옵션의 일대일 복제,True,missing,missing,missing,계산과 결과 해석에 영향 없는 표시 속성은 동일하게 복제할 필요가 없다.
addrect.override color opacity from material database,override color opacity from material database,P3,18,omit,세부 표시 옵션의 일대일 복제,True,missing,missing,missing,계산과 결과 해석에 영향 없는 표시 속성은 동일하게 복제할 필요가 없다.
addrect.render type,render type,P3,18,omit,세부 표시 옵션의 일대일 복제,True,missing,missing,missing,계산과 결과 해석에 영향 없는 표시 속성은 동일하게 복제할 필요가 없다.
addrect.set color opacity from material database,set color opacity from material database,P3,18,omit,세부 표시 옵션의 일대일 복제,True,missing,missing,missing,계산과 결과 해석에 영향 없는 표시 속성은 동일하게 복제할 필요가 없다.
addring.color opacity,color opacity,P3,18,omit,세부 표시 옵션의 일대일 복제,True,missing,missing,missing,계산과 결과 해석에 영향 없는 표시 속성은 동일하게 복제할 필요가 없다.
addring.override color opacity from material database,override color opacity from material database,P3,18,omit,세부 표시 옵션의 일대일 복제,True,missing,missing,missing,계산과 결과 해석에 영향 없는 표시 속성은 동일하게 복제할 필요가 없다.
addring.render type,render type,P3,18,omit,세부 표시 옵션의 일대일 복제,True,missing,missing,missing,계산과 결과 해석에 영향 없는 표시 속성은 동일하게 복제할 필요가 없다.
addring.set color opacity from material database,set color opacity from material database,P3,18,omit,세부 표시 옵션의 일대일 복제,True,missing,missing,missing,계산과 결과 해석에 영향 없는 표시 속성은 동일하게 복제할 필요가 없다.
addsphere.color opacity,color opacity,P3,18,omit,세부 표시 옵션의 일대일 복제,True,missing,missing,missing,계산과 결과 해석에 영향 없는 표시 속성은 동일하게 복제할 필요가 없다.
addsphere.override color opacity from material database,override color opacity from material database,P3,18,omit,세부 표시 옵션의 일대일 복제,True,missing,missing,missing,계산과 결과 해석에 영향 없는 표시 속성은 동일하게 복제할 필요가 없다.
addsphere.render type,render type,P3,18,omit,세부 표시 옵션의 일대일 복제,True,missing,missing,missing,계산과 결과 해석에 영향 없는 표시 속성은 동일하게 복제할 필요가 없다.
addsphere.set color opacity from material database,set color opacity from material database,P3,18,omit,세부 표시 옵션의 일대일 복제,True,missing,missing,missing,계산과 결과 해석에 영향 없는 표시 속성은 동일하게 복제할 필요가 없다.
addsurface.color opacity,color opacity,P3,18,omit,세부 표시 옵션의 일대일 복제,True,missing,missing,missing,계산과 결과 해석에 영향 없는 표시 속성은 동일하게 복제할 필요가 없다.
addsurface.override color opacity from material database,override color opacity from material database,P3,18,omit,세부 표시 옵션의 일대일 복제,True,missing,missing,missing,계산과 결과 해석에 영향 없는 표시 속성은 동일하게 복제할 필요가 없다.
addsurface.render type,render type,P3,18,omit,세부 표시 옵션의 일대일 복제,True,missing,missing,missing,계산과 결과 해석에 영향 없는 표시 속성은 동일하게 복제할 필요가 없다.
addsurface.set color opacity from material database,set color opacity from material database,P3,18,omit,세부 표시 옵션의 일대일 복제,True,missing,missing,missing,계산과 결과 해석에 영향 없는 표시 속성은 동일하게 복제할 필요가 없다.
addtriangle.color opacity,color opacity,P3,18,omit,세부 표시 옵션의 일대일 복제,True,missing,missing,missing,계산과 결과 해석에 영향 없는 표시 속성은 동일하게 복제할 필요가 없다.
addtriangle.override color opacity from material database,override color opacity from material database,P3,18,omit,세부 표시 옵션의 일대일 복제,True,missing,missing,missing,계산과 결과 해석에 영향 없는 표시 속성은 동일하게 복제할 필요가 없다.
addtriangle.render type,render type,P3,18,omit,세부 표시 옵션의 일대일 복제,True,missing,missing,missing,계산과 결과 해석에 영향 없는 표시 속성은 동일하게 복제할 필요가 없다.
addtriangle.set color opacity from material database,set color opacity from material database,P3,18,omit,세부 표시 옵션의 일대일 복제,True,missing,missing,missing,계산과 결과 해석에 영향 없는 표시 속성은 동일하게 복제할 필요가 없다.
addwaveguide.color opacity,color opacity,P3,18,omit,세부 표시 옵션의 일대일 복제,True,missing,missing,missing,계산과 결과 해석에 영향 없는 표시 속성은 동일하게 복제할 필요가 없다.
addwaveguide.override color opacity from material database,override color opacity from material database,P3,18,omit,세부 표시 옵션의 일대일 복제,True,missing,missing,missing,계산과 결과 해석에 영향 없는 표시 속성은 동일하게 복제할 필요가 없다.
addwaveguide.render type,render type,P3,18,omit,세부 표시 옵션의 일대일 복제,True,missing,missing,missing,계산과 결과 해석에 영향 없는 표시 속성은 동일하게 복제할 필요가 없다.
addwaveguide.set color opacity from material database,set color opacity from material database,P3,18,omit,세부 표시 옵션의 일대일 복제,True,missing,missing,missing,계산과 결과 해석에 영향 없는 표시 속성은 동일하게 복제할 필요가 없다.
